user_id,category,month,amount
U001,Education,2022-02,5881.0
U001,Education,2024-12,252.0
U001,Entertainment,2021-10,18968.0
U001,Entertainment,2021-12,5385.0
U001,Entertainment,2023-06,524.0
U001,Food,2021-01,4178.0
U001,Food,2023-02,3885.0
U001,Food,2023-08,7321.0
U001,Food,2023-11,4839.0
U001,Food,2024-04,7814.0
U001,Foods,2024-02,4103.0
U001,Foods,2024-05,1413.0
U001,Housing,2021-01,679.0
U001,Housing,2022-07,17529.0
U001,Housing,2022-10,3926.0
U001,Housing,2023-12,2100.0
U001,Housing,2024-11,36001.0
U001,Others,2022-10,9440.0
U001,Rentt,2023-11,34793.0
U001,Shopping,2021-01,1594.94
U001,Shopping,2021-10,8829.78
U001,Shopping,2021-12,3618.95
U001,Shopping,2022-10,1516.23
U001,Shopping,2023-02,1000.08
U001,Shopping,2023-06,500.0
U001,Shopping,2023-08,2433.61
U001,Shopping,2023-11,1543.64
U001,Shopping,2024-04,2916.52
U001,Transportation,2022-05,8157.0
U001,Transportation,2024-05,8174.0
U002,Bills,2024-10,5727.0
U002,Education,2021-06,999999999.0
U002,Educaton,2024-06,3150.0
U002,Food,2021-09,1012.0
U002,Food,2022-01,4750.0
U002,Foodd,2022-11,4312.0
U002,Foodd,2023-05,4359.0
U002,Foods,2023-11,3203.0
U002,Health,2022-12,5150.0
U002,Helth,2021-11,8193.0
U002,Helth,2024-09,9538.0
U002,Housing,2022-01,5654.0
U002,Housing,2023-08,0.0
U002,Saving,2024-04,1443.0
U002,Savings,2022-05,8005.0
U002,Shopping,2021-09,500.0
U002,Shopping,2022-01,1972.28
U002,Shopping,2024-10,500.0
U002,Transportation,2021-03,6785.0
U002,Transportation,2024-09,7550.0
U002,Traval,2022-02,1735.0
U002,Utilties,2022-06,9771.0
U002,Utlities,2024-09,5919.0
U003,Bills,2024-05,7693.0
U003,Education,2024-09,1818.0
U003,Entertainment,2022-12,3946.0
U003,Entertainment,2024-05,1006.0
U003,Entrtnmnt,2023-01,7824.0
U003,Fod,2022-04,8157.0
U003,Fod,2023-03,7880.0
U003,Fod,2024-09,6002.0
U003,Food,2021-06,8374.0
U003,Food,2022-06,1258.0
U003,Food,2023-06,8751.0
U003,Food,2024-03,291.0
U003,Food,2024-05,1495.0
U003,Food,2024-10,6437.0
U003,Food,2024-12,7717.0
U003,Foods,2021-06,3829.0
U003,Foods,2021-12,169.0
U003,Helth,2023-03,5749.0
U003,Housing,2022-03,5996.0
U003,Housing,2023-03,1974.0
U003,Housing,2023-05,2278.0
U003,Housing,2023-08,1000000986.0
U003,Savings,2023-07,9682.0
U003,Shopping,2021-06,2961.86
U003,Shopping,2022-06,519.71
U003,Shopping,2022-12,2544.7
U003,Shopping,2023-06,2641.75
U003,Shopping,2024-03,500.0
U003,Shopping,2024-05,1263.06
U003,Shopping,2024-10,2391.58
U003,Shopping,2024-12,2679.37
U003,Traval,2024-07,134.0
U003,Travl,2024-06,3144.0
U003,Utility,2022-10,2121.0
U003,Utilties,2023-03,9361.0
U003,Utlities,2024-01,3397.0
U004,Bills,2023-12,2970.0
U004,Education,2024-04,2511.0
U004,Entertainment,2022-11,999999999.0
U004,Entertainment,2024-10,8765.0
U004,Fod,2021-11,5795.0
U004,Fod,2023-11,8926.0
U004,Food,2021-09,1044.0
U004,Food,2022-02,3122.0
U004,Food,2022-05,5439.0
U004,Food,2023-02,2759.0
U004,Food,2024-07,3986.0
U004,Food,2024-09,2508.0
U004,Foods,2024-03,4616.0
U004,Foods,2024-11,4648.0
U004,Health,2023-12,8648.0
U004,Housing,2021-06,37667.0
U004,Housing,2023-04,1765.0
U004,Housing,2024-03,7649.0
U004,Housing,2024-04,9966.0
U004,Rentt,2021-06,23537.0
U004,Rentt,2023-05,24628.0
U004,Rnt,2023-05,1034.0
U004,Shopping,2021-09,500.0
U004,Shopping,2022-02,1041.11
U004,Shopping,2022-05,2367.06
U004,Shopping,2022-11,18000.0
U004,Shopping,2023-02,961.79
U004,Shopping,2023-12,500.0
U004,Shopping,2024-07,1453.36
U004,Shopping,2024-09,854.8
U004,Shopping,2024-10,5217.87
U004,Transportation,2021-02,2391.0
U004,Transportation,2022-04,4005.0
U004,Transportation,2022-08,7668.0
U004,Transportation,2023-02,4330.0
U004,Transportation,2024-03,7119.0
U004,Traval,2022-10,1547.0
U004,Traval,2023-09,5649.0
U004,Traval,2024-09,15086.0
U004,Traval,2024-10,4701.0
U004,Travl,2022-01,7667.0
U004,Utility,2021-08,8704.0
U004,Utility,2023-02,3006.0
U004,Utlities,2022-12,4890.0
U005,Education,2024-06,5749.0
U005,Education,2024-10,17261.0
U005,Entertainment,2024-03,1364.0
U005,Entrtnmnt,2023-07,4279.0
U005,Entrtnmnt,2024-11,1754.0
U005,Food,2021-02,7406.0
U005,Food,2022-03,9852.0
U005,Food,2022-05,7238.0
U005,Foodd,2022-07,2059.0
U005,Foods,2021-06,2374.0
U005,Health,2021-03,7366.0
U005,Rnt,2021-01,7762.0
U005,Shopping,2021-02,2962.74
U005,Shopping,2022-03,5000.15
U005,Shopping,2022-05,2463.31
U005,Shopping,2024-03,811.43
U005,Transportation,2022-11,8001.0
U005,Transportation,2023-08,9875.0
U005,Traval,2023-11,500.0
U005,Utility,2022-09,4698.0
U006,Bills,2023-12,140.0
U006,Bills,2024-04,3965.0
U006,Education,2024-05,4208.0
U006,Entertainment,2021-12,1597.0
U006,Entertainment,2023-02,5721.0
U006,Entrtnmnt,2023-08,8886.0
U006,Fod,2021-04,1520.0
U006,Fod,2024-01,2415.0
U006,Food,2024-08,1077.0
U006,Foodd,2021-10,2017.0
U006,Health,2024-09,6823.0
U006,Housing,2023-12,6471.0
U006,Housing,2024-05,7495.0
U006,Housing,2024-09,4020.0
U006,Others,2024-07,7394.0
U006,Rentt,2024-03,32666.0
U006,Savings,2022-07,2971.0
U006,Shopping,2021-12,833.44
U006,Shopping,2023-02,4032.16
U006,Shopping,2023-12,500.0
U006,Shopping,2024-04,500.0
U006,Shopping,2024-07,921.61
U006,Shopping,2024-08,500.0
U006,Transportation,2023-01,7548.0
U006,Transportation,2023-02,6769.0
U006,Travl,2022-07,9794.0
U006,Utility,2023-12,5789.0
U006,Utility,2024-05,1531.0
U007,Bills,2022-01,2493.0
U007,Bills,2024-06,982.0
U007,Education,2022-06,7222.0
U007,Entertainment,2021-03,3219.0
U007,Entertainment,2022-04,1380.0
U007,Entertainment,2022-11,2788.0
U007,Entrtnmnt,2022-12,9871.0
U007,Food,2021-08,5005.0
U007,Food,2023-09,1491.0
U007,Food,2024-08,9722.0
U007,Food,2024-10,3826.0
U007,Foods,2022-12,4873.0
U007,Health,2021-07,13392.0
U007,Rentt,2021-10,40706.0
U007,Rentt,2023-05,36864.0
U007,Rentt,2023-08,31837.0
U007,Rnt,2022-11,100.0
U007,Savings,2021-03,7004.0
U007,Shopping,2021-03,2303.04
U007,Shopping,2021-08,1824.27
U007,Shopping,2022-01,500.0
U007,Shopping,2022-04,791.09
U007,Shopping,2022-11,1665.54
U007,Shopping,2023-09,500.0
U007,Shopping,2024-06,500.0
U007,Shopping,2024-08,3608.52
U007,Shopping,2024-10,1290.91
U007,Transportation,2021-12,224.0
U007,Transportation,2024-01,3307.0
U007,Transportation,2024-02,2061.0
U007,Transportation,2024-05,9916.0
U007,Traval,2021-02,6664.0
U007,Traval,2022-10,4042.0
U007,Travl,2024-10,4973.0
U007,Utilties,2022-01,711.0
U008,Education,2024-09,9264.0
U008,Entertainment,2023-11,2264.0
U008,Food,2022-09,2120.0
U008,Food,2024-02,2814.0
U008,Food,2024-03,7929.0
U008,Foodd,2021-09,1222.0
U008,Housing,2021-03,4013.0
U008,Housing,2023-03,36978.0
U008,Housing,2023-10,15177.0
U008,Other,2023-03,3989.0
U008,Other,2023-08,6281.0
U008,Rnt,2021-08,8813.0
U008,Rnt,2023-10,500.0
U008,Shopping,2022-09,756.79
U008,Shopping,2023-11,1318.16
U008,Shopping,2024-02,1101.85
U008,Shopping,2024-03,3299.89
U008,Transportation,2024-06,2092.0
U008,Traval,2022-10,4320.0
U008,Traval,2023-04,8630.0
U009,Educaton,2024-01,5425.0
U009,Entertainment,2021-02,4085.0
U009,Entertainment,2024-12,8056.0
U009,Fod,2021-05,5934.0
U009,Fod,2022-10,1687.0
U009,Food,2024-08,6031.0
U009,Foodd,2023-07,1751.0
U009,Foods,2022-09,1193.0
U009,Health,2024-05,2721.0
U009,Helth,2022-09,5237.0
U009,Housing,2021-06,40318.0
U009,Housing,2023-04,48330.0
U009,Housing,2023-06,145.0
U009,Housing,2023-10,7602.0
U009,Housing,2023-12,7945.0
U009,Housing,2024-07,1846.0
U009,Housing,2024-11,5534.0
U009,Others,2022-09,597.0
U009,Rentt,2022-07,40813.0
U009,Rentt,2023-05,6358.0
U009,Rentt,2023-07,13682.0
U009,Rnt,2023-01,4039.0
U009,Rnt,2024-04,3700.0
U009,Rnt,2024-11,7801.0
U009,Shopping,2021-02,2009.78
U009,Shopping,2022-09,500.0
U009,Shopping,2024-08,1816.75
U009,Shopping,2024-12,4339.51
U009,Transportation,2021-08,6831.0
U009,Transportation,2022-03,1745.0
U009,Travl,2023-12,3790.0
U009,Travl,2024-06,1680.0
U009,Utility,2024-12,7937.0
U009,Utlities,2021-07,3209.0
U010,Bills,2022-09,6772.0
U010,Bills,2024-01,1426.0
U010,Education,2021-09,5811.0
U010,Education,2022-08,8250.0
U010,Fod,2023-10,555.0
U010,Fod,2024-09,540.0
U010,Food,2023-01,5470.0
U010,Food,2024-04,2704.0
U010,Food,2024-05,8293.0
U010,Foodd,2022-07,4960.0
U010,Foods,2023-06,324.0
U010,Housing,2023-11,24749.0
U010,Housing,2024-06,49647.0
U010,Housing,2024-07,1566.0
U010,Rentt,2021-01,27805.0
U010,Rnt,2023-08,1996.0
U010,Rnt,2024-06,4380.0
U010,Savings,2022-07,791.0
U010,Shopping,2022-09,500.0
U010,Shopping,2023-01,2467.33
U010,Shopping,2024-01,500.0
U010,Shopping,2024-04,1168.75
U010,Shopping,2024-05,2205.85
U010,Transportation,2023-09,4836.0
U010,Utility,2021-07,2758.0
U010,Utlities,2023-01,8132.0
U011,Bills,2021-04,4890.0
U011,Education,2021-08,8223.0
U011,Education,2024-04,1588.0
U011,Entertainment,2023-05,9289.0
U011,Entrtnmnt,2021-02,4995.0
U011,Entrtnmnt,2024-03,8617.0
U011,Fod,2023-10,4311.0
U011,Food,2022-02,500.0
U011,Foods,2021-02,995.0
U011,Foods,2022-03,1844.0
U011,Foods,2023-11,1199.0
U011,Health,2023-11,5284.0
U011,Health,2024-03,6536.0
U011,Health,2024-07,4811.0
U011,Housing,2021-02,6658.0
U011,Housing,2021-05,7037.0
U011,Housing,2021-09,500.0
U011,Housing,2022-10,5720.0
U011,Housing,2024-09,327.0
U011,Housing,2024-11,2728.0
U011,Rentt,2024-08,23463.0
U011,Rnt,2021-04,9386.0
U011,Shopping,2021-04,500.0
U011,Shopping,2022-02,500.0
U011,Shopping,2023-05,6340.01
U011,Transportation,2023-09,0.0
U011,Traval,2023-08,9767.0
U011,Utilties,2022-12,6313.0
U012,Bills,2023-04,1675.0
U012,Entertainment,2022-09,3512.0
U012,Entrtnmnt,2022-04,8897.0
U012,Fod,2023-10,846.0
U012,Food,2021-01,5056.0
U012,Food,2021-07,1504.0
U012,Food,2024-06,1363.0
U012,Food,2024-10,779.0
U012,Foodd,2021-07,3820.0
U012,Foodd,2021-09,2114.0
U012,Foodd,2024-11,4640.0
U012,Housing,2023-01,1130.0
U012,Housing,2023-07,4750.0
U012,Rentt,2023-07,44154.0
U012,Savings,2022-02,8301.0
U012,Shopping,2021-01,2049.81
U012,Shopping,2021-07,569.49
U012,Shopping,2022-09,1830.46
U012,Shopping,2023-04,500.0
U012,Shopping,2024-06,542.54
U012,Shopping,2024-10,500.0
U012,Transportation,2023-05,8914.0
U012,Transportation,2023-06,3525.0
U012,Transportation,2023-08,4073.0
U012,Utility,2024-04,3227.0
U012,Utility,2024-12,1152.0
U013,Education,2021-04,2819.0
U013,Education,2024-06,4136.0
U013,Entertainment,2022-05,999999999.0
U013,Entertainment,2022-07,8242.0
U013,Entertainment,2023-01,5020.0
U013,Entertainment,2024-02,6798.0
U013,Entertainment,2024-04,7038.0
U013,Food,2021-05,9422.0
U013,Food,2021-09,2966.0
U013,Foods,2022-03,2845.0
U013,Foods,2023-11,4324.0
U013,Health,2024-03,4447.0
U013,Housing,2023-07,4489.0
U013,Housing,2023-10,367.0
U013,Housing,2024-04,778.0
U013,Housing,2024-12,9356.0
U013,Other,2023-03,7626.0
U013,Rnt,2021-10,2310.0
U013,Rnt,2022-05,9199.0
U013,Saving,2023-05,6271.0
U013,Savings,2024-12,7661.0
U013,Shopping,2021-05,2729.59
U013,Shopping,2021-09,781.88
U013,Shopping,2022-05,18000.0
U013,Shopping,2022-07,5125.03
U013,Shopping,2023-01,3203.86
U013,Shopping,2024-02,4843.22
U013,Shopping,2024-04,4206.69
U013,Transportation,2021-08,3959.0
U013,Transportation,2024-03,1295.0
U013,Transportation,2024-04,312.0
U013,Travl,2022-09,2440.0
U013,Utility,2024-10,4778.0
U014,Bills,2022-11,9262.0
U014,Educaton,2021-04,409.0
U014,Entertainment,2022-02,4213.0
U014,Entertainment,2022-06,314.0
U014,Food,2022-03,2828.0
U014,Foods,2021-05,1226.0
U014,Health,2023-10,6619.0
U014,Housing,2023-01,8863.0
U014,Housing,2023-08,8035.0
U014,Housing,2023-09,36134.0
U014,Housing,2024-01,4278.0
U014,Others,2021-08,6356.0
U014,Rentt,2022-01,45085.0
U014,Rnt,2024-10,9348.0
U014,Savings,2022-03,3176.0
U014,Shopping,2021-08,909.86
U014,Shopping,2022-02,2973.48
U014,Shopping,2022-03,1016.07
U014,Shopping,2022-06,500.0
U014,Shopping,2022-11,500.0
U014,Transportation,2022-01,3625.0
U014,Transportation,2023-10,5157.0
U014,Transportation,2024-11,707.0
U014,Traval,2023-09,6574.0
U014,Travl,2021-07,6328.0
U014,Utilties,2023-10,4292.0
U014,Utlities,2024-12,9238.0
U015,Bills,2024-06,5394.0
U015,Education,2024-08,9748.0
U015,Entertainment,2021-08,3643.0
U015,Entertainment,2021-10,7185.0
U015,Entertainment,2023-12,9428.0
U015,Entrtnmnt,2022-01,6311.0
U015,Food,2024-04,5990.0
U015,Foodd,2022-06,1506.0
U015,Foods,2023-12,4299.0
U015,Health,2021-07,3409.0
U015,Helth,2024-05,1971.0
U015,Housing,2023-11,43520.0
U015,Other,2024-03,5052.0
U015,Rentt,2021-12,42608.0
U015,Rentt,2023-05,24958.0
U015,Saving,2021-09,4828.0
U015,Shopping,2021-08,1916.19
U015,Shopping,2021-10,3767.26
U015,Shopping,2023-12,4574.46
U015,Shopping,2024-04,2416.42
U015,Shopping,2024-06,500.0
U015,Transportation,2021-03,1849.0
U015,Transportation,2022-02,6926.0
U015,Travl,2022-04,2269.0
U015,Travl,2024-03,176.0
U015,Utility,2024-10,8349.0
U015,Utilties,2022-01,6296.0
U016,Bills,2024-01,578.0
U016,Education,2022-02,1515.0
U016,Educaton,2022-03,4880.0
U016,Entertainment,2021-03,7845.0
U016,Entertainment,2021-12,1466.0
U016,Fod,2024-06,9086.0
U016,Food,2023-04,333.0
U016,Food,2024-01,6666.0
U016,Food,2024-07,7288.0
U016,Food,2024-11,2491.0
U016,Foodd,2023-02,4827.0
U016,Health,2022-05,5533.0
U016,Health,2023-01,5947.0
U016,Helth,2022-02,6837.0
U016,Housing,2022-08,4372.0
U016,Housing,2023-02,6076.0
U016,Housing,2023-11,9527.0
U016,Housing,2023-12,4480.0
U016,Housing,2024-04,5063.0
U016,Other,2021-06,1483.0
U016,Others,2023-10,8147.0
U016,Saving,2023-04,3783.0
U016,Shopping,2021-03,5093.72
U016,Shopping,2021-12,947.26
U016,Shopping,2023-04,500.0
U016,Shopping,2023-10,1258.47
U016,Shopping,2024-01,2411.86
U016,Shopping,2024-07,2282.92
U016,Shopping,2024-11,826.3
U016,Transportation,2021-06,759.0
U016,Transportation,2021-09,8731.0
U016,Transportation,2024-09,999999999.0
U016,Traval,2021-10,5132.0
U016,Traval,2023-09,6951.0
U016,Travl,2022-03,4125.0
U016,Utilties,2022-04,999999999.0
U016,Utilties,2023-02,4523.0
U016,Utlities,2022-09,1319.0
U017,Bills,2022-07,229.0
U017,Bills,2023-04,7597.0
U017,Education,2022-09,8324.0
U017,Entertainment,2021-01,5052.0
U017,Entrtnmnt,2023-08,3258.0
U017,Food,2023-10,2901.0
U017,Foodd,2022-11,634.0
U017,Health,2021-07,3500.0
U017,Helth,2022-06,8671.0
U017,Housing,2021-05,9655.0
U017,Housing,2022-02,43387.0
U017,Housing,2024-09,1501.0
U017,Savings,2024-05,9110.0
U017,Shopping,2021-01,2301.37
U017,Shopping,2022-07,500.0
U017,Shopping,2023-04,500.0
U017,Shopping,2023-10,794.22
U017,Transportation,2024-02,5566.0
U017,Traval,2022-11,1897.0
U017,Traval,2023-04,258.0
U017,Utility,2023-04,4949.0
U017,Utilties,2023-03,877.0
U017,Utilties,2023-11,1542.0
U017,Utilties,2024-03,7677.0
U018,Education,2021-02,9132.0
U018,Educaton,2023-04,3888.0
U018,Entertainment,2021-01,5980.0
U018,Fod,2022-07,552.0
U018,Fod,2022-12,9622.0
U018,Food,2021-03,16134.0
U018,Food,2022-12,4684.0
U018,Food,2024-03,1575.0
U018,Foodd,2021-01,3054.0
U018,Foodd,2023-04,1356.0
U018,Foods,2024-09,3929.0
U018,Helth,2024-04,1000.0
U018,Housing,2022-10,22033.0
U018,Rnt,2021-07,2966.0
U018,Savings,2024-09,7116.0
U018,Shopping,2021-01,3970.2
U018,Shopping,2021-03,5215.1
U018,Shopping,2022-12,1540.21
U018,Shopping,2024-03,719.11
U018,Transportation,2023-08,2217.0
U018,Traval,2023-05,4022.0
U018,Utilties,2024-12,6610.0
U019,Bills,2024-05,1183.0
U019,Entertainment,2021-08,4286.0
U019,Entertainment,2023-03,5711.0
U019,Entertainment,2024-08,1233.0
U019,Food,2022-08,1000.0
U019,Food,2023-01,4864.0
U019,Food,2023-07,2561.0
U019,Food,2024-03,6787.0
U019,Foods,2024-09,3301.0
U019,Helth,2022-09,7259.0
U019,Housing,2021-01,1000031823.0
U019,Housing,2022-03,10018.0
U019,Housing,2023-04,8682.0
U019,Housing,2023-07,18710.0
U019,Housing,2023-08,40517.0
U019,Rentt,2023-01,17355.0
U019,Shopping,2021-08,2257.0
U019,Shopping,2022-08,500.0
U019,Shopping,2023-01,1506.02
U019,Shopping,2023-03,3579.09
U019,Shopping,2023-07,729.7
U019,Shopping,2024-03,2426.32
U019,Shopping,2024-05,500.0
U019,Shopping,2024-08,500.0
U019,Transportation,2024-06,9112.0
U019,Traval,2024-10,562.0
U019,Utilties,2022-03,8759.0
U019,Utilties,2023-03,709.0
U019,Utlities,2021-09,396.0
U019,Utlities,2022-10,2847.0
U020,Education,2021-04,4801.0
U020,Education,2023-06,2827.0
U020,Entertainment,2021-03,8796.0
U020,Entertainment,2022-12,7165.0
U020,Food,2022-01,7378.0
U020,Food,2024-05,7279.0
U020,Food,2024-09,4871.0
U020,Food,2024-10,518.0
U020,Foods,2023-12,0.0
U020,Housing,2021-04,3841.0
U020,Housing,2022-09,1862.0
U020,Housing,2023-05,5988.0
U020,Housing,2024-03,8394.0
U020,Rentt,2023-09,94292.0
U020,Rnt,2021-10,3663.0
U020,Shopping,2021-03,6095.99
U020,Shopping,2022-01,2787.75
U020,Shopping,2022-12,3890.32
U020,Shopping,2024-05,2036.53
U020,Shopping,2024-09,1586.56
U020,Shopping,2024-10,500.0
U020,Transportation,2022-08,7210.0
U020,Transportation,2024-01,3800.0
U020,Transportation,2024-05,5953.0
U020,Transportation,2024-12,2329.0
U020,Traval,2021-02,7062.0
U020,Travl,2022-12,6316.0
U020,Utility,2022-03,1190.0
U021,Education,2024-06,8934.0
U021,Entertainment,2021-05,8736.0
U021,Entertainment,2024-09,5593.0
U021,Fod,2022-07,8386.0
U021,Fod,2022-08,8183.0
U021,Foodd,2023-05,4698.0
U021,Foods,2022-04,999999999.0
U021,Helth,2023-04,7396.0
U021,Housing,2023-06,37979.0
U021,Housing,2024-01,999999999.0
U021,Saving,2021-03,8006.0
U021,Savings,2024-05,162.0
U021,Shopping,2021-05,5654.2
U021,Shopping,2024-09,3098.13
U021,Transportation,2021-03,4450.0
U021,Transportation,2023-04,3917.0
U021,Transportation,2023-12,5097.0
U021,Transportation,2024-11,8573.0
U021,Traval,2023-10,6128.0
U021,Travl,2022-04,3460.0
U021,Utility,2024-05,1263.0
U021,Utilties,2022-07,4956.0
U022,Bills,2022-10,8898.0
U022,Bills,2022-11,302.0
U022,Bills,2023-10,384.0
U022,Entertainment,2022-06,1817.0
U022,Entertainment,2022-08,9558.0
U022,Entertainment,2023-02,14576.0
U022,Entertainment,2024-08,1467.0
U022,Fod,2021-01,8687.0
U022,Fod,2021-10,7901.0
U022,Food,2023-08,2670.0
U022,Food,2023-10,9413.0
U022,Foodd,2024-02,2612.0
U022,Health,2023-08,2134.0
U022,Housing,2021-01,9500.0
U022,Housing,2021-04,9157.0
U022,Housing,2022-10,2363.0
U022,Housing,2022-12,41744.0
U022,Housing,2024-06,30535.0
U022,Others,2021-08,539.0
U022,Rentt,2024-06,42655.0
U022,Rnt,2024-11,1000.0
U022,Savings,2022-10,9615.0
U022,Shopping,2021-08,500.0
U022,Shopping,2022-06,1048.45
U022,Shopping,2022-08,4463.42
U022,Shopping,2022-10,500.0
U022,Shopping,2022-11,500.0
U022,Shopping,2023-02,11385.19
U022,Shopping,2023-08,985.97
U022,Shopping,2023-10,3256.49
U022,Shopping,2024-08,1011.02
U022,Transportation,2022-08,7006.0
U022,Transportation,2024-01,1684.0
U022,Utility,2021-05,2539.0
U022,Utility,2022-11,4751.0
U022,Utilties,2021-03,6149.0
U022,Utlities,2024-09,5455.0
U023,Bills,2023-10,4781.0
U023,Education,2021-01,2601.0
U023,Education,2021-08,1980.0
U023,Educaton,2023-12,9662.0
U023,Entrtnmnt,2022-12,16010.0
U023,Entrtnmnt,2023-01,8631.0
U023,Entrtnmnt,2023-08,3692.0
U023,Fod,2022-11,8115.0
U023,Fod,2024-01,9650.0
U023,Fod,2024-02,7702.0
U023,Food,2023-05,5071.0
U023,Foodd,2024-03,4946.0
U023,Foodd,2024-10,1783.0
U023,Foods,2021-01,4398.0
U023,Foods,2021-11,3654.0
U023,Health,2022-08,9609.0
U023,Health,2024-09,8548.0
U023,Housing,2023-04,1301.0
U023,Housing,2024-06,9095.0
U023,Rnt,2022-12,4039.0
U023,Shopping,2023-05,1494.76
U023,Shopping,2023-10,500.0
U023,Transportation,2021-01,2273.0
U023,Transportation,2021-11,0.0
U023,Transportation,2022-11,6220.0
U023,Transportation,2023-09,7858.0
U023,Transportation,2024-11,409.0
U023,Utilties,2022-03,571.0
U023,Utlities,2021-12,2342.0
U023,Utlities,2023-10,5887.0
U024,Entertainment,2022-04,8428.0
U024,Entertainment,2022-10,524.0
U024,Entertainment,2024-10,8882.0
U024,Entrtnmnt,2021-09,7894.0
U024,Entrtnmnt,2024-02,5181.0
U024,Fod,2022-01,7874.0
U024,Fod,2024-03,8781.0
U024,Food,2021-08,5311.0
U024,Food,2023-09,7493.0
U024,Foodd,2022-06,4453.0
U024,Foods,2024-08,2768.0
U024,Foods,2024-09,2265.0
U024,Health,2021-11,4280.0
U024,Housing,2021-02,7691.0
U024,Housing,2021-06,35836.0
U024,Housing,2022-09,9626.0
U024,Housing,2023-06,10344.0
U024,Housing,2024-07,9635.0
U024,Housing,2024-12,9497.0
U024,Rentt,2024-03,12001.0
U024,Rnt,2021-05,7809.0
U024,Saving,2024-08,3234.0
U024,Shopping,2021-08,1473.58
U024,Shopping,2022-04,5069.9
U024,Shopping,2022-10,500.0
U024,Shopping,2023-09,2657.94
U024,Shopping,2024-10,4783.63
U024,Traval,2022-02,0.0
U024,Utility,2024-11,2657.0
U024,Utilties,2022-08,5844.0
U025,Education,2021-10,5556.0
U025,Education,2023-03,4600.0
U025,Educaton,2023-02,8254.0
U025,Entertainment,2022-12,2292.0
U025,Entertainment,2023-02,9095.0
U025,Entrtnmnt,2021-12,9989.0
U025,Food,2021-04,14542.0
U025,Foodd,2024-09,3161.0
U025,Foods,2022-03,4633.0
U025,Health,2021-12,1107.0
U025,Helth,2024-01,2028.0
U025,Housing,2022-04,1568.0
U025,Housing,2024-02,3838.0
U025,Rentt,2022-01,26260.0
U025,Rentt,2024-01,7195.0
U025,Savings,2022-06,9976.0
U025,Shopping,2021-04,4161.59
U025,Shopping,2022-12,1151.74
U025,Shopping,2023-02,6127.77
U025,Transportation,2021-06,5502.0
U025,Transportation,2022-09,3560.0
U025,Transportation,2023-10,7914.0
U025,Transportation,2023-11,7031.0
U025,Traval,2023-09,1372.0
U025,Utility,2021-01,1125.0
U025,Utlities,2022-09,7698.0
U026,Bills,2021-07,11250.0
U026,Bills,2021-08,6343.0
U026,Bills,2023-01,207.0
U026,Education,2021-01,6915.0
U026,Educaton,2022-02,9089.0
U026,Entertainment,2024-10,4216.0
U026,Fod,2022-05,1590.0
U026,Fod,2024-03,6679.0
U026,Food,2021-08,4512.0
U026,Food,2022-01,6666.0
U026,Food,2023-03,6497.0
U026,Food,2023-07,14460.0
U026,Food,2023-10,1532.0
U026,Food,2024-01,1000.0
U026,Foodd,2022-03,3463.0
U026,Foodd,2022-04,3699.0
U026,Foodd,2024-04,3646.0
U026,Foods,2023-08,2748.0
U026,Foods,2023-09,4046.0
U026,Foods,2024-07,3054.0
U026,Foods,2024-11,1239.0
U026,Health,2021-01,6970.0
U026,Housing,2022-01,4670.0
U026,Housing,2022-04,5122.0
U026,Housing,2024-02,25526.0
U026,Housing,2024-04,23398.0
U026,Housing,2024-12,3550.0
U026,Rentt,2022-01,8643.0
U026,Rentt,2022-11,7109.0
U026,Saving,2022-09,604.0
U026,Saving,2023-09,7734.0
U026,Savings,2023-02,6766.0
U026,Shopping,2021-07,500.0
U026,Shopping,2021-08,2250.94
U026,Shopping,2022-01,3557.67
U026,Shopping,2023-01,500.0
U026,Shopping,2023-03,2067.04
U026,Shopping,2023-07,3201.17
U026,Shopping,2023-10,520.43
U026,Shopping,2024-01,500.0
U026,Shopping,2024-10,2197.88
U026,Transportation,2024-09,7322.0
U026,Utility,2023-02,2305.0
U027,Education,2022-05,8479.0
U027,Entertainment,2021-10,343.0
U027,Entertainment,2023-05,5174.0
U027,Entrtnmnt,2022-12,5693.0
U027,Entrtnmnt,2023-06,9028.0
U027,Food,2021-01,3805.0
U027,Food,2021-04,614.0
U027,Food,2022-01,1250.0
U027,Food,2023-10,1620.0
U027,Food,2024-06,6514.0
U027,Foods,2021-10,1975.0
U027,Foods,2023-02,2206.0
U027,Foods,2023-10,1180.0
U027,Foods,2023-11,151.0
U027,Housing,2021-12,6422.0
U027,Housing,2022-08,17620.0
U027,Rentt,2024-01,12083.0
U027,Rnt,2021-10,2101.0
U027,Rnt,2024-04,9363.0
U027,Savings,2022-07,3541.0
U027,Savings,2024-04,638.0
U027,Shopping,2021-01,1249.38
U027,Shopping,2021-04,500.0
U027,Shopping,2021-10,500.0
U027,Shopping,2022-01,500.0
U027,Shopping,2023-05,3146.63
U027,Shopping,2023-10,500.0
U027,Shopping,2024-06,1669.0
U027,Transportation,2021-08,3380.0
U027,Transportation,2021-10,8987.0
U027,Utility,2024-08,16602.0
U027,Utlities,2021-10,3106.0
U027,Utlities,2023-05,4805.0
U028,Bills,2022-01,7734.0
U028,Bills,2023-09,5476.0
U028,Education,2023-07,8204.0
U028,Education,2024-06,9732.0
U028,Entertainment,2021-09,356.0
U028,Entertainment,2021-12,9695.0
U028,Entertainment,2023-08,6393.0
U028,Food,2021-09,7521.0
U028,Food,2024-03,2603.0
U028,Food,2024-06,5177.0
U028,Foodd,2021-09,2703.0
U028,Foodd,2024-12,4723.0
U028,Foods,2023-05,4978.0
U028,Foods,2024-01,757.0
U028,Health,2023-02,6681.0
U028,Helth,2022-04,8562.0
U028,Helth,2022-07,6400.0
U028,Helth,2024-09,2452.0
U028,Housing,2021-03,35977.0
U028,Housing,2021-07,28477.0
U028,Housing,2023-01,53286.0
U028,Housing,2024-11,3355.0
U028,Others,2023-10,5476.0
U028,Rentt,2023-02,29126.0
U028,Rnt,2021-02,6737.0
U028,Rnt,2021-07,7230.0
U028,Shopping,2021-09,2414.55
U028,Shopping,2021-12,5766.94
U028,Shopping,2022-01,500.0
U028,Shopping,2023-08,3644.46
U028,Shopping,2023-09,500.0
U028,Shopping,2023-10,703.42
U028,Shopping,2024-03,797.39
U028,Shopping,2024-06,1532.15
U028,Transportation,2021-01,4868.0
U028,Transportation,2023-05,2645.0
U028,Utility,2023-05,9727.0
U028,Utilties,2021-09,5705.0
U029,Bills,2021-03,9423.0
U029,Bills,2021-12,3097.0
U029,Bills,2022-04,8370.0
U029,Education,2022-01,1958.0
U029,Education,2022-04,4368.0
U029,Entertainment,2021-11,6893.0
U029,Entertainment,2022-07,7218.0
U029,Entertainment,2023-04,8704.0
U029,Food,2021-05,3970.0
U029,Food,2022-12,18150.0
U029,Foodd,2022-08,4044.0
U029,Foodd,2023-06,93.0
U029,Health,2023-05,3658.0
U029,Housing,2022-02,2994.0
U029,Other,2021-08,6041.0
U029,Rentt,2022-09,40400.0
U029,Rnt,2023-04,4572.0
U029,Rnt,2024-12,9244.0
U029,Shopping,2021-03,500.0
U029,Shopping,2021-05,1937.21
U029,Shopping,2021-11,3448.57
U029,Shopping,2021-12,500.0
U029,Shopping,2022-04,500.0
U029,Shopping,2022-07,4777.26
U029,Shopping,2022-12,6743.76
U029,Shopping,2023-04,5444.27
U029,Transportation,2023-10,8970.0
U029,Travl,2024-09,3064.0
U029,Utilties,2023-04,6376.0
U030,Bills,2021-08,2187.0
U030,Bills,2022-10,7236.0
U030,Education,2022-10,1087.0
U030,Education,2023-11,7123.0
U030,Educaton,2024-06,11080.0
U030,Entertainment,2022-09,1034.0
U030,Food,2021-12,403.0
U030,Food,2023-03,2753.0
U030,Foodd,2021-05,3502.0
U030,Foodd,2022-10,2262.0
U030,Foodd,2023-07,2004.0
U030,Health,2022-09,5387.0
U030,Helth,2023-06,8757.0
U030,Housing,2022-01,21274.0
U030,Housing,2023-04,3125.0
U030,Housing,2023-12,16289.0
U030,Rentt,2024-05,41993.0
U030,Savings,2022-06,8107.0
U030,Shopping,2021-08,500.0
U030,Shopping,2021-12,500.0
U030,Shopping,2022-09,611.5
U030,Shopping,2022-10,500.0
U030,Shopping,2023-03,836.57
U030,Transportation,2022-01,5756.0
U030,Transportation,2022-02,9434.0
U030,Transportation,2022-10,1906.0
U030,Transportation,2023-01,3053.0
U030,Transportation,2023-05,6900.0
U030,Traval,2023-06,1640.0
U030,Travl,2022-11,330.0
U030,Utility,2021-04,821.0
U030,Utility,2021-12,7017.0
U031,Education,2023-02,3065.0
U031,Educaton,2022-11,5642.0
U031,Educaton,2023-10,9385.0
U031,Entertainment,2021-09,1691.0
U031,Entertainment,2022-12,3661.0
U031,Entertainment,2023-11,9869.0
U031,Fod,2024-08,8167.0
U031,Food,2022-05,753.0
U031,Food,2024-10,4973.0
U031,Food,2024-11,7126.0
U031,Foodd,2021-01,201.0
U031,Foodd,2021-11,1618.0
U031,Foods,2021-04,2817.0
U031,Health,2024-09,8041.0
U031,Helth,2023-12,6777.0
U031,Housing,2021-10,9902.0
U031,Housing,2023-06,39845.0
U031,Saving,2021-06,2217.0
U031,Savings,2021-08,8504.0
U031,Savings,2024-03,4552.0
U031,Shopping,2021-09,742.57
U031,Shopping,2022-05,500.0
U031,Shopping,2022-12,2751.58
U031,Shopping,2023-11,5830.06
U031,Shopping,2024-10,1589.21
U031,Shopping,2024-11,2503.83
U031,Traval,2022-11,1150.0
U031,Traval,2024-07,9427.0
U031,Travl,2022-01,7839.0
U031,Utility,2023-09,1257.0
U031,Utilties,2023-06,1831.0
U031,Utlities,2021-11,7863.0
U032,Entertainment,2021-09,4446.0
U032,Entertainment,2022-04,5707.0
U032,Entertainment,2024-02,8312.0
U032,Entrtnmnt,2021-02,8085.0
U032,Entrtnmnt,2024-04,7397.0
U032,Food,2021-08,8345.0
U032,Food,2023-03,3445.0
U032,Food,2023-06,3272.0
U032,Foodd,2021-10,4303.0
U032,Health,2021-12,2593.0
U032,Health,2024-05,8053.0
U032,Housing,2021-07,73454.0
U032,Housing,2022-03,6671.0
U032,Rentt,2022-12,32595.0
U032,Saving,2021-09,997.0
U032,Shopping,2021-08,3286.43
U032,Shopping,2021-09,2540.34
U032,Shopping,2022-04,3420.7
U032,Shopping,2023-03,1532.71
U032,Shopping,2023-06,1223.76
U032,Shopping,2024-02,6643.09
U032,Transportation,2021-08,9659.0
U032,Transportation,2023-09,8172.0
U032,Transportation,2024-04,3208.0
U032,Transportation,2024-10,6385.0
U032,Traval,2023-05,741.0
U032,Travl,2021-07,5048.0
U032,Utilties,2022-05,8883.0
U033,Bills,2022-01,4958.0
U033,Education,2021-09,9560.0
U033,Education,2024-11,5161.0
U033,Educaton,2024-09,6956.0
U033,Entertainment,2021-03,2505.0
U033,Entertainment,2023-11,3543.0
U033,Entertainment,2023-12,6317.0
U033,Entertainment,2024-10,4139.0
U033,Fod,2022-09,3579.0
U033,Food,2021-11,9866.0
U033,Food,2023-10,3120.0
U033,Foodd,2022-08,1112.0
U033,Foodd,2024-07,4268.0
U033,Foods,2024-09,3000.0
U033,Helth,2022-01,7746.0
U033,Helth,2022-12,2891.0
U033,Housing,2021-03,13596.0
U033,Housing,2021-04,3890.0
U033,Housing,2021-12,12342.0
U033,Housing,2022-10,17003.0
U033,Housing,2023-09,6946.0
U033,Housing,2024-04,1000.0
U033,Housing,2024-12,59086.0
U033,Shopping,2021-03,1670.83
U033,Shopping,2021-11,2665.52
U033,Shopping,2022-01,500.0
U033,Shopping,2023-10,1284.81
U033,Shopping,2023-11,2603.58
U033,Shopping,2023-12,3681.33
U033,Shopping,2024-10,2169.64
U033,Transportation,2021-10,1891.0
U033,Transportation,2022-09,9307.0
U033,Transportation,2022-11,1666.0
U033,Transportation,2023-09,8578.0
U033,Traval,2022-08,0.0
U033,Travl,2022-12,8440.0
U033,Travl,2024-11,7614.0
U034,Education,2024-10,1124.0
U034,Entertainment,2021-05,8440.0
U034,Fod,2021-08,738.0
U034,Food,2022-08,6135.0
U034,Food,2023-11,2072.0
U034,Food,2024-02,4193.0
U034,Housing,2021-06,6714.0
U034,Housing,2023-02,9053.0
U034,Housing,2024-09,3551.0
U034,Housing,2024-12,19127.0
U034,Rnt,2024-02,8461.0
U034,Shopping,2021-05,6498.05
U034,Shopping,2022-08,1644.5
U034,Shopping,2023-11,596.53
U034,Shopping,2024-02,1730.75
U034,Transportation,2024-11,1699.0
U034,Traval,2023-02,2315.0
U034,Utilties,2024-11,6340.0
U034,Utlities,2021-12,7754.0
U034,Utlities,2024-05,2880.0
U035,Education,2024-11,2898.0
U035,Educaton,2023-06,9533.0
U035,Entrtnmnt,2023-03,7155.0
U035,Fod,2021-10,6224.0
U035,Food,2021-07,3815.0
U035,Food,2023-04,775.0
U035,Food,2023-10,5149.0
U035,Food,2024-08,1714.0
U035,Foodd,2023-04,1392.0
U035,Foods,2023-04,4677.0
U035,Foods,2023-07,3162.0
U035,Housing,2024-06,1737.0
U035,Rentt,2022-04,46872.0
U035,Rnt,2022-02,8199.0
U035,Saving,2024-11,3853.0
U035,Shopping,2021-07,1200.91
U035,Shopping,2023-04,500.0
U035,Shopping,2023-10,1633.43
U035,Shopping,2024-08,588.49
U035,Transportation,2021-06,1432.0
U035,Transportation,2021-07,4334.0
U035,Transportation,2023-05,500.0
U035,Traval,2023-12,3965.0
U035,Utility,2021-11,5708.0
U036,Bills,2023-11,1872.0
U036,Entertainment,2021-02,5984.0
U036,Entertainment,2024-01,4892.0
U036,Entertainment,2024-06,9742.0
U036,Entertainment,2024-07,9752.0
U036,Entrtnmnt,2022-01,4009.0
U036,Fod,2022-10,0.0
U036,Fod,2022-12,4181.0
U036,Fod,2023-08,9606.0
U036,Fod,2024-07,4088.0
U036,Food,2023-02,4816.0
U036,Food,2023-05,5961.0
U036,Food,2024-04,6862.0
U036,Foodd,2021-12,2087.0
U036,Foodd,2022-03,729.0
U036,Foods,2021-07,2237.0
U036,Foods,2022-05,2051.0
U036,Foods,2024-09,1416.0
U036,Health,2021-04,13636.0
U036,Helth,2023-12,5640.0
U036,Housing,2022-09,1418.0
U036,Housing,2023-04,47870.0
U036,Housing,2023-10,3255.0
U036,Housing,2024-04,6377.0
U036,Others,2024-02,1318.0
U036,Rnt,2021-01,6130.0
U036,Rnt,2022-08,12556.0
U036,Rnt,2023-07,5408.0
U036,Saving,2023-03,5453.0
U036,Shopping,2021-02,4703.72
U036,Shopping,2023-02,1828.5
U036,Shopping,2023-05,2393.36
U036,Shopping,2023-11,500.0
U036,Shopping,2024-01,3028.81
U036,Shopping,2024-02,500.0
U036,Shopping,2024-04,2067.29
U036,Shopping,2024-06,5023.92
U036,Shopping,2024-07,5316.86
U036,Transportation,2021-08,6421.0
U036,Transportation,2021-11,8371.0
U036,Transportation,2022-01,9335.0
U036,Transportation,2022-02,9384.0
U036,Transportation,2023-11,8112.0
U036,Utility,2021-02,749.0
U036,Utility,2024-02,2581.0
U036,Utilties,2021-04,8458.0
U036,Utlities,2021-04,9735.0
U037,Bills,2024-06,6648.0
U037,Bills,2024-08,2705.0
U037,Bills,2024-10,6102.0
U037,Entertainment,2022-05,8111.0
U037,Entertainment,2023-11,1896.0
U037,Entertainment,2023-12,6805.0
U037,Entrtnmnt,2022-04,736.0
U037,Entrtnmnt,2022-09,4123.0
U037,Food,2023-09,2558.0
U037,Foodd,2021-10,2479.0
U037,Foodd,2022-07,474.0
U037,Foodd,2024-06,3840.0
U037,Foods,2021-09,3610.0
U037,Housing,2022-05,19382.0
U037,Housing,2022-08,4543.0
U037,Housing,2023-07,56962.0
U037,Housing,2023-09,8104.0
U037,Housing,2024-12,386.0
U037,Rentt,2022-07,1999999998.0
U037,Rentt,2023-03,10392.0
U037,Rentt,2023-09,14034.0
U037,Rentt,2023-10,41059.0
U037,Rnt,2023-03,4841.0
U037,Rnt,2023-12,3820.0
U037,Savings,2024-07,500.0
U037,Shopping,2022-05,5802.96
U037,Shopping,2023-09,648.87
U037,Shopping,2023-11,1097.45
U037,Shopping,2023-12,3766.7
U037,Shopping,2024-06,500.0
U037,Shopping,2024-08,500.0
U037,Shopping,2024-10,500.0
U037,Transportation,2022-07,5983.0
U037,Transportation,2024-05,5004.0
U037,Transportation,2024-07,2608.0
U037,Traval,2021-11,4068.0
U037,Travl,2024-04,5405.0
U038,Education,2021-08,9869.0
U038,Entertainment,2021-08,8667.0
U038,Entertainment,2021-11,5866.0
U038,Entertainment,2022-05,2027.0
U038,Entertainment,2024-09,5813.0
U038,Fod,2021-01,9276.0
U038,Fod,2021-04,2866.0
U038,Fod,2023-06,1028.0
U038,Fod,2023-11,3080.0
U038,Food,2023-09,2545.0
U038,Food,2024-01,2984.0
U038,Foodd,2024-12,3301.0
U038,Foods,2024-05,883.0
U038,Health,2022-10,9541.0
U038,Helth,2024-03,8135.0
U038,Housing,2021-02,2693.0
U038,Housing,2021-04,1456.0
U038,Housing,2021-08,575.0
U038,Housing,2021-09,1906.0
U038,Housing,2023-04,1382.0
U038,Housing,2024-05,3872.0
U038,Housing,2024-10,3710.0
U038,Housing,2024-12,42615.0
U038,Other,2021-10,8478.0
U038,Others,2022-06,6610.0
U038,Shopping,2021-08,5875.58
U038,Shopping,2021-11,3295.29
U038,Shopping,2022-05,1124.01
U038,Shopping,2022-06,955.99
U038,Shopping,2023-09,851.29
U038,Shopping,2024-01,1116.86
U038,Shopping,2024-09,2652.05
U038,Transportation,2021-11,7291.0
U038,Transportation,2024-08,2825.0
U038,Transportation,2024-09,9238.0
U038,Traval,2021-07,6065.0
U038,Traval,2024-11,6835.0
U038,Travl,2024-03,7187.0
U038,Utlities,2024-02,8016.0
U039,Bills,2021-04,0.0
U039,Educaton,2022-09,1278.0
U039,Entertainment,2022-05,7969.0
U039,Entrtnmnt,2024-10,5107.0
U039,Entrtnmnt,2024-12,18648.0
U039,Fod,2022-04,8291.0
U039,Food,2021-02,2265.0
U039,Food,2021-08,4449.0
U039,Food,2022-05,4940.0
U039,Food,2023-02,8176.0
U039,Food,2024-12,1476.0
U039,Foodd,2024-03,4026.0
U039,Foodd,2024-08,9510.0
U039,Foods,2023-12,2476.0
U039,Foods,2024-08,1612.0
U039,Health,2024-09,9925.0
U039,Others,2021-08,9212.0
U039,Rentt,2022-02,19467.0
U039,Savings,2023-11,7662.0
U039,Shopping,2021-02,859.95
U039,Shopping,2021-08,2835.22
U039,Shopping,2022-05,9498.07
U039,Shopping,2023-02,3978.72
U039,Shopping,2024-12,500.0
U039,Transportation,2021-06,500.0
U039,Transportation,2021-10,4272.0
U039,Transportation,2022-02,3212.0
U039,Transportation,2024-03,7852.0
U039,Transportation,2024-10,999999999.0
U039,Transportation,2024-11,222.0
U039,Travl,2023-06,7202.0
U039,Utility,2021-09,8586.0
U039,Utility,2023-07,2306.0
U039,Utility,2024-04,4081.0
U039,Utlities,2022-09,7776.0
U040,Bills,2022-04,8595.0
U040,Education,2021-10,7284.0
U040,Entertainment,2021-03,2323.0
U040,Entertainment,2021-07,8501.0
U040,Fod,2021-08,5814.0
U040,Food,2021-08,2076.0
U040,Food,2022-03,4530.0
U040,Food,2023-10,5779.0
U040,Foods,2021-09,3819.0
U040,Housing,2021-11,8489.0
U040,Housing,2022-04,6078.0
U040,Housing,2022-05,32851.0
U040,Housing,2022-11,1293.0
U040,Housing,2023-10,36626.0
U040,Savings,2021-08,6960.0
U040,Savings,2022-05,8220.0
U040,Shopping,2021-03,1436.09
U040,Shopping,2021-07,3750.04
U040,Shopping,2021-08,612.34
U040,Shopping,2022-03,1798.81
U040,Shopping,2022-04,500.0
U040,Shopping,2023-10,1662.91
U040,Transportation,2023-09,8474.0
U040,Travl,2022-06,8851.0
U040,Utility,2023-08,1000.0
U040,Utility,2024-12,6183.0
U040,Utilties,2023-10,278.0
U041,Education,2021-11,3615.0
U041,Education,2024-03,2966.0
U041,Education,2024-05,1446.0
U041,Entertainment,2022-05,7032.0
U041,Entertainment,2022-08,6791.0
U041,Fod,2022-08,500.0
U041,Food,2021-11,3491.0
U041,Food,2023-06,3576.0
U041,Foodd,2021-05,121.0
U041,Foodd,2021-07,2467.0
U041,Health,2021-07,7174.0
U041,Health,2024-03,4551.0
U041,Housing,2021-02,5090.0
U041,Housing,2021-06,4357.0
U041,Housing,2021-08,1900.0
U041,Housing,2021-11,10564.0
U041,Housing,2023-03,9201.0
U041,Rentt,2021-12,22027.0
U041,Rnt,2024-04,122.0
U041,Savings,2022-01,7832.0
U041,Savings,2022-12,5013.0
U041,Shopping,2021-11,1050.21
U041,Shopping,2022-05,2880.41
U041,Shopping,2022-08,3693.6
U041,Shopping,2023-06,1038.85
U041,Transportation,2021-03,6656.0
U041,Transportation,2022-11,6040.0
U041,Transportation,2024-07,7475.0
U042,Bills,2022-02,2553.0
U042,Education,2024-04,7504.0
U042,Entertainment,2021-12,3596.0
U042,Entertainment,2022-01,7615.0
U042,Entertainment,2023-05,1200.0
U042,Fod,2021-09,9007.0
U042,Food,2021-03,4195.0
U042,Food,2023-02,6971.0
U042,Food,2024-03,7853.0
U042,Food,2024-07,706.0
U042,Foodd,2021-08,1498.0
U042,Foods,2023-05,786.0
U042,Health,2022-04,6907.0
U042,Health,2023-04,8499.0
U042,Housing,2024-09,1000.0
U042,Housing,2024-10,5511.0
U042,Rentt,2023-03,22748.0
U042,Rentt,2024-12,5337.0
U042,Shopping,2021-03,1451.38
U042,Shopping,2021-12,1854.89
U042,Shopping,2022-01,4680.09
U042,Shopping,2022-02,500.0
U042,Shopping,2023-02,1996.51
U042,Shopping,2023-05,1003.9
U042,Shopping,2024-03,2356.97
U042,Shopping,2024-07,500.0
U042,Transportation,2022-03,9360.0
U042,Transportation,2022-12,5279.0
U042,Transportation,2023-04,10410.0
U042,Traval,2021-12,7718.0
U042,Travl,2021-07,4950.0
U042,Travl,2024-08,8564.0
U042,Utilties,2022-06,630.0
U042,Utilties,2023-12,8540.0
U042,Utlities,2022-02,2960.0
U043,Fod,2021-05,3422.0
U043,Fod,2023-07,9756.0
U043,Food,2022-02,8521.0
U043,Food,2022-07,1603.0
U043,Food,2022-10,8623.0
U043,Food,2023-07,2492.0
U043,Foodd,2023-10,4273.0
U043,Housing,2022-10,45761.0
U043,Housing,2024-11,44120.0
U043,Rentt,2023-05,23748.0
U043,Rnt,2023-04,3501.0
U043,Shopping,2022-02,4126.23
U043,Shopping,2022-07,788.96
U043,Shopping,2022-10,2282.41
U043,Shopping,2023-07,787.98
U043,Transportation,2022-09,5908.0
U043,Transportation,2022-11,5965.0
U043,Traval,2021-05,2230.0
U043,Utlities,2021-02,8670.0
U044,Bills,2024-01,134.0
U044,Education,2022-02,8064.0
U044,Entertainment,2023-03,2190.0
U044,Entertainment,2024-05,9430.0
U044,Entrtnmnt,2021-11,5685.0
U044,Fod,2021-08,6131.0
U044,Fod,2021-09,4002.0
U044,Fod,2023-05,12334.0
U044,Fod,2024-01,3890.0
U044,Food,2021-08,2708.0
U044,Food,2021-12,8928.0
U044,Foodd,2021-11,3871.0
U044,Foodd,2022-04,3210.0
U044,Housing,2021-03,7744.0
U044,Housing,2021-06,8526.0
U044,Housing,2022-03,2348.0
U044,Housing,2023-09,999999.0
U044,Other,2024-09,1411.0
U044,Rentt,2022-10,18297.0
U044,Rnt,2022-10,3671.0
U044,Rnt,2024-12,4494.0
U044,Saving,2022-10,4054.0
U044,Shopping,2021-08,930.34
U044,Shopping,2021-12,3989.09
U044,Shopping,2023-03,1195.05
U044,Shopping,2024-01,500.0
U044,Shopping,2024-05,6616.18
U044,Transportation,2022-03,1488.0
U044,Traval,2022-07,1104.0
U044,Travl,2022-02,11778.0
U044,Utilties,2021-07,6241.0
U044,Utilties,2022-09,6725.0
U044,Utlities,2023-11,2047.0
U045,Bills,2022-06,8846.0
U045,Bills,2023-02,7793.0
U045,Bills,2023-08,1388.0
U045,Education,2022-10,4374.0
U045,Entertainment,2021-01,4327.0
U045,Entertainment,2024-05,9822.0
U045,Food,2021-02,9916.0
U045,Food,2021-04,9447.0
U045,Food,2021-11,4336.0
U045,Food,2023-01,945.0
U045,Foods,2024-02,1942.0
U045,Housing,2022-07,24730.0
U045,Housing,2024-09,3834.0
U045,Housing,2024-10,4682.0
U045,Housing,2024-11,7918.0
U045,Others,2021-02,5549.0
U045,Rentt,2021-02,56010.0
U045,Rentt,2021-12,13427.0
U045,Rnt,2022-07,6318.0
U045,Savings,2024-01,7012.0
U045,Shopping,2021-01,2887.87
U045,Shopping,2021-02,4324.15
U045,Shopping,2021-04,3459.83
U045,Shopping,2021-11,1136.4
U045,Shopping,2022-06,500.0
U045,Shopping,2023-01,500.0
U045,Shopping,2023-02,500.0
U045,Shopping,2023-08,500.0
U045,Shopping,2024-05,6591.33
U045,Transportation,2022-10,6096.0
U045,Transportation,2023-08,5568.0
U045,Utility,2022-12,2230.0
U046,Bills,2021-04,9174.0
U046,Bills,2021-09,1121.0
U046,Bills,2022-09,9288.0
U046,Education,2022-01,4316.0
U046,Education,2023-09,2993.0
U046,Education,2024-04,7164.0
U046,Entertainment,2022-10,159.0
U046,Entertainment,2022-11,9344.0
U046,Fod,2021-01,1641.0
U046,Food,2021-03,1067.0
U046,Food,2022-03,2303.0
U046,Food,2024-01,9721.0
U046,Food,2024-04,4041.0
U046,Foodd,2023-02,4738.0
U046,Foods,2024-08,1376.0
U046,Health,2024-10,6076.0
U046,Helth,2022-03,2245.0
U046,Helth,2023-09,5275.0
U046,Housing,2022-01,39738.0
U046,Housing,2024-03,3524.0
U046,Housing,2024-05,5964.0
U046,Rnt,2022-06,1999998.0
U046,Shopping,2021-03,500.0
U046,Shopping,2021-04,500.0
U046,Shopping,2021-09,500.0
U046,Shopping,2022-03,877.94
U046,Shopping,2022-09,500.0
U046,Shopping,2022-10,500.0
U046,Shopping,2022-11,5654.69
U046,Shopping,2024-01,3483.37
U046,Shopping,2024-04,2018.83
U046,Transportation,2021-03,6454.0
U046,Transportation,2023-10,8775.0
U047,Bills,2021-04,6689.0
U047,Education,2024-10,2641.0
U047,Entertainment,2024-01,1183.0
U047,Entertainment,2024-02,2857.0
U047,Entrtnmnt,2024-10,589.0
U047,Fod,2022-12,3123.0
U047,Food,2021-03,440.0
U047,Food,2022-05,3387.0
U047,Foodd,2022-01,1831.0
U047,Foodd,2023-10,1537.0
U047,Foods,2021-06,340.0
U047,Foods,2022-01,3200.0
U047,Foods,2023-04,604.0
U047,Health,2022-01,4747.0
U047,Health,2023-01,4916.0
U047,Helth,2023-04,560.0
U047,Housing,2022-11,9384.0
U047,Rnt,2021-04,7786.0
U047,Rnt,2024-03,1020.0
U047,Shopping,2021-03,500.0
U047,Shopping,2021-04,500.0
U047,Shopping,2022-05,1082.35
U047,Shopping,2024-01,606.8
U047,Shopping,2024-02,2182.29
U047,Transportation,2021-03,9612.0
U047,Transportation,2024-12,2810.0
U047,Utlities,2021-10,3479.0
U048,Bills,2021-05,8995.0
U048,Entertainment,2021-11,2759.0
U048,Entertainment,2024-04,3483.0
U048,Fod,2024-08,18352.0
U048,Fod,2024-11,3381.0
U048,Food,2023-11,1171.0
U048,Food,2024-04,1793.0
U048,Foodd,2022-02,585.0
U048,Foodd,2024-08,999999.0
U048,Health,2024-07,16966.0
U048,Helth,2023-11,8984.0
U048,Housing,2021-02,36056.0
U048,Housing,2021-04,25588.0
U048,Housing,2023-06,1000.0
U048,Housing,2023-11,2204.0
U048,Housing,2024-01,2774.0
U048,Housing,2024-11,43922.0
U048,Saving,2021-05,5319.0
U048,Shopping,2021-05,500.0
U048,Shopping,2021-11,1711.27
U048,Shopping,2023-11,500.0
U048,Shopping,2024-04,3336.78
U048,Transportation,2022-03,3913.0
U048,Transportation,2022-12,873.0
U048,Transportation,2023-02,4780.0
U048,Transportation,2024-01,3707.0
U048,Traval,2023-06,4220.0
U048,Traval,2024-10,999999999.0
U048,Utility,2021-07,7737.0
U048,Utility,2023-12,3482.0
U048,Utilties,2023-08,3359.0
U048,Utlities,2024-10,6771.0
U049,Bills,2024-03,4510.0
U049,Education,2024-11,999999.0
U049,Entertainment,2024-08,1720.0
U049,Entrtnmnt,2023-10,6113.0
U049,Food,2022-08,5274.0
U049,Foodd,2022-04,2220.0
U049,Foods,2024-11,1000.0
U049,Health,2022-03,7085.0
U049,Housing,2023-01,2243.0
U049,Housing,2024-01,291.0
U049,Rnt,2021-08,618.0
U049,Rnt,2024-04,16068.0
U049,Rnt,2024-12,1114.0
U049,Savings,2022-04,7310.0
U049,Savings,2023-12,1302.0
U049,Shopping,2022-08,1842.92
U049,Shopping,2024-03,500.0
U049,Shopping,2024-08,888.04
U049,Transportation,2022-03,7104.0
U049,Transportation,2023-05,1855.0
U049,Transportation,2024-04,5708.0
U049,Utility,2021-02,5501.0
U049,Utility,2021-12,6437.0
U049,Utilties,2022-11,659.0
U050,Education,2024-06,1531.0
U050,Educaton,2021-12,7457.0
U050,Entrtnmnt,2022-11,1797.0
U050,Entrtnmnt,2023-12,7226.0
U050,Fod,2023-08,5072.0
U050,Food,2021-05,7969.0
U050,Food,2021-07,2639.0
U050,Food,2022-08,8760.0
U050,Food,2023-08,13950.0
U050,Food,2023-11,19800.0
U050,Foodd,2021-05,3837.0
U050,Health,2023-04,3265.0
U050,Helth,2021-04,898.0
U050,Housing,2021-10,3213.0
U050,Housing,2022-05,38642.0
U050,Housing,2022-07,9994.0
U050,Rentt,2021-12,46749.0
U050,Rnt,2024-03,8499.0
U050,Shopping,2021-05,3023.11
U050,Shopping,2021-07,894.15
U050,Shopping,2022-08,2720.18
U050,Shopping,2023-08,4468.99
U050,Shopping,2023-11,6384.58
U050,Transportation,2022-08,1052.0
U050,Transportation,2023-01,9889.0
U050,Transportation,2023-02,8213.0
U050,Transportation,2024-04,3605.0
U050,Transportation,2024-05,6726.0
U050,Transportation,2024-08,500.0
U050,Utility,2022-09,2999.0
U050,Utilties,2022-03,1880.0
U050,Utilties,2024-07,4882.0
U050,Utlities,2022-06,788.0
U051,Education,2021-02,3421.0
U051,Education,2023-04,4242.0
U051,Entertainment,2024-06,8402.0
U051,Entertainment,2024-08,3689.0
U051,Food,2022-04,2905.0
U051,Food,2022-11,1033.0
U051,Food,2023-10,531.0
U051,Foodd,2021-03,1702.0
U051,Foodd,2024-11,4396.0
U051,Health,2021-05,975.0
U051,Housing,2021-08,9207.0
U051,Housing,2022-05,45403.0
U051,Housing,2023-04,41736.0
U051,Other,2021-05,3605.0
U051,Savings,2023-02,8097.0
U051,Shopping,2022-04,1113.73
U051,Shopping,2022-11,500.0
U051,Shopping,2023-10,500.0
U051,Shopping,2024-06,4850.16
U051,Shopping,2024-08,2118.23
U051,Transportation,2021-02,1000.0
U051,Transportation,2021-03,8951.0
U051,Transportation,2021-04,9531.0
U051,Transportation,2023-05,8896.0
U051,Traval,2021-10,4184.0
U051,Travl,2024-01,8688.0
U051,Utlities,2024-10,13400.0
U052,Education,2022-03,6963.0
U052,Education,2022-10,995.0
U052,Entertainment,2021-12,999999999.0
U052,Entertainment,2023-12,5598.0
U052,Food,2021-06,3918.0
U052,Food,2021-09,7008.0
U052,Food,2021-12,6694.0
U052,Food,2024-08,1151.0
U052,Foodd,2024-03,5662.0
U052,Health,2021-05,6388.0
U052,Health,2022-10,2716.0
U052,Housing,2021-07,4957.0
U052,Housing,2021-10,460.0
U052,Housing,2022-06,999999999.0
U052,Rnt,2021-09,7451.0
U052,Rnt,2023-07,9804.0
U052,Saving,2024-04,5148.0
U052,Shopping,2021-06,1436.24
U052,Shopping,2021-09,2122.3
U052,Shopping,2021-12,18000.0
U052,Shopping,2023-12,3535.07
U052,Shopping,2024-08,500.0
U052,Transportation,2021-09,9506.0
U052,Transportation,2022-08,1402.0
U052,Transportation,2022-09,8283.0
U052,Traval,2023-08,9637.0
U052,Travl,2024-07,5134.0
U052,Utility,2024-12,7493.0
U052,Utilties,2021-06,999999999.0
U052,Utlities,2021-10,7280.0
U053,Bills,2023-10,9628.0
U053,Educaton,2023-12,2425.0
U053,Entertainment,2022-04,9734.0
U053,Entertainment,2023-12,2489.0
U053,Entertainment,2024-12,2928.0
U053,Food,2022-03,1064.0
U053,Food,2022-08,1225.0
U053,Food,2024-01,9125.0
U053,Food,2024-08,9142.0
U053,Foodd,2023-05,2232.0
U053,Health,2021-03,8658.0
U053,Health,2022-06,10484.0
U053,Health,2022-08,6178.0
U053,Housing,2022-07,44898.0
U053,Housing,2023-02,70578.0
U053,Others,2023-06,3630.0
U053,Rentt,2021-04,17155.0
U053,Rnt,2021-06,8539.0
U053,Rnt,2022-07,2376.0
U053,Shopping,2022-03,500.0
U053,Shopping,2022-04,7108.18
U053,Shopping,2022-08,500.0
U053,Shopping,2023-06,539.16
U053,Shopping,2023-10,500.0
U053,Shopping,2023-12,1413.48
U053,Shopping,2024-01,4012.4
U053,Shopping,2024-08,3255.64
U053,Shopping,2024-12,2243.73
U053,Transportation,2022-10,3462.0
U053,Transportation,2024-11,7994.0
U053,Travl,2021-01,4603.0
U053,Travl,2024-04,8575.0
U053,Utlities,2024-09,521.0
U054,Bills,2022-12,1164.0
U054,Education,2021-07,813.0
U054,Educaton,2023-02,3661.0
U054,Entertainment,2023-03,2853.0
U054,Entertainment,2024-10,18690.0
U054,Fod,2021-05,5085.0
U054,Food,2021-02,6592.0
U054,Food,2022-07,6146.0
U054,Health,2022-09,8799.0
U054,Housing,2021-08,8807.0
U054,Housing,2022-09,4629.0
U054,Housing,2023-05,5030.0
U054,Housing,2023-12,9990.0
U054,Other,2023-08,8830.0
U054,Others,2023-05,8498.0
U054,Others,2024-02,9313.0
U054,Others,2024-09,4231.0
U054,Shopping,2021-02,2931.8
U054,Shopping,2022-07,2210.13
U054,Shopping,2022-12,500.0
U054,Shopping,2023-03,1978.6
U054,Shopping,2023-05,1501.31
U054,Shopping,2024-02,1422.85
U054,Shopping,2024-09,590.09
U054,Shopping,2024-10,9272.42
U054,Transportation,2023-11,6472.0
U054,Transportation,2024-11,5155.0
U054,Travl,2021-01,2143.0
U054,Utility,2022-07,1046.0
U054,Utlities,2024-11,7619.0
U055,Bills,2023-08,2162.0
U055,Education,2022-05,251.0
U055,Education,2022-06,14110.0
U055,Education,2023-05,4227.0
U055,Educaton,2022-08,3958.0
U055,Educaton,2024-11,7487.0
U055,Entertainment,2022-12,6264.0
U055,Fod,2023-05,5205.0
U055,Food,2022-06,6329.0
U055,Food,2023-11,7845.0
U055,Foods,2021-04,1196.0
U055,Foods,2024-04,3020.0
U055,Housing,2021-06,8246.0
U055,Housing,2022-03,942.0
U055,Housing,2023-08,2627.0
U055,Housing,2023-12,239.0
U055,Rnt,2023-10,9088.0
U055,Shopping,2022-06,2565.88
U055,Shopping,2022-12,3049.83
U055,Shopping,2023-08,500.0
U055,Shopping,2023-11,2555.51
U055,Travl,2024-04,6160.0
U055,Travl,2024-05,8912.0
U055,Utility,2023-08,3367.0
U055,Utilties,2022-10,6228.0
U056,Education,2023-02,13627.0
U056,Education,2023-08,4029.0
U056,Entertainment,2023-12,5079.0
U056,Fod,2022-01,1706.0
U056,Food,2021-04,4796.0
U056,Food,2021-07,2874.0
U056,Food,2021-10,10711.0
U056,Food,2023-12,7186.0
U056,Food,2024-09,2093.0
U056,Foodd,2022-01,3202.0
U056,Foodd,2022-07,1685.0
U056,Foods,2022-10,4525.0
U056,Foods,2024-10,4234.0
U056,Health,2024-10,610.0
U056,Housing,2022-01,46587.0
U056,Housing,2022-11,636.0
U056,Housing,2023-01,4193.0
U056,Housing,2023-08,3958.0
U056,Housing,2024-04,4123.0
U056,Other,2022-08,8850.0
U056,Rentt,2021-07,7851.0
U056,Rentt,2023-10,41043.0
U056,Savings,2021-04,7320.0
U056,Shopping,2021-04,2131.26
U056,Shopping,2021-07,1081.68
U056,Shopping,2021-10,4505.52
U056,Shopping,2023-12,6212.89
U056,Shopping,2024-09,504.43
U056,Transportation,2022-01,5429.0
U056,Transportation,2022-08,5101.0
U056,Transportation,2023-02,6999.0
U056,Transportation,2023-10,6661.0
U056,Transportation,2024-01,0.0
U056,Traval,2021-07,2857.0
U056,Travl,2022-04,887.0
U056,Travl,2023-02,500.0
U056,Travl,2024-10,1869.0
U056,Utility,2021-05,5612.0
U057,Bills,2022-09,7756.0
U057,Education,2023-04,2212.0
U057,Education,2023-10,6170.0
U057,Education,2024-02,7698.0
U057,Educaton,2021-06,3562.0
U057,Entrtnmnt,2023-05,7946.0
U057,Fod,2024-01,6245.0
U057,Food,2022-04,8598.0
U057,Food,2023-08,8584.0
U057,Food,2024-01,1321.0
U057,Foodd,2021-04,8102.0
U057,Foodd,2023-02,748.0
U057,Housing,2021-02,25973.0
U057,Housing,2021-05,7959.0
U057,Housing,2022-04,3158.0
U057,Housing,2022-06,2890.0
U057,Housing,2022-11,12011.0
U057,Housing,2023-08,2977.0
U057,Other,2022-04,1676.0
U057,Other,2024-05,1060.0
U057,Rentt,2021-08,64318.0
U057,Rnt,2023-06,7343.0
U057,Savings,2023-04,866.0
U057,Shopping,2022-04,3183.32
U057,Shopping,2022-09,500.0
U057,Shopping,2023-08,2564.37
U057,Shopping,2024-01,597.11
U057,Transportation,2021-10,9420.0
U057,Utilties,2021-10,789.0
U058,Bills,2021-06,7540.0
U058,Bills,2023-01,7686.0
U058,Entertainment,2021-04,8886.0
U058,Entertainment,2022-08,3689.0
U058,Entertainment,2023-11,6776.0
U058,Entertainment,2024-01,7782.0
U058,Food,2021-03,1000.0
U058,Food,2021-08,217.0
U058,Housing,2021-07,41599.0
U058,Housing,2022-11,2619.0
U058,Other,2021-01,2876.0
U058,Rentt,2024-02,21785.0
U058,Rnt,2024-09,328.0
U058,Shopping,2021-03,500.0
U058,Shopping,2021-04,5063.45
U058,Shopping,2021-06,500.0
U058,Shopping,2021-08,500.0
U058,Shopping,2022-08,1659.06
U058,Shopping,2023-01,500.0
U058,Shopping,2023-11,4097.82
U058,Shopping,2024-01,5753.59
U058,Transportation,2022-03,5850.0
U058,Transportation,2023-05,2110.0
U058,Traval,2024-02,9234.0
U058,Travl,2024-04,1499.0
U058,Utility,2024-09,3649.0
U059,Entertainment,2021-01,316.0
U059,Entrtnmnt,2022-04,7317.0
U059,Entrtnmnt,2023-10,6836.0
U059,Fod,2022-04,2645.0
U059,Fod,2024-04,7445.0
U059,Food,2022-07,999999.0
U059,Food,2023-10,7950.0
U059,Food,2024-11,6738.0
U059,Foodd,2021-05,1571.0
U059,Foodd,2022-03,1443.0
U059,Foodd,2023-03,3262.0
U059,Foodd,2023-08,3690.0
U059,Foods,2022-03,4834.0
U059,Foods,2022-12,114.0
U059,Health,2021-10,2945.0
U059,Health,2022-11,3744.0
U059,Health,2024-10,5536.0
U059,Housing,2021-07,3888.0
U059,Housing,2022-05,9302.0
U059,Housing,2022-10,30161.0
U059,Rentt,2021-01,37161.0
U059,Rnt,2023-05,4254.0
U059,Savings,2022-08,6124.0
U059,Shopping,2021-01,500.0
U059,Shopping,2022-07,18000.0
U059,Shopping,2023-10,2715.84
U059,Shopping,2024-11,2290.06
U059,Transportation,2021-01,1437.0
U059,Transportation,2021-03,1261.0
U059,Traval,2023-01,3721.0
U059,Traval,2024-02,8870.0
U059,Travl,2023-06,845.0
U059,Utility,2022-03,4985.0
U060,Education,2022-10,9420.0
U060,Education,2024-10,9756.0
U060,Entertainment,2023-04,8833.0
U060,Entertainment,2024-02,14524.0
U060,Entertainment,2024-04,7870.0
U060,Food,2021-03,2521.0
U060,Food,2022-02,8823.0
U060,Foodd,2022-04,2575.0
U060,Foodd,2023-02,3762.0
U060,Foods,2024-06,4538.0
U060,Housing,2023-02,45594.0
U060,Housing,2023-06,4822.0
U060,Housing,2024-09,5290.0
U060,Housing,2024-10,3520.0
U060,Rentt,2024-06,25844.0
U060,Rnt,2023-10,5175.0
U060,Savings,2022-01,1050.0
U060,Shopping,2021-03,1016.04
U060,Shopping,2022-02,4155.87
U060,Shopping,2023-04,3796.21
U060,Shopping,2024-02,8436.87
U060,Shopping,2024-04,5526.52
U060,Transportation,2022-04,4824.0
U060,Transportation,2024-02,2544.0
U060,Utlities,2024-12,8524.0
U061,Education,2021-02,1512.0
U061,Educaton,2021-03,1134.0
U061,Entertainment,2021-12,751.0
U061,Entertainment,2023-01,2747.0
U061,Entertainment,2023-10,9991.0
U061,Fod,2023-10,510.0
U061,Food,2024-02,2400.0
U061,Food,2024-06,13187.0
U061,Health,2022-06,4109.0
U061,Housing,2022-03,8321.0
U061,Housing,2024-04,4958.0
U061,Housing,2024-05,26131.0
U061,Housing,2024-09,37160.0
U061,Rentt,2024-12,31237.0
U061,Rnt,2023-05,438.0
U061,Shopping,2021-12,500.0
U061,Shopping,2023-01,2118.92
U061,Shopping,2023-10,5908.11
U061,Shopping,2024-02,1019.86
U061,Shopping,2024-06,4193.82
U061,Transportation,2024-05,1928.0
U061,Traval,2023-10,1643.0
U061,Travl,2022-05,10328.0
U061,Utility,2022-04,8273.0
U061,Utilties,2022-01,9649.0
U062,Education,2023-01,6485.0
U062,Educaton,2022-03,5130.0
U062,Entertainment,2024-11,3454.0
U062,Fod,2023-06,5600.0
U062,Food,2022-07,3787.0
U062,Food,2023-12,7971.0
U062,Food,2024-05,3341.0
U062,Food,2024-10,7480.0
U062,Food,2024-12,616.0
U062,Foodd,2022-04,776.0
U062,Foodd,2024-04,4894.0
U062,Foodd,2024-10,1583.0
U062,Foods,2022-01,3135.0
U062,Health,2022-09,4186.0
U062,Health,2023-05,8000.0
U062,Health,2024-10,8737.0
U062,Housing,2021-01,3300.0
U062,Housing,2021-03,3859.0
U062,Housing,2024-01,7773.0
U062,Other,2024-06,460.0
U062,Shopping,2022-07,1438.11
U062,Shopping,2023-12,3266.79
U062,Shopping,2024-05,1261.44
U062,Shopping,2024-10,2528.0
U062,Shopping,2024-11,2075.56
U062,Shopping,2024-12,500.0
U062,Transportation,2022-04,146.0
U062,Transportation,2024-03,5763.0
U062,Transportation,2024-05,6358.0
U063,Entertainment,2021-06,6940.0
U063,Entrtnmnt,2024-11,5944.0
U063,Fod,2022-02,8769.0
U063,Fod,2024-08,6905.0
U063,Food,2021-10,4283.0
U063,Food,2021-12,3890.0
U063,Food,2022-05,6979.0
U063,Food,2023-03,3607.0
U063,Food,2024-08,6313.0
U063,Foodd,2021-02,870.0
U063,Foods,2021-08,7232.0
U063,Foods,2024-06,2932.0
U063,Housing,2022-12,15334.0
U063,Housing,2023-12,142764.0
U063,Rentt,2023-02,48417.0
U063,Rnt,2021-03,5658.0
U063,Saving,2024-08,6288.0
U063,Savings,2021-05,9060.0
U063,Savings,2021-12,2782.0
U063,Shopping,2021-06,4065.71
U063,Shopping,2021-10,1361.15
U063,Shopping,2021-12,1445.02
U063,Shopping,2022-05,2946.74
U063,Shopping,2023-03,1132.52
U063,Shopping,2024-08,2015.34
U063,Transportation,2022-05,329.0
U064,Education,2021-10,5805.0
U064,Entertainment,2021-11,6829.0
U064,Entrtnmnt,2023-06,1248.0
U064,Entrtnmnt,2024-10,3143.0
U064,Fod,2021-09,12394.0
U064,Food,2021-01,1768.0
U064,Food,2021-06,8620.0
U064,Food,2021-10,8853.0
U064,Foodd,2022-10,1739.0
U064,Health,2022-04,4283.0
U064,Housing,2023-01,4342.0
U064,Housing,2023-05,52655.0
U064,Rnt,2021-12,109.0
U064,Shopping,2021-01,796.09
U064,Shopping,2021-06,2658.06
U064,Shopping,2021-10,2504.47
U064,Shopping,2021-11,4060.83
U064,Transportation,2021-08,6878.0
U064,Transportation,2022-12,849.0
U064,Traval,2023-08,2258.0
U064,Utility,2021-01,677.0
U064,Utlities,2022-01,4785.0
U065,Bills,2024-03,2288.0
U065,Education,2023-01,6020.0
U065,Education,2023-09,4956.0
U065,Education,2024-06,5239.0
U065,Entertainment,2021-06,237.0
U065,Entertainment,2024-05,5009.0
U065,Fod,2021-02,7782.0
U065,Food,2021-02,5864.0
U065,Food,2023-02,500.0
U065,Food,2023-05,3573.0
U065,Health,2021-08,7415.0
U065,Health,2021-10,3653.0
U065,Housing,2021-10,3764.0
U065,Housing,2022-04,5935.0
U065,Housing,2024-03,9679.0
U065,Rentt,2021-08,12870.0
U065,Rnt,2023-08,4351.0
U065,Rnt,2024-04,8455.0
U065,Saving,2024-08,8502.0
U065,Shopping,2021-02,2491.09
U065,Shopping,2021-06,500.0
U065,Shopping,2023-02,500.0
U065,Shopping,2023-05,1478.86
U065,Shopping,2024-03,500.0
U065,Shopping,2024-05,3402.73
U065,Transportation,2021-04,1419.0
U065,Transportation,2023-04,7420.0
U065,Transportation,2024-01,3962.0
U065,Transportation,2024-04,8518.0
U065,Travl,2024-08,1580.0
U065,Utilties,2022-07,9778.0
U066,Bills,2021-03,279.0
U066,Bills,2024-04,7439.0
U066,Education,2022-07,8970.0
U066,Education,2023-07,8855.0
U066,Education,2023-09,7795.0
U066,Entertainment,2021-06,999999.0
U066,Entertainment,2021-07,3384.0
U066,Entertainment,2022-07,3293.0
U066,Entertainment,2023-04,5115.0
U066,Entertainment,2023-06,719.0
U066,Entrtnmnt,2022-10,1588.0
U066,Food,2021-03,6819.0
U066,Food,2022-03,7260.0
U066,Food,2023-06,8883.0
U066,Food,2023-07,4795.0
U066,Food,2024-05,4785.0
U066,Foodd,2022-03,4285.0
U066,Health,2023-12,6307.0
U066,Housing,2022-08,3218.0
U066,Housing,2023-09,5682.0
U066,Housing,2024-11,403.0
U066,Rentt,2024-07,35760.0
U066,Savings,2023-12,3788.0
U066,Shopping,2021-03,3554.08
U066,Shopping,2021-06,18000.0
U066,Shopping,2021-07,1324.35
U066,Shopping,2022-03,3448.68
U066,Shopping,2022-07,1757.86
U066,Shopping,2023-04,3338.27
U066,Shopping,2023-06,4282.27
U066,Shopping,2023-07,1198.09
U066,Shopping,2024-04,500.0
U066,Shopping,2024-05,1295.5
U066,Transportation,2021-11,13516.0
U066,Traval,2023-02,1044.0
U066,Utility,2022-12,650.0
U066,Utility,2023-09,6911.0
U066,Utility,2024-03,6985.0
U066,Utlities,2021-01,6392.0
U066,Utlities,2022-11,8928.0
U067,Education,2024-06,7431.0
U067,Entertainment,2021-01,8117.0
U067,Fod,2023-01,1624.0
U067,Food,2021-04,1397.0
U067,Food,2021-07,1883.0
U067,Food,2021-09,328.0
U067,Food,2021-10,3445.0
U067,Foods,2021-02,1238.0
U067,Foods,2024-05,3315.0
U067,Health,2021-05,2733.0
U067,Health,2021-08,2016.0
U067,Housing,2021-07,9173.0
U067,Housing,2023-07,532.0
U067,Housing,2023-09,8529.0
U067,Housing,2024-12,9302.0
U067,Others,2022-07,999999999.0
U067,Rnt,2024-02,2217.0
U067,Saving,2021-08,3262.0
U067,Shopping,2021-01,4421.44
U067,Shopping,2021-04,559.6
U067,Shopping,2021-07,685.75
U067,Shopping,2021-09,500.0
U067,Shopping,2021-10,868.55
U067,Shopping,2022-07,18000.0
U067,Travl,2021-02,8757.0
U067,Utility,2023-05,5205.0
U067,Utilties,2022-10,9717.0
U067,Utlities,2024-11,3064.0
U068,Education,2021-03,9063.0
U068,Education,2023-03,4986.0
U068,Entertainment,2022-04,1648.0
U068,Entertainment,2022-08,1782.0
U068,Entertainment,2023-08,9180.0
U068,Entertainment,2024-05,2596.0
U068,Entertainment,2024-09,9794.0
U068,Entertainment,2024-10,8124.0
U068,Entrtnmnt,2023-06,2653.0
U068,Fod,2021-10,999999.0
U068,Fod,2022-05,1730.0
U068,Food,2021-08,7352.0
U068,Food,2024-04,5031.0
U068,Food,2024-09,2044.0
U068,Food,2024-10,4074.0
U068,Food,2024-12,8171.0
U068,Foodd,2022-04,1423.0
U068,Foodd,2022-11,536.0
U068,Foodd,2023-07,126.0
U068,Foodd,2024-01,2206.0
U068,Foods,2023-07,1139.0
U068,Health,2021-12,4248.0
U068,Housing,2024-03,39335.0
U068,Others,2022-11,999999.0
U068,Rentt,2023-12,30261.0
U068,Rentt,2024-12,44196.0
U068,Shopping,2021-08,2415.75
U068,Shopping,2022-04,977.5
U068,Shopping,2022-08,1068.27
U068,Shopping,2022-11,18000.0
U068,Shopping,2023-08,5239.78
U068,Shopping,2024-04,2111.84
U068,Shopping,2024-05,1679.31
U068,Shopping,2024-09,6578.78
U068,Shopping,2024-10,5202.67
U068,Shopping,2024-12,2777.66
U068,Transportation,2021-04,1074.0
U068,Travl,2022-02,2308.0
U068,Utlities,2022-10,8220.0
U068,Utlities,2024-10,5766.0
U069,Entertainment,2022-12,1439.0
U069,Entertainment,2024-11,1807.0
U069,Fod,2022-11,3837.0
U069,Fod,2023-10,820.0
U069,Food,2021-01,9425.0
U069,Food,2021-10,8346.0
U069,Food,2022-04,2599.0
U069,Food,2022-09,8282.0
U069,Food,2023-06,4767.0
U069,Food,2024-06,7908.0
U069,Food,2024-12,2404.0
U069,Foodd,2021-12,1379.0
U069,Foodd,2023-02,4235.0
U069,Foodd,2024-12,4060.0
U069,Health,2022-02,5085.0
U069,Housing,2024-03,9323.0
U069,Rentt,2022-04,39620.0
U069,Rentt,2022-10,36242.0
U069,Rentt,2024-07,19125.0
U069,Savings,2021-11,5163.0
U069,Savings,2022-11,7176.0
U069,Shopping,2021-01,3538.71
U069,Shopping,2021-10,3075.65
U069,Shopping,2022-04,911.4
U069,Shopping,2022-09,2889.18
U069,Shopping,2022-12,826.68
U069,Shopping,2023-06,1637.07
U069,Shopping,2024-06,3135.15
U069,Shopping,2024-11,708.92
U069,Shopping,2024-12,666.86
U069,Transportation,2021-09,5193.0
U069,Transportation,2022-10,190.0
U069,Traval,2021-06,9971.0
U069,Traval,2023-10,6461.0
U069,Utilties,2023-10,8597.0
U070,Bills,2021-06,2540.0
U070,Bills,2024-02,114.0
U070,Education,2024-07,7584.0
U070,Entrtnmnt,2023-05,6705.0
U070,Fod,2021-01,8702.0
U070,Food,2022-06,2348.0
U070,Food,2023-05,1337.0
U070,Foodd,2024-03,2570.0
U070,Helth,2022-02,8947.0
U070,Other,2022-03,8236.0
U070,Rentt,2024-09,16809.0
U070,Saving,2022-09,6906.0
U070,Shopping,2021-06,500.0
U070,Shopping,2022-06,514.96
U070,Shopping,2023-05,500.0
U070,Shopping,2024-02,500.0
U070,Transportation,2021-04,8154.0
U070,Transportation,2022-01,3154.0
U070,Transportation,2022-04,6740.0
U070,Transportation,2024-10,1544.0
U070,Traval,2024-01,1134.0
U070,Travl,2021-05,5604.0
U070,Travl,2022-09,1909.0
U071,Bills,2023-04,4991.0
U071,Education,2022-10,7963.0
U071,Education,2024-05,1849.0
U071,Entertainment,2021-04,4097.0
U071,Entertainment,2023-08,6780.0
U071,Fod,2024-02,5328.0
U071,Food,2021-02,7505.0
U071,Food,2022-10,1220.0
U071,Food,2022-11,4623.0
U071,Food,2023-06,2007.0
U071,Food,2023-08,2508.0
U071,Foodd,2022-09,1870.0
U071,Foods,2024-10,3328.0
U071,Health,2021-10,289.0
U071,Health,2022-06,991.0
U071,Health,2024-12,6626.0
U071,Helth,2024-08,5332.0
U071,Housing,2021-10,1783.0
U071,Housing,2022-04,42162.0
U071,Housing,2022-08,1678.0
U071,Housing,2023-06,28559.0
U071,Housing,2023-10,1667.0
U071,Rentt,2021-01,8065.0
U071,Rentt,2022-02,21307.0
U071,Shopping,2021-02,2680.71
U071,Shopping,2021-04,2711.69
U071,Shopping,2022-10,500.0
U071,Shopping,2022-11,1883.3
U071,Shopping,2023-04,500.0
U071,Shopping,2023-06,854.58
U071,Shopping,2023-08,4671.0
U071,Transportation,2024-10,7866.0
U071,Traval,2021-12,9311.0
U071,Traval,2022-12,7762.0
U071,Travl,2022-01,5090.0
U071,Travl,2024-02,4941.0
U071,Utility,2023-05,7568.0
U072,Bills,2024-05,5280.0
U072,Entertainment,2021-07,5029.0
U072,Entertainment,2022-06,0.0
U072,Entertainment,2023-04,2827.0
U072,Entrtnmnt,2022-12,7799.0
U072,Fod,2021-09,5083.0
U072,Food,2021-08,8142.0
U072,Food,2022-03,1999998.0
U072,Food,2022-10,3638.0
U072,Food,2022-11,5467.0
U072,Food,2024-11,8768.0
U072,Foodd,2023-12,3644.0
U072,Foods,2023-12,3903.0
U072,Health,2021-08,4364.0
U072,Housing,2023-01,12352.0
U072,Rentt,2021-01,9560.0
U072,Rentt,2022-01,38464.0
U072,Rentt,2024-11,32903.0
U072,Rnt,2024-05,7889.0
U072,Shopping,2021-07,2508.59
U072,Shopping,2021-08,2400.03
U072,Shopping,2022-03,18000.0
U072,Shopping,2022-10,1016.68
U072,Shopping,2022-11,1731.69
U072,Shopping,2023-04,2046.91
U072,Shopping,2024-05,500.0
U072,Shopping,2024-11,2294.53
U072,Transportation,2021-02,731.0
U072,Transportation,2022-01,4651.0
U072,Transportation,2022-03,8063.0
U072,Transportation,2023-01,6118.0
U072,Travl,2022-03,15784.0
U072,Travl,2024-10,7779.0
U072,Utlities,2022-01,3143.0
U073,Bills,2021-08,5170.0
U073,Bills,2022-05,396.0
U073,Bills,2023-03,7304.0
U073,Education,2021-01,5408.0
U073,Entrtnmnt,2023-10,8134.0
U073,Fod,2023-07,221.0
U073,Foodd,2022-01,4223.0
U073,Foodd,2023-12,2362.0
U073,Health,2022-03,2182.0
U073,Health,2024-06,4701.0
U073,Health,2024-12,9811.0
U073,Housing,2021-06,25045.0
U073,Housing,2022-09,29405.0
U073,Rnt,2021-08,1891.0
U073,Shopping,2021-08,500.0
U073,Shopping,2022-05,500.0
U073,Shopping,2023-03,500.0
U073,Transportation,2021-05,5560.0
U073,Transportation,2021-06,7485.0
U073,Traval,2022-02,9159.0
U073,Traval,2022-10,2083.0
U073,Travl,2024-07,8012.0
U073,Utilties,2021-11,7998.0
U073,Utilties,2023-11,6555.0
U074,Bills,2022-01,999999999.0
U074,Education,2022-11,3201.0
U074,Entertainment,2023-01,8520.0
U074,Entertainment,2023-09,7877.0
U074,Entertainment,2023-11,3432.0
U074,Entertainment,2024-11,7517.0
U074,Entrtnmnt,2021-07,4406.0
U074,Fod,2021-04,8870.0
U074,Food,2022-01,2622.0
U074,Food,2023-11,8845.0
U074,Food,2024-03,1941.0
U074,Food,2024-05,7118.0
U074,Food,2024-08,2115.0
U074,Foodd,2022-10,500.0
U074,Foods,2022-10,983.0
U074,Foods,2023-01,92.0
U074,Foods,2023-02,2050.0
U074,Helth,2024-04,999999.0
U074,Housing,2023-04,44674.0
U074,Housing,2024-07,2578.0
U074,Others,2021-11,162.0
U074,Rnt,2021-03,9917.0
U074,Savings,2023-06,7288.0
U074,Shopping,2021-11,500.0
U074,Shopping,2022-01,18000.0
U074,Shopping,2023-01,6106.12
U074,Shopping,2023-09,3927.21
U074,Shopping,2023-11,4526.01
U074,Shopping,2024-03,608.12
U074,Shopping,2024-05,2319.72
U074,Shopping,2024-08,736.13
U074,Shopping,2024-11,4198.69
U074,Transportation,2023-01,8150.0
U074,Transportation,2023-10,6073.0
U074,Transportation,2024-08,1434.0
U074,Traval,2024-03,9189.0
U074,Utility,2021-04,2830.0
U074,Utility,2021-06,3178.0
U075,Bills,2021-08,2104.0
U075,Bills,2022-05,8084.0
U075,Bills,2022-07,4923.0
U075,Education,2023-04,8795.0
U075,Educaton,2022-05,999999.0
U075,Entertainment,2022-03,3969.0
U075,Entertainment,2024-10,5381.0
U075,Entrtnmnt,2021-10,1630.0
U075,Entrtnmnt,2023-02,7317.0
U075,Fod,2021-06,9400.0
U075,Fod,2023-11,5756.0
U075,Food,2021-08,7235.0
U075,Food,2023-03,709.0
U075,Food,2023-10,1318.0
U075,Food,2024-12,5286.0
U075,Foodd,2024-01,2062.0
U075,Foodd,2024-03,174.0
U075,Rentt,2024-05,35588.0
U075,Rentt,2024-09,8609.0
U075,Rnt,2021-06,5160.0
U075,Savings,2021-05,8631.0
U075,Savings,2023-08,7924.0
U075,Shopping,2021-08,2563.19
U075,Shopping,2022-03,2720.84
U075,Shopping,2022-05,500.0
U075,Shopping,2022-07,500.0
U075,Shopping,2023-03,500.0
U075,Shopping,2023-10,502.65
U075,Shopping,2024-10,2845.54
U075,Shopping,2024-12,2180.04
U075,Transportation,2022-06,6641.0
U075,Transportation,2022-07,8890.0
U075,Transportation,2023-04,503.0
U075,Transportation,2024-01,6332.0
U075,Traval,2021-04,7555.0
U075,Travl,2021-03,3210.0
U075,Utilties,2022-03,1104.0
U076,Bills,2021-12,2093.0
U076,Bills,2022-12,8369.0
U076,Educaton,2024-12,8335.0
U076,Entertainment,2021-08,10434.0
U076,Entertainment,2022-10,3742.0
U076,Entrtnmnt,2023-06,2196.0
U076,Fod,2022-11,3528.0
U076,Food,2022-03,179.0
U076,Food,2022-05,2407.0
U076,Food,2024-02,7712.0
U076,Foods,2022-09,2236.0
U076,Foods,2023-12,3602.0
U076,Health,2023-02,5485.0
U076,Health,2024-09,3459.0
U076,Housing,2022-12,7169.0
U076,Rentt,2024-01,34284.0
U076,Rnt,2024-10,266.0
U076,Savings,2024-09,5210.0
U076,Savings,2024-12,1526.0
U076,Shopping,2021-08,6184.08
U076,Shopping,2021-12,500.0
U076,Shopping,2022-03,500.0
U076,Shopping,2022-05,1149.65
U076,Shopping,2022-10,2784.07
U076,Shopping,2022-12,500.0
U076,Shopping,2024-02,2960.18
U076,Transportation,2022-01,2000.0
U076,Transportation,2023-08,13341.0
U076,Travl,2022-06,5718.0
U076,Utility,2023-08,6170.0
U076,Utlities,2021-07,8144.0
U077,Bills,2021-12,513.0
U077,Bills,2022-06,6739.0
U077,Education,2021-01,5725.0
U077,Education,2021-11,500.0
U077,Educaton,2024-10,3822.0
U077,Entertainment,2021-05,7738.0
U077,Entertainment,2022-03,5609.0
U077,Entertainment,2022-05,9354.0
U077,Entertainment,2023-02,0.0
U077,Entrtnmnt,2021-04,10066.0
U077,Fod,2023-09,1200.0
U077,Food,2021-12,2222.0
U077,Food,2023-03,3153.0
U077,Food,2023-11,3391.0
U077,Food,2024-03,7215.0
U077,Foods,2021-12,3302.0
U077,Foods,2023-05,3230.0
U077,Helth,2023-12,6565.0
U077,Housing,2022-06,4138.0
U077,Housing,2024-01,7560.0
U077,Housing,2024-05,1215.0
U077,Housing,2024-10,39856.0
U077,Rentt,2021-11,30015.0
U077,Rnt,2024-09,9166.0
U077,Rnt,2024-10,9896.0
U077,Savings,2022-12,5991.0
U077,Shopping,2021-05,5659.97
U077,Shopping,2021-12,690.22
U077,Shopping,2022-03,3828.33
U077,Shopping,2022-05,5812.74
U077,Shopping,2022-06,500.0
U077,Shopping,2023-03,1032.92
U077,Shopping,2023-11,849.6
U077,Shopping,2024-03,1822.7
U077,Transportation,2021-02,780.0
U077,Transportation,2022-07,2747.0
U077,Transportation,2023-02,8285.0
U077,Transportation,2023-11,3607.0
U077,Transportation,2024-10,9296.0
U077,Traval,2024-03,2287.0
U077,Travl,2023-09,16914.0
U077,Utility,2021-02,3661.0
U077,Utility,2022-10,8886.0
U077,Utilties,2023-07,1705.0
U078,Bills,2023-02,4048.0
U078,Bills,2023-03,3272.0
U078,Bills,2024-04,1401.0
U078,Entertainment,2023-08,1317.0
U078,Entertainment,2023-10,8528.0
U078,Food,2021-09,6517.0
U078,Food,2022-12,4556.0
U078,Food,2023-11,4076.0
U078,Foodd,2021-03,2543.0
U078,Foodd,2021-05,1644.0
U078,Foodd,2021-09,9075.0
U078,Foodd,2023-07,395.0
U078,Foods,2022-11,3844.0
U078,Foods,2023-11,1064.0
U078,Foods,2023-12,2741.0
U078,Health,2021-12,707.0
U078,Housing,2021-12,10282.0
U078,Housing,2023-04,13033.0
U078,Housing,2023-05,2197.0
U078,Rentt,2023-01,5240.0
U078,Rentt,2023-04,44834.0
U078,Shopping,2021-09,1723.31
U078,Shopping,2022-12,1477.58
U078,Shopping,2023-02,500.0
U078,Shopping,2023-03,500.0
U078,Shopping,2023-08,865.6
U078,Shopping,2023-10,4029.22
U078,Shopping,2023-11,1445.73
U078,Shopping,2024-04,500.0
U078,Transportation,2021-01,1528.0
U078,Transportation,2021-08,4914.0
U078,Transportation,2021-11,227.0
U078,Transportation,2023-11,15078.0
U078,Utility,2022-06,7585.0
U078,Utlities,2022-08,1660.0
U078,Utlities,2023-01,8088.0
U079,Education,2021-11,1660.0
U079,Education,2024-09,5441.0
U079,Entertainment,2021-03,6530.0
U079,Entertainment,2022-08,6108.0
U079,Foodd,2022-04,2813.0
U079,Foodd,2024-01,125.0
U079,Foods,2021-03,2627.0
U079,Foods,2021-09,504.0
U079,Foods,2022-03,2063.0
U079,Health,2022-01,865.0
U079,Helth,2023-03,5958.0
U079,Housing,2022-07,31361.0
U079,Housing,2023-03,27579.0
U079,Housing,2023-08,1404.0
U079,Housing,2024-02,1000.0
U079,Rnt,2024-01,2758.0
U079,Shopping,2021-03,4038.92
U079,Shopping,2022-08,3512.04
U079,Transportation,2024-05,6639.0
U079,Traval,2021-02,2234.0
U079,Travl,2024-02,4828.0
U079,Utilties,2022-01,9734.0
U079,Utlities,2023-07,6730.0
U079,Utlities,2024-04,7181.0
U080,Bills,2021-05,5944.0
U080,Bills,2023-02,2317.0
U080,Bills,2023-03,419.0
U080,Bills,2023-10,2572.0
U080,Education,2023-05,8130.0
U080,Education,2023-11,9403.0
U080,Education,2024-06,9703.0
U080,Entertainment,2024-03,5302.0
U080,Fod,2023-05,7894.0
U080,Food,2022-08,3346.0
U080,Food,2023-01,7859.0
U080,Food,2023-12,4122.0
U080,Food,2024-07,9358.0
U080,Food,2024-11,356.0
U080,Foodd,2024-12,2367.0
U080,Health,2022-09,4643.0
U080,Health,2023-02,5252.0
U080,Health,2024-03,6327.0
U080,Housing,2021-12,9664.0
U080,Housing,2022-12,37626.0
U080,Housing,2023-07,9116.0
U080,Housing,2024-11,7604.0
U080,Others,2024-09,999999999.0
U080,Rnt,2023-07,7373.0
U080,Savings,2023-06,1240.0
U080,Shopping,2021-05,500.0
U080,Shopping,2022-08,1030.8
U080,Shopping,2023-01,3347.61
U080,Shopping,2023-02,500.0
U080,Shopping,2023-03,500.0
U080,Shopping,2023-10,500.0
U080,Shopping,2023-12,1494.19
U080,Shopping,2024-03,4223.55
U080,Shopping,2024-07,3190.33
U080,Shopping,2024-09,18000.0
U080,Shopping,2024-11,500.0
U080,Transportation,2023-09,7836.0
U080,Travl,2023-12,3045.0
U080,Utility,2024-04,7463.0
U080,Utilties,2024-06,6402.0
U081,Education,2021-08,8219.0
U081,Food,2021-07,7944.0
U081,Food,2021-09,3335.0
U081,Food,2022-06,4765.0
U081,Food,2023-05,2243.0
U081,Foodd,2023-04,2137.0
U081,Foodd,2024-07,742.0
U081,Foods,2024-10,2286.0
U081,Housing,2021-08,2783.0
U081,Housing,2022-05,32153.0
U081,Housing,2023-11,502.0
U081,Rentt,2022-12,39313.0
U081,Rentt,2024-04,16728.0
U081,Rnt,2023-09,6187.0
U081,Savings,2022-11,2323.0
U081,Shopping,2021-07,2596.41
U081,Shopping,2021-09,939.94
U081,Shopping,2022-06,1782.57
U081,Shopping,2023-05,705.21
U081,Transportation,2022-08,6381.0
U081,Travl,2021-08,3247.0
U081,Utility,2023-12,3123.0
U082,Bills,2022-03,4723.0
U082,Bills,2022-12,4497.0
U082,Education,2021-09,4117.0
U082,Education,2022-10,7280.0
U082,Education,2024-06,2959.0
U082,Educaton,2024-01,9457.0
U082,Entertainment,2023-01,8343.0
U082,Entrtnmnt,2022-08,9049.0
U082,Fod,2021-06,5713.0
U082,Food,2022-04,4040.0
U082,Food,2023-08,9155.0
U082,Foodd,2022-08,1267.0
U082,Rentt,2021-11,17265.0
U082,Shopping,2022-03,500.0
U082,Shopping,2022-04,1774.51
U082,Shopping,2022-12,500.0
U082,Shopping,2023-01,4967.6
U082,Shopping,2023-08,3198.87
U082,Transportation,2023-10,4367.0
U082,Travl,2022-10,4221.0
U082,Utility,2022-05,4406.0
U082,Utilties,2021-06,6778.0
U082,Utlities,2021-05,4022.0
U082,Utlities,2023-08,6628.0
U083,Bills,2023-06,2242.0
U083,Bills,2024-05,3484.0
U083,Education,2022-07,6632.0
U083,Education,2022-09,8559.0
U083,Education,2023-02,1568.0
U083,Education,2024-09,1967.0
U083,Educaton,2022-08,7917.0
U083,Entrtnmnt,2024-03,728.0
U083,Fod,2022-12,5485.0
U083,Fod,2024-05,8928.0
U083,Food,2021-02,3871.0
U083,Food,2021-03,1373.0
U083,Food,2024-11,1518.0
U083,Foodd,2022-06,3297.0
U083,Foodd,2022-10,3952.0
U083,Foods,2022-08,1883.0
U083,Foods,2024-10,730.0
U083,Health,2023-01,2280.0
U083,Health,2023-10,8719.0
U083,Helth,2022-04,9527.0
U083,Housing,2023-01,35570.0
U083,Rentt,2022-01,38999.0
U083,Rentt,2022-08,5827.0
U083,Shopping,2021-02,1377.17
U083,Shopping,2021-03,596.68
U083,Shopping,2023-06,500.0
U083,Shopping,2024-05,500.0
U083,Shopping,2024-11,500.0
U083,Transportation,2022-02,6089.0
U083,Transportation,2022-05,9973.0
U083,Transportation,2023-12,8434.0
U083,Transportation,2024-01,744.0
U083,Transportation,2024-02,2535.0
U083,Transportation,2024-04,8216.0
U083,Traval,2021-10,8017.0
U083,Utilties,2022-01,5210.0
U084,Bills,2022-01,2306.0
U084,Bills,2022-09,7644.0
U084,Bills,2023-03,3960.0
U084,Education,2023-07,8892.0
U084,Entertainment,2021-03,367.0
U084,Entertainment,2021-08,2819.0
U084,Food,2022-01,629.0
U084,Food,2022-03,3222.0
U084,Food,2023-03,3746.0
U084,Food,2024-04,8284.0
U084,Food,2024-11,6829.0
U084,Housing,2021-03,33308.0
U084,Housing,2023-11,1398.0
U084,Rentt,2023-01,12318.0
U084,Rentt,2023-07,999999999.0
U084,Shopping,2021-03,500.0
U084,Shopping,2021-08,1917.74
U084,Shopping,2022-01,500.0
U084,Shopping,2022-03,1077.71
U084,Shopping,2022-09,500.0
U084,Shopping,2023-03,834.28
U084,Shopping,2024-04,2830.68
U084,Shopping,2024-11,3183.14
U084,Transportation,2024-01,3106.0
U084,Transportation,2024-07,7288.0
U084,Traval,2021-06,8171.0
U084,Traval,2024-07,3023.0
U084,Utility,2022-06,3113.0
U084,Utlities,2022-11,7598.0
U084,Utlities,2024-06,4518.0
U085,Bills,2022-11,8062.0
U085,Bills,2023-12,5105.0
U085,Educaton,2022-08,9335.0
U085,Entrtnmnt,2021-02,5866.0
U085,Entrtnmnt,2024-02,10818.0
U085,Fod,2021-05,699.0
U085,Fod,2024-03,5713.0
U085,Food,2021-06,9784.0
U085,Food,2021-07,8981.0
U085,Food,2022-05,2142.0
U085,Food,2022-07,5196.0
U085,Food,2022-12,2143.0
U085,Food,2023-09,6456.0
U085,Food,2024-09,1515.0
U085,Food,2024-11,12890.0
U085,Foodd,2023-07,0.0
U085,Foodd,2024-08,941.0
U085,Helth,2024-08,5683.0
U085,Housing,2021-06,4395.0
U085,Rnt,2024-12,8373.0
U085,Shopping,2021-06,3662.67
U085,Shopping,2021-07,2747.44
U085,Shopping,2022-05,837.71
U085,Shopping,2022-07,1309.82
U085,Shopping,2022-11,500.0
U085,Shopping,2022-12,761.99
U085,Shopping,2023-09,2050.19
U085,Shopping,2023-12,500.0
U085,Shopping,2024-09,514.73
U085,Shopping,2024-11,4794.17
U085,Transportation,2021-07,6780.0
U085,Transportation,2023-11,2165.0
U085,Travl,2021-07,2717.0
U085,Travl,2023-12,4697.0
U086,Educaton,2023-03,4017.0
U086,Entertainment,2023-05,9648.0
U086,Fod,2024-02,2701.0
U086,Food,2021-02,18854.0
U086,Food,2022-01,1663.0
U086,Food,2022-03,4385.0
U086,Food,2023-11,2238.0
U086,Foodd,2022-03,4341.0
U086,Foodd,2022-04,4550.0
U086,Foodd,2022-05,2186.0
U086,Foods,2024-12,894.0
U086,Housing,2021-03,2892.0
U086,Housing,2021-09,7003.0
U086,Housing,2022-07,3462.0
U086,Housing,2024-09,9236.0
U086,Rnt,2021-12,5982.0
U086,Rnt,2024-06,5280.0
U086,Shopping,2021-02,6278.93
U086,Shopping,2022-01,692.29
U086,Shopping,2022-03,2089.53
U086,Shopping,2023-05,5085.85
U086,Shopping,2023-11,645.17
U086,Transportation,2021-03,7457.0
U086,Transportation,2021-09,8723.0
U086,Transportation,2023-08,1706.0
U086,Travl,2022-08,1004.0
U086,Utility,2022-02,3754.0
U086,Utilties,2023-07,8097.0
U086,Utlities,2021-02,5120.0
U087,Bills,2024-05,9040.0
U087,Education,2022-05,16428.0
U087,Education,2023-06,9634.0
U087,Entertainment,2022-01,7550.0
U087,Food,2021-02,5177.0
U087,Food,2023-08,2217.0
U087,Food,2024-08,7933.0
U087,Foodd,2022-02,1996.0
U087,Foods,2023-05,2829.0
U087,Housing,2021-01,4192.0
U087,Housing,2022-12,8167.0
U087,Housing,2023-07,4012.0
U087,Housing,2024-08,2970.0
U087,Shopping,2021-02,2351.58
U087,Shopping,2022-01,4566.97
U087,Shopping,2023-08,884.4
U087,Shopping,2024-05,500.0
U087,Shopping,2024-08,3185.8
U087,Transportation,2022-01,2162.0
U087,Travl,2022-02,7173.0
U087,Utlities,2023-09,7529.0
U088,Bills,2024-08,1973.0
U088,Entertainment,2022-03,500.0
U088,Entertainment,2023-08,8669.0
U088,Entertainment,2024-06,14197.0
U088,Fod,2023-05,3657.0
U088,Fod,2024-03,3674.0
U088,Food,2022-03,1548.0
U088,Food,2024-10,7355.0
U088,Foodd,2024-02,1182.0
U088,Foods,2022-02,526.0
U088,Foods,2024-07,4749.0
U088,Housing,2023-07,10975.0
U088,Housing,2024-09,16713.0
U088,Rnt,2022-03,1476.0
U088,Rnt,2023-06,2129.0
U088,Savings,2022-04,9507.0
U088,Shopping,2022-03,928.27
U088,Shopping,2023-08,5041.05
U088,Shopping,2024-06,10650.77
U088,Shopping,2024-08,500.0
U088,Shopping,2024-10,2035.13
U088,Transportation,2021-02,2174.0
U088,Transportation,2021-06,9968.0
U088,Transportation,2023-02,5552.0
U088,Transportation,2024-09,4761.0
U088,Travl,2022-12,8786.0
U089,Education,2021-12,4978.0
U089,Education,2023-12,8470.0
U089,Education,2024-04,1925.0
U089,Education,2024-10,9806.0
U089,Entertainment,2021-01,3273.0
U089,Entertainment,2021-06,5119.0
U089,Entertainment,2022-07,5201.0
U089,Entrtnmnt,2021-04,4888.0
U089,Entrtnmnt,2021-11,3028.0
U089,Entrtnmnt,2023-05,18056.0
U089,Foodd,2023-08,622.0
U089,Foods,2022-05,4945.0
U089,Housing,2021-06,7974.0
U089,Housing,2024-03,43714.0
U089,Housing,2024-05,46614.0
U089,Housing,2024-08,999999.0
U089,Rentt,2024-03,21376.0
U089,Rnt,2021-05,7697.0
U089,Rnt,2023-09,9577.0
U089,Rnt,2024-01,5391.0
U089,Shopping,2021-01,1895.77
U089,Shopping,2021-06,3293.69
U089,Shopping,2022-07,2245.27
U089,Utility,2021-03,7494.0
U089,Utilties,2024-08,9308.0
U090,Bills,2021-07,8026.0
U090,Bills,2024-03,6208.0
U090,Food,2021-03,8624.0
U090,Food,2022-11,9789.0
U090,Food,2024-01,5447.0
U090,Foodd,2021-08,3813.0
U090,Foodd,2021-10,937.0
U090,Foodd,2023-10,1290.0
U090,Foodd,2024-11,2092.0
U090,Health,2021-03,1383.0
U090,Helth,2022-06,9408.0
U090,Housing,2021-11,23592.0
U090,Housing,2024-12,740.0
U090,Other,2021-10,19588.0
U090,Rentt,2021-11,26342.0
U090,Rentt,2022-11,6677.0
U090,Rnt,2022-05,6365.0
U090,Shopping,2021-03,3592.36
U090,Shopping,2021-07,500.0
U090,Shopping,2022-11,3893.15
U090,Shopping,2024-01,1223.17
U090,Shopping,2024-03,500.0
U090,Transportation,2021-12,1852.0
U090,Transportation,2022-10,3076.0
U090,Transportation,2023-08,9618.0
U090,Utility,2022-01,7821.0
U090,Utility,2023-04,314.0
U090,Utilties,2024-12,7287.0
U091,Educaton,2023-11,3891.0
U091,Entertainment,2021-10,9586.0
U091,Entertainment,2023-06,999999.0
U091,Entertainment,2024-10,6283.0
U091,Entrtnmnt,2022-03,9282.0
U091,Entrtnmnt,2024-12,13842.0
U091,Fod,2024-02,4851.0
U091,Food,2022-01,2943.0
U091,Food,2022-08,1000.0
U091,Food,2024-04,8009.0
U091,Food,2024-05,3385.0
U091,Food,2024-08,3682.0
U091,Foods,2022-01,655.0
U091,Foods,2022-09,2417.0
U091,Housing,2021-07,6857.0
U091,Housing,2021-08,7812.0
U091,Housing,2021-10,2214.0
U091,Housing,2023-08,25115.0
U091,Housing,2024-11,47394.0
U091,Other,2021-12,3775.0
U091,Others,2021-05,1211.0
U091,Rnt,2022-03,2787.0
U091,Rnt,2022-11,7836.0
U091,Rnt,2023-08,659.0
U091,Savings,2022-10,2106.0
U091,Shopping,2021-05,500.0
U091,Shopping,2021-10,4645.45
U091,Shopping,2022-01,1113.7
U091,Shopping,2022-08,500.0
U091,Shopping,2023-06,18000.0
U091,Shopping,2024-04,2921.02
U091,Shopping,2024-05,1272.24
U091,Shopping,2024-08,1005.87
U091,Shopping,2024-10,3905.43
U091,Transportation,2023-06,3186.0
U091,Transportation,2024-01,8372.0
U091,Traval,2023-12,17430.0
U091,Traval,2024-05,452.0
U092,Education,2021-03,5726.0
U092,Education,2022-09,1013.0
U092,Education,2022-10,7823.0
U092,Education,2023-09,8419.0
U092,Education,2024-05,601.0
U092,Educaton,2024-01,7181.0
U092,Educaton,2024-09,1247.0
U092,Entertainment,2021-12,196.0
U092,Entertainment,2023-11,6552.0
U092,Fod,2022-01,9511.0
U092,Fod,2023-01,1128.0
U092,Fod,2024-01,4811.0
U092,Fod,2024-04,2221.0
U092,Food,2021-11,8936.0
U092,Food,2022-08,6560.0
U092,Food,2023-11,5452.0
U092,Food,2024-01,9486.0
U092,Foods,2021-03,2268.0
U092,Foods,2021-11,4318.0
U092,Housing,2021-10,3475.0
U092,Housing,2022-04,2139.0
U092,Housing,2022-05,9911.0
U092,Other,2024-05,4685.0
U092,Rentt,2021-09,86918.0
U092,Rentt,2021-11,38338.0
U092,Rnt,2023-08,6472.0
U092,Shopping,2021-11,3320.84
U092,Shopping,2021-12,500.0
U092,Shopping,2022-08,2327.21
U092,Shopping,2023-11,5871.69
U092,Shopping,2024-01,4577.21
U092,Transportation,2021-02,6534.0
U092,Transportation,2022-01,3876.0
U092,Transportation,2022-12,5337.0
U092,Transportation,2023-02,5136.0
U092,Transportation,2023-04,3178.0
U092,Transportation,2024-04,7045.0
U092,Traval,2024-01,4349.0
U092,Travl,2023-03,7309.0
U092,Travl,2024-08,6871.0
U092,Utlities,2024-11,5077.0
U093,Bills,2021-06,2253.0
U093,Bills,2022-04,3830.0
U093,Bills,2024-07,591.0
U093,Education,2024-06,5547.0
U093,Entertainment,2021-11,705.0
U093,Entertainment,2022-11,904.0
U093,Entertainment,2024-06,9531.0
U093,Foodd,2021-02,3103.0
U093,Foodd,2022-07,598.0
U093,Foods,2024-06,3746.0
U093,Health,2021-12,1000.0
U093,Health,2023-05,1202.0
U093,Helth,2024-02,6070.0
U093,Housing,2023-06,49853.0
U093,Rentt,2023-10,17463.0
U093,Rentt,2024-10,49634.0
U093,Shopping,2021-06,500.0
U093,Shopping,2021-11,500.0
U093,Shopping,2022-04,500.0
U093,Shopping,2022-11,500.0
U093,Shopping,2024-06,4579.94
U093,Shopping,2024-07,500.0
U093,Transportation,2023-02,6358.0
U093,Transportation,2023-10,8875.0
U093,Traval,2021-11,2302.0
U093,Travl,2023-10,1389.0
U093,Utlities,2021-08,415.0
U094,Bills,2022-07,5193.0
U094,Education,2021-05,1331.0
U094,Educaton,2021-08,9255.0
U094,Educaton,2024-01,3706.0
U094,Entertainment,2021-08,1358.0
U094,Entertainment,2024-04,4382.0
U094,Entrtnmnt,2023-09,9482.0
U094,Entrtnmnt,2024-03,1980.0
U094,Fod,2022-12,9545.0
U094,Food,2021-10,9451.0
U094,Food,2022-10,3959.0
U094,Foodd,2023-12,1783.0
U094,Foods,2021-09,4390.0
U094,Foods,2022-03,2517.0
U094,Health,2023-11,1955.0
U094,Housing,2023-12,8582.0
U094,Housing,2024-09,4127.0
U094,Rentt,2021-05,22534.0
U094,Saving,2023-10,5715.0
U094,Shopping,2021-08,749.77
U094,Shopping,2021-10,3243.35
U094,Shopping,2022-07,500.0
U094,Shopping,2022-10,1131.69
U094,Shopping,2024-04,3216.27
U094,Transportation,2021-08,1039.0
U094,Transportation,2023-07,3864.0
U094,Transportation,2023-12,17510.0
U094,Transportation,2024-03,975.0
U094,Traval,2022-06,7230.0
U094,Travl,2022-05,3662.0
U094,Utility,2023-01,7331.0
U094,Utilties,2023-04,1517.0
U095,Bills,2023-06,4076.0
U095,Bills,2024-01,999999.0
U095,Entertainment,2021-12,1107.0
U095,Entertainment,2022-07,3794.0
U095,Entrtnmnt,2023-12,6232.0
U095,Fod,2022-03,6625.0
U095,Fod,2024-11,1162.0
U095,Food,2024-02,1999998.0
U095,Food,2024-08,3102.0
U095,Foodd,2021-02,1359.0
U095,Foodd,2022-01,4368.0
U095,Foods,2023-03,177.0
U095,Foods,2024-09,0.0
U095,Health,2024-09,2955.0
U095,Housing,2021-04,7315.0
U095,Housing,2023-08,307.0
U095,Housing,2024-05,2319.0
U095,Housing,2024-09,5393.0
U095,Others,2023-04,896.0
U095,Savings,2024-01,7624.0
U095,Savings,2024-09,6608.0
U095,Shopping,2021-12,742.78
U095,Shopping,2022-07,2129.52
U095,Shopping,2023-04,500.0
U095,Shopping,2023-06,500.0
U095,Shopping,2024-01,18000.0
U095,Shopping,2024-02,18000.0
U095,Shopping,2024-08,999.49
U095,Transportation,2023-06,9391.0
U095,Transportation,2023-08,3271.0
U095,Travl,2024-11,9682.0
U095,Utlities,2023-01,8353.0
U095,Utlities,2023-03,757.0
U096,Bills,2022-06,1245.0
U096,Bills,2024-09,9715.0
U096,Bills,2024-10,999999.0
U096,Education,2021-02,231.0
U096,Education,2023-04,7489.0
U096,Food,2021-11,9635.0
U096,Food,2022-01,3518.0
U096,Food,2022-10,695.0
U096,Food,2023-09,2847.0
U096,Foodd,2022-10,4217.0
U096,Health,2023-10,580.0
U096,Housing,2021-03,6051.0
U096,Housing,2022-01,500.0
U096,Housing,2022-08,1009.0
U096,Housing,2023-04,9790.0
U096,Rnt,2022-11,4053.0
U096,Shopping,2021-11,3373.09
U096,Shopping,2022-01,1096.22
U096,Shopping,2022-06,500.0
U096,Shopping,2022-10,500.0
U096,Shopping,2023-09,1112.72
U096,Shopping,2024-09,500.0
U096,Shopping,2024-10,18000.0
U096,Transportation,2022-07,9213.0
U096,Transportation,2023-03,9681.0
U096,Transportation,2023-05,9396.0
U096,Transportation,2023-11,104.0
U096,Traval,2023-04,1587.0
U096,Utilties,2022-02,2120.0
U096,Utlities,2021-08,2474.0
U097,Bills,2024-09,1959.0
U097,Education,2021-05,8674.0
U097,Education,2023-04,4730.0
U097,Education,2024-06,2715.0
U097,Food,2022-12,4931.0
U097,Food,2024-06,3988.0
U097,Food,2024-10,9925.0
U097,Foods,2024-08,2396.0
U097,Health,2021-09,1119.0
U097,Helth,2021-11,4122.0
U097,Housing,2022-02,24764.0
U097,Housing,2022-09,6136.0
U097,Rentt,2022-02,999999.0
U097,Rentt,2022-06,10481.0
U097,Savings,2024-04,3928.0
U097,Shopping,2022-12,1826.21
U097,Shopping,2024-06,857.6
U097,Shopping,2024-09,500.0
U097,Shopping,2024-10,3081.11
U097,Transportation,2023-01,1681.0
U097,Transportation,2023-02,2091.0
U097,Transportation,2024-08,9803.0
U097,Transportation,2024-10,5548.0
U097,Traval,2024-12,4138.0
U097,Travl,2023-09,3197.0
U097,Utlities,2023-11,8706.0
U097,Utlities,2024-09,1315.0
U098,Bills,2024-09,5617.0
U098,Education,2023-03,4717.0
U098,Educaton,2021-11,5545.0
U098,Educaton,2023-09,8866.0
U098,Entertainment,2023-06,5086.0
U098,Fod,2023-02,2673.0
U098,Food,2023-05,4852.0
U098,Food,2023-08,7916.0
U098,Food,2023-11,4307.0
U098,Food,2024-07,435.0
U098,Foodd,2023-08,347.0
U098,Foodd,2023-11,2295.0
U098,Foods,2022-07,999999.0
U098,Helth,2023-10,7693.0
U098,Housing,2021-01,12502.0
U098,Housing,2021-12,28550.0
U098,Housing,2022-06,16911.0
U098,Housing,2024-02,6826.0
U098,Other,2022-01,1087.0
U098,Shopping,2023-05,1463.16
U098,Shopping,2023-06,3400.41
U098,Shopping,2023-08,3402.7
U098,Shopping,2023-11,1174.71
U098,Shopping,2024-07,500.0
U098,Shopping,2024-09,500.0
U098,Transportation,2021-12,4060.0
U098,Transportation,2024-12,6957.0
U098,Traval,2021-10,7802.0
U098,Utilties,2021-12,7279.0
U098,Utilties,2023-04,179.0
U098,Utilties,2024-12,7572.0
U099,Bills,2022-04,5285.0
U099,Bills,2022-05,7402.0
U099,Education,2024-12,8119.0
U099,Entrtnmnt,2021-11,7568.0
U099,Fod,2022-06,3678.0
U099,Fod,2024-08,1574.0
U099,Food,2022-09,6945.0
U099,Health,2024-02,6427.0
U099,Housing,2021-04,5990.0
U099,Housing,2021-09,6348.0
U099,Housing,2021-10,716.0
U099,Housing,2023-01,7206.0
U099,Housing,2023-12,7425.0
U099,Housing,2024-01,6474.0
U099,Housing,2024-12,0.0
U099,Rentt,2021-06,37244.0
U099,Rentt,2023-06,16138.0
U099,Saving,2022-07,9356.0
U099,Shopping,2022-04,500.0
U099,Shopping,2022-05,500.0
U099,Shopping,2022-09,2325.4
U099,Transportation,2021-06,7219.0
U099,Traval,2023-01,3051.0
U099,Utility,2024-03,2164.0
U100,Education,2024-09,8108.0
U100,Entertainment,2021-10,6669.0
U100,Entrtnmnt,2021-07,7411.0
U100,Food,2023-10,5587.0
U100,Food,2024-05,3309.0
U100,Foods,2023-11,2835.0
U100,Foods,2024-06,2445.0
U100,Health,2022-01,3255.0
U100,Housing,2021-02,3935.0
U100,Housing,2021-07,6837.0
U100,Housing,2023-04,500.0
U100,Housing,2023-06,7176.0
U100,Housing,2023-11,8858.0
U100,Housing,2024-07,19402.0
U100,Rentt,2023-09,38688.0
U100,Rentt,2023-10,35601.0
U100,Rnt,2022-11,5693.0
U100,Shopping,2021-10,4809.43
U100,Shopping,2023-10,1338.99
U100,Shopping,2024-05,957.59
U100,Transportation,2023-05,5549.0
U100,Transportation,2023-06,4899.0
U100,Utility,2021-02,5431.0
U100,Utility,2023-02,6704.0
U100,Utility,2023-11,4838.0
U100,Utlities,2021-10,4708.0
U101,Education,2021-01,6894.0
U101,Education,2024-06,1554.0
U101,Entertainment,2021-02,4122.0
U101,Entertainment,2022-04,1563.0
U101,Entertainment,2022-07,7319.0
U101,Food,2021-11,3118.0
U101,Food,2023-03,3744.0
U101,Food,2023-05,5890.0
U101,Food,2023-10,6098.0
U101,Food,2024-09,9997.0
U101,Health,2021-11,999999.0
U101,Health,2022-05,5578.0
U101,Health,2024-07,7389.0
U101,Health,2024-09,6954.0
U101,Housing,2022-07,4863.0
U101,Rentt,2022-12,34751.0
U101,Rentt,2023-05,74038.0
U101,Savings,2023-11,9001.0
U101,Savings,2023-12,6319.0
U101,Shopping,2021-02,2465.31
U101,Shopping,2021-11,960.39
U101,Shopping,2022-04,1133.15
U101,Shopping,2022-07,4378.75
U101,Shopping,2023-03,1013.31
U101,Shopping,2023-05,2320.76
U101,Shopping,2023-10,1802.87
U101,Shopping,2024-09,3875.43
U101,Transportation,2021-01,1902.0
U101,Transportation,2021-12,1683.0
U101,Travl,2023-03,9715.0
U101,Utilties,2021-04,7022.0
U102,Bills,2021-06,3183.0
U102,Educaton,2021-09,9904.0
U102,Entertainment,2021-03,3482.0
U102,Entertainment,2022-01,1125.0
U102,Entertainment,2022-05,298.0
U102,Entertainment,2024-05,7656.0
U102,Food,2022-08,9581.0
U102,Food,2024-01,4058.0
U102,Food,2024-07,3201.0
U102,Foods,2024-05,4961.0
U102,Rentt,2024-09,500.0
U102,Savings,2023-06,1142.0
U102,Shopping,2021-03,2029.77
U102,Shopping,2021-06,500.0
U102,Shopping,2022-01,762.78
U102,Shopping,2022-05,500.0
U102,Shopping,2022-08,3344.79
U102,Shopping,2024-01,1078.74
U102,Shopping,2024-05,5188.6
U102,Shopping,2024-07,897.55
U102,Transportation,2022-02,1000.0
U102,Utility,2024-02,4943.0
U102,Utlities,2023-03,8158.0
U103,Educaton,2024-03,1820.0
U103,Entertainment,2021-10,6155.0
U103,Entertainment,2024-07,4305.0
U103,Entrtnmnt,2021-04,7091.0
U103,Entrtnmnt,2023-11,4952.0
U103,Food,2021-06,3246.0
U103,Food,2021-07,499.0
U103,Foods,2023-08,2141.0
U103,Health,2021-12,9357.0
U103,Health,2023-04,6264.0
U103,Housing,2021-06,2392.0
U103,Housing,2022-06,7222.0
U103,Others,2024-10,3974.0
U103,Rnt,2022-03,9454.0
U103,Shopping,2021-06,1178.87
U103,Shopping,2021-07,500.0
U103,Shopping,2021-10,3682.59
U103,Shopping,2024-07,2159.66
U103,Shopping,2024-10,500.0
U103,Transportation,2022-02,2615.0
U103,Traval,2023-02,615.0
U103,Travl,2021-03,6201.0
U103,Utility,2023-06,4119.0
U103,Utility,2024-09,9236.0
U104,Entertainment,2022-08,1666.0
U104,Entertainment,2023-05,601.0
U104,Food,2023-11,10216.0
U104,Food,2024-07,1972.0
U104,Food,2024-08,1358.0
U104,Foodd,2022-04,2049.0
U104,Foodd,2023-11,79.0
U104,Foodd,2024-12,4565.0
U104,Foods,2021-07,1004.0
U104,Foods,2023-05,3947.0
U104,Health,2021-10,6661.0
U104,Health,2022-08,15340.0
U104,Health,2024-06,4636.0
U104,Housing,2021-12,6362.0
U104,Housing,2024-05,2683.0
U104,Housing,2024-09,8048.0
U104,Other,2024-05,1690.0
U104,Others,2024-07,8670.0
U104,Rnt,2024-12,4852.0
U104,Shopping,2022-08,1036.6
U104,Shopping,2023-05,500.0
U104,Shopping,2023-11,3095.37
U104,Shopping,2024-07,2354.8
U104,Shopping,2024-08,500.0
U104,Transportation,2022-04,0.0
U104,Transportation,2024-03,2796.0
U104,Traval,2023-11,0.0
U104,Utility,2022-12,2562.0
U104,Utility,2023-04,0.0
U104,Utilties,2021-06,6695.0
U104,Utlities,2024-10,6957.0
U105,Bills,2023-11,7355.0
U105,Bills,2024-12,2842.0
U105,Entertainment,2023-05,254.0
U105,Fod,2024-07,6260.0
U105,Food,2023-07,6534.0
U105,Food,2023-10,1396.0
U105,Food,2024-10,653.0
U105,Foods,2021-08,1592.0
U105,Health,2024-02,6176.0
U105,Health,2024-11,3929.0
U105,Housing,2021-01,0.0
U105,Housing,2021-10,9210.0
U105,Housing,2022-08,9364.0
U105,Housing,2023-08,8088.0
U105,Housing,2023-11,28443.0
U105,Housing,2024-02,8555.0
U105,Housing,2024-09,47477.0
U105,Rnt,2022-03,8162.0
U105,Saving,2021-09,0.0
U105,Savings,2021-06,3311.0
U105,Shopping,2023-05,500.0
U105,Shopping,2023-07,2289.88
U105,Shopping,2023-10,500.0
U105,Shopping,2023-11,500.0
U105,Shopping,2024-10,500.0
U105,Shopping,2024-12,500.0
U105,Transportation,2023-07,9025.0
U105,Transportation,2023-12,5561.0
U105,Traval,2021-06,7842.0
U105,Utilties,2023-06,7109.0
U105,Utlities,2021-02,8562.0
U105,Utlities,2023-10,9019.0
U105,Utlities,2024-08,3479.0
U106,Bills,2023-01,3686.0
U106,Entertainment,2022-02,5518.0
U106,Entertainment,2023-12,4771.0
U106,Entertainment,2024-02,7253.0
U106,Entrtnmnt,2023-08,3505.0
U106,Entrtnmnt,2024-04,4327.0
U106,Fod,2023-12,8081.0
U106,Fod,2024-05,3654.0
U106,Food,2021-01,3973.0
U106,Food,2021-08,3482.0
U106,Food,2021-11,2822.0
U106,Food,2022-05,1872.0
U106,Foods,2021-01,2938.0
U106,Health,2022-09,9776.0
U106,Health,2023-12,2428.0
U106,Housing,2021-01,5871.0
U106,Housing,2021-03,9379.0
U106,Housing,2021-11,21603.0
U106,Housing,2022-11,4981.0
U106,Housing,2023-04,47358.0
U106,Housing,2023-06,6066.0
U106,Other,2023-10,6136.0
U106,Rentt,2022-04,21220.0
U106,Rnt,2022-01,5680.0
U106,Rnt,2024-02,1780.0
U106,Shopping,2021-01,1761.47
U106,Shopping,2021-08,945.42
U106,Shopping,2021-11,582.15
U106,Shopping,2022-02,4452.66
U106,Shopping,2022-05,959.35
U106,Shopping,2023-01,500.0
U106,Shopping,2023-12,1975.5
U106,Shopping,2024-02,4422.14
U106,Transportation,2021-07,7316.0
U106,Travl,2021-07,7234.0
U106,Travl,2024-04,7085.0
U106,Utilties,2021-06,507.0
U107,Bills,2021-07,1874.0
U107,Bills,2024-10,2726.0
U107,Education,2023-04,8679.0
U107,Entertainment,2021-10,1016.0
U107,Entrtnmnt,2022-02,6506.0
U107,Entrtnmnt,2022-03,7223.0
U107,Food,2022-08,2718.0
U107,Food,2023-02,8521.0
U107,Food,2023-12,4846.0
U107,Food,2024-10,2370.0
U107,Foodd,2023-08,2978.0
U107,Foods,2023-03,3585.0
U107,Housing,2021-08,4419.0
U107,Housing,2022-06,46496.0
U107,Other,2023-03,1037.0
U107,Rentt,2023-09,11161.0
U107,Rnt,2021-10,8947.0
U107,Rnt,2023-11,9660.0
U107,Shopping,2021-07,500.0
U107,Shopping,2021-10,550.12
U107,Shopping,2022-08,727.67
U107,Shopping,2023-02,3484.69
U107,Shopping,2023-12,1838.44
U107,Shopping,2024-10,664.65
U107,Transportation,2022-07,2114.0
U107,Transportation,2022-09,9451.0
U107,Traval,2023-03,9050.0
U107,Travl,2022-07,12340.0
U107,Utility,2022-07,14806.0
U107,Utilties,2024-03,9814.0
U108,Education,2023-09,6624.0
U108,Fod,2021-08,4019.0
U108,Fod,2021-11,4222.0
U108,Fod,2022-06,5526.0
U108,Fod,2024-01,453.0
U108,Food,2021-07,3943.0
U108,Food,2021-10,1259.0
U108,Food,2024-02,12323.0
U108,Foods,2021-01,4322.0
U108,Foods,2021-03,1023.0
U108,Foods,2022-02,621.0
U108,Health,2023-12,14978.0
U108,Health,2024-11,1120.0
U108,Housing,2022-09,1152.0
U108,Housing,2023-11,4259.0
U108,Others,2024-02,8929.0
U108,Rentt,2023-04,10276.0
U108,Rnt,2024-09,3515.0
U108,Savings,2022-11,7914.0
U108,Savings,2024-02,7837.0
U108,Shopping,2021-07,1473.06
U108,Shopping,2021-10,544.82
U108,Shopping,2024-02,6210.3
U108,Transportation,2024-04,5666.0
U108,Traval,2024-02,7483.0
U108,Utility,2023-07,392.0
U108,Utilties,2021-07,1186.0
U109,Bills,2022-05,9724.0
U109,Bills,2023-09,8602.0
U109,Entertainment,2021-10,5518.0
U109,Food,2022-07,7284.0
U109,Foodd,2022-06,4605.0
U109,Foodd,2024-11,2792.0
U109,Foods,2024-10,1024.0
U109,Health,2024-06,5180.0
U109,Helth,2022-06,3242.0
U109,Housing,2021-08,7149.0
U109,Housing,2024-08,10768.0
U109,Other,2021-03,2227.0
U109,Others,2024-10,2163.0
U109,Rentt,2024-01,38553.0
U109,Rnt,2021-02,2353.0
U109,Shopping,2021-10,2915.11
U109,Shopping,2022-05,500.0
U109,Shopping,2022-07,2688.35
U109,Shopping,2023-09,500.0
U109,Shopping,2024-10,500.0
U109,Transportation,2021-09,2226.0
U109,Transportation,2022-10,8325.0
U109,Transportation,2023-03,9786.0
U109,Utlities,2021-01,4045.0
U109,Utlities,2021-04,5786.0
U109,Utlities,2024-05,6700.0
U110,Bills,2023-06,0.0
U110,Educaton,2023-04,418.0
U110,Educaton,2023-06,7226.0
U110,Educaton,2024-11,9022.0
U110,Entertainment,2024-03,1505.0
U110,Entrtnmnt,2022-06,2636.0
U110,Fod,2021-06,4159.0
U110,Fod,2022-05,1690.0
U110,Food,2021-11,8156.0
U110,Food,2022-04,3341.0
U110,Food,2022-06,4692.0
U110,Food,2023-03,4044.0
U110,Food,2023-06,5624.0
U110,Foods,2021-07,3173.0
U110,Health,2021-05,3677.0
U110,Health,2022-08,6814.0
U110,Housing,2024-09,9247.0
U110,Rentt,2022-01,40414.0
U110,Rentt,2022-10,41084.0
U110,Rentt,2023-09,500.0
U110,Rnt,2021-02,8105.0
U110,Rnt,2022-07,8197.0
U110,Rnt,2023-04,5922.0
U110,Rnt,2024-11,2979.0
U110,Shopping,2021-11,2569.21
U110,Shopping,2022-04,1620.04
U110,Shopping,2022-06,1596.44
U110,Shopping,2023-03,1936.57
U110,Shopping,2023-06,1620.78
U110,Shopping,2024-03,1066.87
U110,Transportation,2024-06,1098.0
U110,Travl,2021-07,8061.0
U110,Utility,2023-09,9363.0
U110,Utilties,2024-06,1350.0
U110,Utlities,2024-07,4420.0
U111,Education,2021-07,6508.0
U111,Education,2021-12,18599.0
U111,Educaton,2023-10,6081.0
U111,Fod,2022-04,1300.0
U111,Fod,2024-02,8027.0
U111,Food,2021-02,3002.0
U111,Food,2024-07,2363.0
U111,Foodd,2021-10,1074.0
U111,Foodd,2022-01,4500.0
U111,Foods,2024-04,2099.0
U111,Health,2024-07,5749.0
U111,Helth,2021-01,1824.0
U111,Housing,2021-04,45370.0
U111,Housing,2021-09,6171.0
U111,Others,2024-02,8969.0
U111,Rnt,2023-12,1367.0
U111,Rnt,2024-04,6684.0
U111,Shopping,2021-02,1180.91
U111,Shopping,2024-02,1238.53
U111,Shopping,2024-07,816.5
U111,Transportation,2023-08,1434.0
U111,Traval,2022-03,7111.0
U111,Traval,2022-06,4935.0
U111,Traval,2024-02,7553.0
U111,Traval,2024-05,798.0
U111,Traval,2024-08,1759.0
U111,Utilties,2021-12,6926.0
U111,Utilties,2022-11,6246.0
U112,Education,2024-11,3762.0
U112,Educaton,2023-12,2890.0
U112,Entertainment,2022-11,2512.0
U112,Entertainment,2023-10,8040.0
U112,Entertainment,2023-11,8880.0
U112,Entertainment,2024-06,5246.0
U112,Entrtnmnt,2022-01,9225.0
U112,Fod,2021-09,423.0
U112,Fod,2024-07,3546.0
U112,Food,2023-08,1248.0
U112,Food,2024-09,9231.0
U112,Health,2023-07,3428.0
U112,Shopping,2022-11,1727.62
U112,Shopping,2023-08,500.0
U112,Shopping,2023-10,3274.34
U112,Shopping,2023-11,5100.51
U112,Shopping,2024-06,2693.13
U112,Shopping,2024-09,2809.57
U112,Transportation,2021-10,9783.0
U112,Transportation,2024-10,3941.0
U112,Traval,2022-03,4115.0
U113,Bills,2022-01,361.0
U113,Bills,2022-04,993.0
U113,Education,2022-07,999999999.0
U113,Entertainment,2023-07,8290.0
U113,Fod,2022-12,4901.0
U113,Fod,2023-10,8311.0
U113,Food,2021-10,6805.0
U113,Food,2022-11,3527.0
U113,Food,2023-05,203.0
U113,Food,2024-05,500.0
U113,Foods,2021-05,3570.0
U113,Helth,2022-12,655.0
U113,Housing,2023-11,21950.0
U113,Other,2022-11,999999999.0
U113,Others,2021-08,2278.0
U113,Others,2022-04,4410.0
U113,Rentt,2022-02,47473.0
U113,Rentt,2022-03,33767.0
U113,Rnt,2021-05,5549.0
U113,Rnt,2022-04,8265.0
U113,Rnt,2024-06,9895.0
U113,Savings,2021-01,8747.0
U113,Shopping,2021-08,500.0
U113,Shopping,2021-10,1611.78
U113,Shopping,2022-01,500.0
U113,Shopping,2022-04,807.63
U113,Shopping,2022-11,1085.96
U113,Shopping,2023-05,500.0
U113,Shopping,2023-07,5374.67
U113,Shopping,2024-05,500.0
U113,Transportation,2021-04,1226.0
U113,Transportation,2022-01,5655.0
U113,Transportation,2022-07,1050.0
U113,Transportation,2022-11,6984.0
U113,Traval,2022-06,999999999.0
U113,Traval,2023-10,7110.0
U113,Utility,2021-05,2613.0
U113,Utility,2023-06,907.0
U113,Utilties,2022-04,1850.0
U113,Utilties,2023-06,510.0
U113,Utlities,2024-05,4416.0
U114,Fod,2024-03,8684.0
U114,Food,2021-03,9201.0
U114,Food,2021-10,8768.0
U114,Food,2024-07,3147.0
U114,Foodd,2021-04,1161.0
U114,Foods,2021-01,758.0
U114,Foods,2021-02,3080.0
U114,Housing,2021-01,45894.0
U114,Housing,2021-07,40824.0
U114,Housing,2023-10,9814.0
U114,Other,2023-05,654.0
U114,Rentt,2023-01,28899.0
U114,Shopping,2021-03,3080.72
U114,Shopping,2021-10,2254.41
U114,Shopping,2024-07,1198.8
U114,Traval,2022-03,9958.0
U114,Traval,2024-01,3669.0
U114,Travl,2021-06,2424.0
U114,Travl,2023-07,4456.0
U114,Utility,2024-06,798.0
U115,Bills,2024-04,1904.0
U115,Education,2021-10,5785.0
U115,Education,2022-05,6738.0
U115,Education,2024-08,3639.0
U115,Educaton,2022-04,4457.0
U115,Entertainment,2021-12,2556.0
U115,Entertainment,2022-08,2909.0
U115,Fod,2024-07,6643.0
U115,Fod,2024-09,9138.0
U115,Food,2021-04,2686.0
U115,Food,2022-08,813.0
U115,Foodd,2023-09,1395.0
U115,Health,2024-02,2873.0
U115,Helth,2024-11,402.0
U115,Housing,2021-12,1000.0
U115,Housing,2022-05,12915.0
U115,Rentt,2022-01,17036.0
U115,Rnt,2023-09,9084.0
U115,Saving,2023-11,6289.0
U115,Shopping,2021-04,1061.42
U115,Shopping,2021-12,2118.23
U115,Shopping,2022-08,2016.33
U115,Shopping,2024-04,500.0
U115,Transportation,2021-03,7989.0
U115,Transportation,2024-09,6207.0
U115,Traval,2022-07,1007.0
U115,Traval,2023-05,7220.0
U115,Utility,2024-04,5230.0
U115,Utilties,2021-07,6511.0
U115,Utilties,2023-08,543.0
U116,Bills,2024-10,6754.0
U116,Education,2021-02,7996.0
U116,Education,2023-06,9487.0
U116,Educaton,2023-12,556.0
U116,Entertainment,2022-12,9071.0
U116,Entertainment,2023-01,7428.0
U116,Entrtnmnt,2022-06,2131.0
U116,Fod,2021-01,479.0
U116,Fod,2024-07,7731.0
U116,Food,2023-08,4403.0
U116,Foodd,2021-01,1735.0
U116,Foodd,2021-07,1248.0
U116,Foods,2022-01,490.0
U116,Foods,2022-10,1824.0
U116,Health,2021-02,6892.0
U116,Housing,2021-08,24908.0
U116,Housing,2022-08,30827.0
U116,Housing,2023-02,481.0
U116,Housing,2023-10,2548.0
U116,Housing,2024-02,1110.0
U116,Housing,2024-06,2152.0
U116,Housing,2024-07,1130.0
U116,Rentt,2022-04,26977.0
U116,Rentt,2024-08,18396.0
U116,Rentt,2024-12,12316.0
U116,Rnt,2023-09,5695.0
U116,Savings,2023-12,3832.0
U116,Shopping,2022-12,5297.24
U116,Shopping,2023-01,5240.8
U116,Shopping,2023-08,1577.73
U116,Shopping,2024-10,500.0
U116,Transportation,2021-05,2621.0
U116,Travl,2023-05,2374.0
U116,Utility,2022-12,3306.0
U116,Utilties,2023-05,2988.0
U117,Bills,2021-02,5351.0
U117,Bills,2021-04,9681.0
U117,Bills,2023-07,5270.0
U117,Education,2024-02,4571.0
U117,Entertainment,2022-06,6701.0
U117,Entertainment,2023-01,943.0
U117,Entrtnmnt,2022-12,2980.0
U117,Fod,2021-09,4571.0
U117,Fod,2023-01,3740.0
U117,Fod,2023-04,9476.0
U117,Food,2021-04,427.0
U117,Food,2022-02,1000000643.0
U117,Food,2022-04,1557.0
U117,Food,2022-12,8886.0
U117,Food,2023-02,2184.0
U117,Food,2023-08,14496.0
U117,Foods,2022-11,2424.0
U117,Foods,2024-05,3950.0
U117,Housing,2021-10,3449.0
U117,Housing,2022-03,9065.0
U117,Housing,2024-03,42691.0
U117,Housing,2024-04,4968.0
U117,Rnt,2021-09,9225.0
U117,Rnt,2022-06,2460.0
U117,Rnt,2023-08,3360.0
U117,Rnt,2024-03,883.0
U117,Shopping,2021-02,500.0
U117,Shopping,2021-04,533.89
U117,Shopping,2022-02,18000.0
U117,Shopping,2022-04,656.43
U117,Shopping,2022-06,4984.5
U117,Shopping,2022-12,2881.77
U117,Shopping,2023-01,548.44
U117,Shopping,2023-02,858.43
U117,Shopping,2023-07,500.0
U117,Shopping,2023-08,5441.4
U117,Transportation,2023-06,8182.0
U117,Travl,2021-06,2087.0
U117,Utlities,2024-08,6348.0
U118,Bills,2023-02,1136.0
U118,Education,2021-04,10722.0
U118,Entrtnmnt,2022-08,5061.0
U118,Food,2021-04,3418.0
U118,Food,2022-07,9521.0
U118,Food,2023-02,4300.0
U118,Food,2023-11,3896.0
U118,Foods,2024-09,8440.0
U118,Health,2022-05,392.0
U118,Housing,2023-12,7634.0
U118,Rentt,2022-01,41018.0
U118,Rnt,2024-03,7091.0
U118,Savings,2021-06,4895.0
U118,Savings,2021-08,2858.0
U118,Shopping,2021-04,818.31
U118,Shopping,2022-07,2775.91
U118,Shopping,2023-02,1450.32
U118,Shopping,2023-11,823.06
U118,Transportation,2022-06,9794.0
U118,Transportation,2022-10,7439.0
U118,Transportation,2023-10,9715.0
U118,Transportation,2024-01,552.0
U118,Traval,2022-08,1249.0
U118,Travl,2024-10,6273.0
U118,Utility,2021-10,7019.0
U118,Utility,2024-03,9163.0
U118,Utlities,2021-08,6284.0
U118,Utlities,2024-09,7182.0
U119,Bills,2022-05,5628.0
U119,Bills,2023-05,0.0
U119,Education,2021-01,7472.0
U119,Education,2021-11,1130.0
U119,Education,2023-08,4672.0
U119,Entertainment,2023-10,6971.0
U119,Entrtnmnt,2024-06,8081.0
U119,Fod,2023-12,8181.0
U119,Food,2021-05,4562.0
U119,Food,2021-10,4406.0
U119,Food,2022-05,1364.0
U119,Food,2022-06,6432.0
U119,Food,2023-06,8477.0
U119,Food,2024-11,4921.0
U119,Foods,2024-09,0.0
U119,Health,2024-07,5362.0
U119,Housing,2021-02,7368.0
U119,Housing,2021-06,1869.0
U119,Housing,2023-05,2008.0
U119,Housing,2023-07,6177.0
U119,Housing,2024-10,8007.0
U119,Rentt,2023-01,9301.0
U119,Saving,2021-06,7639.0
U119,Savings,2024-07,2910.0
U119,Shopping,2021-05,1404.54
U119,Shopping,2021-10,1225.1
U119,Shopping,2022-05,707.11
U119,Shopping,2022-06,2652.08
U119,Shopping,2023-06,2850.62
U119,Shopping,2023-10,3250.78
U119,Shopping,2024-11,1638.39
U119,Traval,2022-11,8152.0
U120,Entertainment,2021-04,12920.0
U120,Fod,2021-01,3006.0
U120,Food,2022-07,3926.0
U120,Food,2023-06,3858.0
U120,Food,2024-04,1000.0
U120,Food,2024-06,4321.0
U120,Food,2024-08,5327.0
U120,Food,2024-09,5243.0
U120,Foods,2022-03,982.0
U120,Foods,2024-08,4986.0
U120,Housing,2021-07,15158.0
U120,Housing,2022-03,8331.0
U120,Housing,2023-03,7073.0
U120,Rentt,2024-09,37994.0
U120,Rentt,2024-11,78734.0
U120,Shopping,2021-04,9680.54
U120,Shopping,2022-07,1113.15
U120,Shopping,2023-06,1153.57
U120,Shopping,2024-04,500.0
U120,Shopping,2024-06,1458.74
U120,Shopping,2024-08,1915.05
U120,Shopping,2024-09,1684.56
U120,Transportation,2023-11,6347.0
U120,Travl,2024-10,3165.0
U121,Education,2023-09,4266.0
U121,Educaton,2021-09,413.0
U121,Educaton,2022-04,999999999.0
U121,Entertainment,2023-07,999999.0
U121,Entertainment,2024-02,3360.0
U121,Food,2021-09,3864.0
U121,Food,2022-02,4749.0
U121,Food,2024-07,2839.0
U121,Food,2024-11,2832.0
U121,Foodd,2022-09,4391.0
U121,Foodd,2023-08,980.0
U121,Foods,2024-12,1842.0
U121,Housing,2021-09,3269.0
U121,Housing,2023-02,8287.0
U121,Housing,2023-07,20997.0
U121,Housing,2024-04,1000.0
U121,Rentt,2022-01,49122.0
U121,Rentt,2024-01,28555.0
U121,Savings,2022-11,3084.0
U121,Shopping,2021-09,1383.89
U121,Shopping,2022-02,1482.96
U121,Shopping,2023-07,18000.0
U121,Shopping,2024-02,2083.0
U121,Shopping,2024-07,768.33
U121,Shopping,2024-11,713.52
U121,Transportation,2022-02,5167.0
U121,Traval,2022-07,5855.0
U121,Traval,2022-12,3930.0
U121,Utlities,2022-03,4167.0
U122,Bills,2022-03,7222.0
U122,Education,2021-08,2461.0
U122,Education,2024-08,8854.0
U122,Entertainment,2021-06,9708.0
U122,Entertainment,2021-07,7273.0
U122,Entertainment,2023-03,4219.0
U122,Entrtnmnt,2021-08,7976.0
U122,Food,2021-04,8285.0
U122,Food,2022-03,4220.0
U122,Food,2022-09,4041.0
U122,Food,2023-08,7457.0
U122,Food,2024-04,9907.0
U122,Foodd,2021-09,1204.0
U122,Foodd,2021-12,1806.0
U122,Foods,2022-01,1099.0
U122,Foods,2022-07,514.0
U122,Helth,2022-03,1899.0
U122,Helth,2023-01,2224.0
U122,Housing,2022-10,1738.0
U122,Housing,2023-11,39411.0
U122,Housing,2024-10,5355.0
U122,Rentt,2024-01,27774.0
U122,Shopping,2021-04,3440.85
U122,Shopping,2021-06,5497.72
U122,Shopping,2021-07,3504.03
U122,Shopping,2022-03,1877.8
U122,Shopping,2022-09,1536.05
U122,Shopping,2023-03,1736.26
U122,Shopping,2023-08,1847.44
U122,Shopping,2024-04,3160.2
U122,Traval,2021-04,3078.0
U122,Traval,2022-09,7087.0
U122,Utlities,2024-09,9442.0
U123,Education,2022-12,2352.0
U123,Education,2023-09,18948.0
U123,Entertainment,2021-12,2857.0
U123,Entertainment,2023-02,289.0
U123,Fod,2021-07,2437.0
U123,Food,2021-01,6692.0
U123,Food,2022-04,3783.0
U123,Health,2021-09,5968.0
U123,Health,2021-11,9771.0
U123,Housing,2022-09,4125.0
U123,Housing,2023-10,38882.0
U123,Housing,2024-11,6060.0
U123,Others,2021-11,7164.0
U123,Others,2023-12,6696.0
U123,Rentt,2024-05,5276.0
U123,Rnt,2023-03,5876.0
U123,Shopping,2021-01,3005.37
U123,Shopping,2021-11,1078.26
U123,Shopping,2021-12,1924.65
U123,Shopping,2022-04,1157.51
U123,Shopping,2023-02,500.0
U123,Shopping,2023-12,1076.37
U123,Transportation,2023-01,4565.0
U123,Transportation,2024-12,8592.0
U123,Travl,2021-03,3957.0
U123,Utilties,2023-09,2939.0
U124,Bills,2021-06,9814.0
U124,Education,2021-06,7612.0
U124,Education,2021-07,4359.0
U124,Education,2022-04,4701.0
U124,Education,2023-02,4270.0
U124,Education,2023-06,5203.0
U124,Education,2023-08,2506.0
U124,Entertainment,2021-04,334.0
U124,Entertainment,2022-02,5108.0
U124,Entertainment,2022-11,5706.0
U124,Entertainment,2022-12,9652.0
U124,Entertainment,2023-02,5791.0
U124,Entertainment,2024-01,7288.0
U124,Fod,2024-05,1969.0
U124,Food,2021-05,8136.0
U124,Food,2022-03,4577.0
U124,Food,2023-10,8640.0
U124,Foods,2022-07,4876.0
U124,Foods,2023-06,1667.0
U124,Foods,2024-08,4802.0
U124,Health,2021-10,10452.0
U124,Health,2023-12,4680.0
U124,Savings,2021-03,8044.0
U124,Shopping,2021-04,500.0
U124,Shopping,2021-05,3221.52
U124,Shopping,2021-06,500.0
U124,Shopping,2022-02,3422.98
U124,Shopping,2022-03,1773.88
U124,Shopping,2022-11,3695.66
U124,Shopping,2022-12,6538.97
U124,Shopping,2023-02,2752.39
U124,Shopping,2023-10,1802.5
U124,Shopping,2024-01,5276.62
U124,Transportation,2021-06,8998.0
U124,Transportation,2022-01,5337.0
U124,Transportation,2023-05,834.0
U124,Traval,2023-02,7821.0
U124,Traval,2023-07,1409.0
U124,Travl,2024-03,9004.0
U124,Utility,2023-10,2180.0
U124,Utlities,2021-01,1663.0
U124,Utlities,2023-09,17928.0
U125,Bills,2024-02,999999.0
U125,Education,2021-07,6733.0
U125,Education,2024-12,9963.0
U125,Entertainment,2021-06,3045.0
U125,Entertainment,2024-11,2949.0
U125,Food,2022-06,3514.0
U125,Food,2024-12,6358.0
U125,Foodd,2021-05,685.0
U125,Foods,2022-04,2917.0
U125,Foods,2024-01,793.0
U125,Housing,2022-06,4234.0
U125,Housing,2023-11,17206.0
U125,Housing,2024-01,35329.0
U125,Rentt,2021-04,18032.0
U125,Shopping,2021-06,2174.2
U125,Shopping,2022-06,1029.06
U125,Shopping,2024-02,18000.0
U125,Shopping,2024-11,1725.54
U125,Shopping,2024-12,2556.72
U125,Transportation,2022-08,13858.0
U125,Transportation,2024-09,9698.0
U125,Travl,2022-11,3152.0
U125,Utility,2024-09,4769.0
U125,Utilties,2024-01,1012.0
U125,Utilties,2024-04,7746.0
U125,Utlities,2023-11,3209.0
U126,Education,2021-11,6959.0
U126,Education,2022-10,976.0
U126,Education,2023-06,9690.0
U126,Entertainment,2021-01,1131.0
U126,Entertainment,2021-08,1841.0
U126,Entrtnmnt,2022-07,8568.0
U126,Entrtnmnt,2023-01,4706.0
U126,Fod,2023-01,9399.0
U126,Fod,2023-08,5765.0
U126,Food,2022-01,7663.0
U126,Food,2022-07,129.0
U126,Food,2024-09,2575.0
U126,Foods,2022-10,4409.0
U126,Foods,2024-04,2036.0
U126,Health,2022-02,126.0
U126,Health,2022-12,8703.0
U126,Housing,2022-04,21948.0
U126,Housing,2023-06,6958.0
U126,Housing,2023-07,8358.0
U126,Housing,2024-03,8260.0
U126,Rentt,2021-04,8488.0
U126,Rentt,2024-04,9256.0
U126,Rentt,2024-09,48411.0
U126,Shopping,2021-01,908.73
U126,Shopping,2021-08,1113.0
U126,Shopping,2022-01,2623.44
U126,Shopping,2022-07,500.0
U126,Shopping,2024-09,830.67
U126,Transportation,2023-09,5708.0
U126,Travl,2023-12,3466.0
U126,Travl,2024-07,4985.0
U126,Utility,2021-05,9186.0
U126,Utlities,2022-03,7306.0
U127,Bills,2022-03,6565.0
U127,Educaton,2021-11,2012.0
U127,Fod,2022-10,4274.0
U127,Food,2021-06,3146.0
U127,Food,2024-11,6574.0
U127,Food,2024-12,1113.0
U127,Foodd,2023-04,7960.0
U127,Foodd,2024-03,1845.0
U127,Foodd,2024-06,3629.0
U127,Health,2021-12,445.0
U127,Health,2022-04,7310.0
U127,Helth,2022-06,3774.0
U127,Others,2021-10,9113.0
U127,Rnt,2022-07,999999999.0
U127,Saving,2021-01,3444.0
U127,Shopping,2021-06,1048.38
U127,Shopping,2021-10,1065.62
U127,Shopping,2022-03,500.0
U127,Shopping,2024-11,2839.78
U127,Shopping,2024-12,500.0
U127,Transportation,2022-02,3516.0
U127,Traval,2024-10,1635.0
U127,Utilties,2022-04,7423.0
U128,Education,2022-11,3386.0
U128,Entertainment,2021-02,116.0
U128,Entertainment,2021-08,7052.0
U128,Entertainment,2022-05,5138.0
U128,Entertainment,2022-08,4736.0
U128,Fod,2021-09,2556.0
U128,Fod,2023-05,7101.0
U128,Food,2021-03,6856.0
U128,Food,2022-03,3124.0
U128,Food,2022-04,4096.0
U128,Food,2023-02,3287.0
U128,Food,2023-04,2532.0
U128,Foods,2021-03,2969.0
U128,Foods,2024-11,693.0
U128,Health,2023-11,865.0
U128,Helth,2022-05,8945.0
U128,Housing,2021-10,13468.0
U128,Housing,2021-11,10042.0
U128,Housing,2023-11,35731.0
U128,Rentt,2023-04,42939.0
U128,Rnt,2021-04,8041.0
U128,Rnt,2023-02,5845.0
U128,Saving,2021-04,1323.0
U128,Shopping,2021-02,500.0
U128,Shopping,2021-03,2946.1
U128,Shopping,2021-08,4341.08
U128,Shopping,2022-03,1264.49
U128,Shopping,2022-04,1839.43
U128,Shopping,2022-05,3532.04
U128,Shopping,2022-08,2957.87
U128,Shopping,2023-02,1355.51
U128,Shopping,2023-04,999.27
U128,Transportation,2021-07,2804.0
U128,Travl,2021-08,999999.0
U128,Utilties,2021-08,2678.0
U128,Utlities,2021-02,2190.0
U129,Bills,2021-09,825.0
U129,Bills,2023-07,7048.0
U129,Bills,2024-09,7248.0
U129,Education,2021-02,6905.0
U129,Education,2021-10,8842.0
U129,Education,2022-08,6937.0
U129,Entertainment,2023-10,8846.0
U129,Entertainment,2024-04,6832.0
U129,Food,2022-07,4120.0
U129,Food,2022-08,3906.0
U129,Food,2023-10,244.0
U129,Foodd,2023-11,4990.0
U129,Housing,2023-07,1433.0
U129,Housing,2024-04,4212.0
U129,Rentt,2024-01,33748.0
U129,Rentt,2024-03,28176.0
U129,Rnt,2024-02,3980.0
U129,Saving,2021-07,8549.0
U129,Saving,2022-05,8847.0
U129,Savings,2022-03,13638.0
U129,Shopping,2021-09,500.0
U129,Shopping,2022-07,1402.84
U129,Shopping,2022-08,1159.15
U129,Shopping,2023-07,500.0
U129,Shopping,2023-10,6370.03
U129,Shopping,2024-04,5595.77
U129,Shopping,2024-09,500.0
U129,Transportation,2021-08,500.0
U129,Transportation,2022-07,3222.0
U129,Transportation,2024-09,2345.0
U130,Bills,2022-08,6260.0
U130,Bills,2023-04,4971.0
U130,Bills,2023-12,1048.0
U130,Education,2024-12,6428.0
U130,Entertainment,2021-01,4771.0
U130,Entertainment,2021-07,8532.0
U130,Entertainment,2021-08,6776.0
U130,Entertainment,2023-08,5749.0
U130,Entrtnmnt,2021-01,770.0
U130,Fod,2021-05,8312.0
U130,Fod,2023-12,6016.0
U130,Food,2021-05,4649.0
U130,Food,2021-07,4356.0
U130,Food,2022-11,12392.0
U130,Foodd,2024-03,1537.0
U130,Foodd,2024-06,4780.0
U130,Foodd,2024-12,970.0
U130,Housing,2021-02,4144.0
U130,Housing,2021-05,9056.0
U130,Housing,2021-09,8910.0
U130,Housing,2022-05,15269.0
U130,Rentt,2022-05,41312.0
U130,Rentt,2022-10,94322.0
U130,Rentt,2023-09,5774.0
U130,Rnt,2021-10,4585.0
U130,Shopping,2021-01,3098.67
U130,Shopping,2021-05,2057.93
U130,Shopping,2021-07,6390.35
U130,Shopping,2021-08,3906.71
U130,Shopping,2022-08,500.0
U130,Shopping,2022-11,4428.19
U130,Shopping,2023-04,500.0
U130,Shopping,2023-08,2541.29
U130,Shopping,2023-12,500.0
U130,Transportation,2023-02,3035.0
U130,Transportation,2023-05,8766.0
U130,Transportation,2024-02,6734.0
U130,Traval,2021-12,8143.0
U130,Traval,2024-06,4406.0
U130,Utilties,2023-06,6631.0
U130,Utilties,2023-12,4656.0
U130,Utlities,2023-08,3367.0
U130,Utlities,2024-01,9177.0
U131,Bills,2023-03,0.0
U131,Bills,2023-06,9887.0
U131,Education,2022-06,8762.0
U131,Educaton,2024-04,4796.0
U131,Entertainment,2021-11,5011.0
U131,Entertainment,2022-08,4988.0
U131,Entertainment,2023-06,4916.0
U131,Entrtnmnt,2023-04,4558.0
U131,Food,2021-02,8737.0
U131,Food,2023-09,8927.0
U131,Foodd,2022-04,2707.0
U131,Health,2022-07,667.0
U131,Health,2022-08,9872.0
U131,Health,2024-12,8102.0
U131,Housing,2021-02,16334.0
U131,Housing,2021-07,7752.0
U131,Housing,2021-09,1370.0
U131,Housing,2021-10,8777.0
U131,Housing,2022-11,9110.0
U131,Housing,2024-09,538.0
U131,Rnt,2021-01,14875.0
U131,Rnt,2022-03,7766.0
U131,Rnt,2023-05,9589.0
U131,Shopping,2021-02,3228.1
U131,Shopping,2021-11,3716.47
U131,Shopping,2022-08,3183.98
U131,Shopping,2023-06,3351.21
U131,Shopping,2023-09,2988.92
U131,Transportation,2022-05,7769.0
U131,Transportation,2022-06,7074.0
U131,Transportation,2022-09,8740.0
U131,Transportation,2023-02,8929.0
U131,Transportation,2023-09,5947.0
U131,Utility,2023-02,922.0
U131,Utilties,2021-07,3056.0
U131,Utilties,2022-03,5681.0
U131,Utilties,2022-04,999999.0
U131,Utilties,2023-05,9268.0
U131,Utlities,2023-10,3573.0
U132,Bills,2023-06,1926.0
U132,Education,2021-09,268.0
U132,Educaton,2023-11,4468.0
U132,Entertainment,2022-10,1461.0
U132,Entertainment,2022-12,5474.0
U132,Entertainment,2023-08,2599.0
U132,Entertainment,2024-10,8167.0
U132,Fod,2022-09,6082.0
U132,Food,2021-10,1824.0
U132,Foods,2022-07,247.0
U132,Health,2022-06,11224.0
U132,Health,2024-08,9510.0
U132,Helth,2021-12,7509.0
U132,Housing,2021-02,6147.0
U132,Housing,2022-11,41374.0
U132,Housing,2023-01,692.0
U132,Housing,2023-08,8348.0
U132,Housing,2024-06,41736.0
U132,Rentt,2022-05,34555.0
U132,Rentt,2023-08,5906.0
U132,Savings,2021-09,2670.0
U132,Savings,2022-08,7586.0
U132,Savings,2022-09,5714.0
U132,Shopping,2021-10,598.37
U132,Shopping,2022-10,789.38
U132,Shopping,2022-12,2715.58
U132,Shopping,2023-06,500.0
U132,Shopping,2023-08,1278.1
U132,Shopping,2024-10,3648.33
U132,Transportation,2022-12,7375.0
U132,Transportation,2024-04,2771.0
U132,Transportation,2024-12,4421.0
U132,Utility,2024-03,1582.0
U133,Bills,2021-06,4058.0
U133,Bills,2024-12,5565.0
U133,Education,2024-10,8452.0
U133,Entertainment,2023-09,9154.0
U133,Entrtnmnt,2021-12,4206.0
U133,Fod,2023-03,8987.0
U133,Food,2021-11,1391.0
U133,Food,2024-04,6800.0
U133,Health,2024-03,8124.0
U133,Housing,2021-05,4181.0
U133,Housing,2023-04,7647.0
U133,Shopping,2021-06,500.0
U133,Shopping,2021-11,500.0
U133,Shopping,2023-09,3608.49
U133,Shopping,2024-04,2494.94
U133,Shopping,2024-12,500.0
U133,Transportation,2021-05,500.0
U133,Transportation,2024-03,802.0
U133,Traval,2021-08,1690.0
U133,Travl,2022-12,9818.0
U133,Travl,2023-05,3019.0
U134,Bills,2024-09,3520.0
U134,Education,2021-06,2864.0
U134,Education,2022-11,2816.0
U134,Educaton,2023-06,463.0
U134,Entertainment,2021-03,8794.0
U134,Entertainment,2021-10,3438.0
U134,Entertainment,2021-12,9882.0
U134,Entertainment,2023-04,6150.0
U134,Entrtnmnt,2022-06,3769.0
U134,Fod,2021-06,9185.0
U134,Fod,2024-12,2788.0
U134,Food,2021-04,3570.0
U134,Food,2021-05,4512.0
U134,Food,2021-12,3784.0
U134,Food,2023-11,2443.0
U134,Food,2024-02,4592.0
U134,Foodd,2021-05,1350.0
U134,Foodd,2022-11,3697.0
U134,Housing,2022-01,20778.0
U134,Housing,2022-04,35598.0
U134,Housing,2022-07,6030.0
U134,Housing,2023-03,8180.0
U134,Rentt,2022-06,45903.0
U134,Saving,2022-06,5296.0
U134,Shopping,2021-03,6664.27
U134,Shopping,2021-04,1555.36
U134,Shopping,2021-05,1652.59
U134,Shopping,2021-10,1660.3
U134,Shopping,2021-12,5995.89
U134,Shopping,2023-04,4163.2
U134,Shopping,2023-11,870.66
U134,Shopping,2024-02,2072.52
U134,Shopping,2024-09,500.0
U134,Transportation,2022-07,7864.0
U134,Transportation,2022-12,5608.0
U134,Transportation,2023-09,1000.0
U134,Transportation,2024-01,5749.0
U134,Travl,2021-06,1227.0
U134,Utility,2022-10,941.0
U134,Utility,2024-09,5000.0
U135,Bills,2021-02,936.0
U135,Bills,2023-02,8122.0
U135,Education,2021-12,6137.0
U135,Educaton,2021-04,3432.0
U135,Entertainment,2023-04,7204.0
U135,Food,2021-11,1684.0
U135,Food,2024-10,1410.0
U135,Health,2021-02,3427.0
U135,Housing,2022-01,3464.0
U135,Housing,2023-05,20394.0
U135,Rentt,2021-01,49188.0
U135,Rentt,2021-11,32436.0
U135,Rentt,2022-08,7471.0
U135,Rentt,2023-04,25762.0
U135,Rentt,2023-08,29882.0
U135,Rnt,2021-12,2366.0
U135,Rnt,2023-03,8735.0
U135,Rnt,2024-06,6653.0
U135,Shopping,2021-02,500.0
U135,Shopping,2021-11,500.0
U135,Shopping,2023-02,500.0
U135,Shopping,2023-04,4782.51
U135,Shopping,2024-10,500.0
U135,Transportation,2021-08,1664.0
U135,Transportation,2022-02,895.0
U135,Transportation,2022-04,6811.0
U135,Transportation,2024-02,7009.0
U135,Transportation,2024-10,7390.0
U135,Traval,2021-02,9142.0
U135,Traval,2024-12,1829.0
U136,Bills,2021-05,8101.0
U136,Bills,2021-06,4713.0
U136,Bills,2024-08,4600.0
U136,Educaton,2023-05,128.0
U136,Entertainment,2021-10,6960.0
U136,Entertainment,2023-11,9022.0
U136,Entertainment,2023-12,114.0
U136,Entrtnmnt,2021-05,9557.0
U136,Entrtnmnt,2021-07,6819.0
U136,Fod,2024-07,8525.0
U136,Fod,2024-08,6848.0
U136,Food,2023-09,920.0
U136,Food,2023-10,1199.0
U136,Food,2024-12,0.0
U136,Foodd,2021-11,3884.0
U136,Foodd,2024-08,3972.0
U136,Housing,2021-02,5806.0
U136,Housing,2021-12,8689.0
U136,Housing,2023-01,5615.0
U136,Rentt,2022-03,28183.0
U136,Saving,2022-01,7524.0
U136,Savings,2021-09,5331.0
U136,Shopping,2021-05,500.0
U136,Shopping,2021-06,500.0
U136,Shopping,2021-10,3573.28
U136,Shopping,2023-09,500.0
U136,Shopping,2023-10,500.0
U136,Shopping,2023-11,4862.43
U136,Shopping,2023-12,500.0
U136,Shopping,2024-08,500.0
U136,Transportation,2021-02,1859.0
U136,Transportation,2022-04,2358.0
U136,Transportation,2022-12,6515.0
U136,Transportation,2024-02,3255.0
U136,Traval,2024-02,1000.0
U136,Utility,2022-12,497.0
U137,Bills,2024-08,3017.0
U137,Education,2024-11,3417.0
U137,Educaton,2023-03,3473.0
U137,Entertainment,2024-05,10609.0
U137,Entrtnmnt,2021-04,887.0
U137,Fod,2022-08,1350.0
U137,Food,2023-04,4427.0
U137,Food,2024-09,1554.0
U137,Foodd,2024-09,1771.0
U137,Foods,2021-08,822.0
U137,Foods,2021-10,1530.0
U137,Foods,2022-05,3897.0
U137,Foods,2023-06,2538.0
U137,Housing,2024-01,5192.0
U137,Rentt,2021-02,37834.0
U137,Rentt,2022-12,12773.0
U137,Rentt,2023-08,19429.0
U137,Rnt,2022-02,6343.0
U137,Savings,2024-05,3336.0
U137,Shopping,2023-04,1354.75
U137,Shopping,2024-05,6110.28
U137,Shopping,2024-08,500.0
U137,Shopping,2024-09,500.0
U137,Transportation,2023-10,9941.0
U137,Traval,2024-06,3341.0
U137,Travl,2021-02,4885.0
U137,Utility,2021-02,8841.0
U137,Utility,2022-07,9048.0
U137,Utilties,2021-09,4669.0
U138,Bills,2022-02,9886.0
U138,Education,2024-03,366.0
U138,Entertainment,2024-05,8867.0
U138,Entrtnmnt,2023-10,6236.0
U138,Food,2021-02,5375.0
U138,Food,2021-11,6474.0
U138,Food,2022-10,4476.0
U138,Food,2023-01,483.0
U138,Food,2023-02,2488.0
U138,Food,2023-07,4069.0
U138,Foodd,2023-02,4221.0
U138,Foods,2021-11,999999.0
U138,Housing,2021-01,29287.0
U138,Housing,2022-09,1413.0
U138,Housing,2022-10,5719.0
U138,Housing,2024-03,9968.0
U138,Rentt,2021-03,16454.0
U138,Rentt,2023-12,22648.0
U138,Rnt,2022-06,7229.0
U138,Rnt,2024-04,7820.0
U138,Savings,2024-11,212.0
U138,Shopping,2021-02,1330.33
U138,Shopping,2021-11,1527.26
U138,Shopping,2022-02,500.0
U138,Shopping,2022-10,1465.28
U138,Shopping,2023-01,500.0
U138,Shopping,2023-02,1112.02
U138,Shopping,2023-07,782.5
U138,Shopping,2024-05,5883.52
U138,Transportation,2021-06,9886.0
U138,Transportation,2021-12,2543.0
U138,Transportation,2022-12,2715.0
U138,Transportation,2024-12,4471.0
U138,Traval,2022-12,7727.0
U138,Utlities,2023-09,5585.0
U139,Education,2021-03,1707.0
U139,Education,2024-01,8082.0
U139,Educaton,2021-11,5298.0
U139,Educaton,2024-11,1120.0
U139,Entertainment,2023-10,8002.0
U139,Fod,2022-10,7649.0
U139,Fod,2024-04,8873.0
U139,Food,2021-07,4399.0
U139,Food,2023-05,4373.0
U139,Food,2024-07,9180.0
U139,Food,2024-10,3913.0
U139,Foodd,2023-12,2098.0
U139,Foods,2021-03,2214.0
U139,Foods,2021-09,5778.0
U139,Foods,2022-11,3061.0
U139,Health,2024-01,4591.0
U139,Helth,2023-12,5593.0
U139,Housing,2021-09,1558.0
U139,Housing,2021-11,30096.0
U139,Housing,2024-12,6330.0
U139,Shopping,2021-07,1847.33
U139,Shopping,2023-05,1304.54
U139,Shopping,2023-10,4197.01
U139,Shopping,2024-07,2712.92
U139,Shopping,2024-10,1092.27
U139,Transportation,2022-08,557.0
U139,Transportation,2023-02,8651.0
U139,Utlities,2022-01,6335.0
U139,Utlities,2024-03,302.0
U140,Bills,2023-10,9910.0
U140,Education,2021-06,6278.0
U140,Education,2022-08,2979.0
U140,Education,2024-01,7019.0
U140,Food,2022-04,5671.0
U140,Health,2021-05,13304.0
U140,Health,2021-06,8863.0
U140,Housing,2022-08,6319.0
U140,Other,2021-06,8365.0
U140,Rentt,2023-04,32922.0
U140,Shopping,2022-04,2011.57
U140,Shopping,2023-10,500.0
U140,Transportation,2022-05,7868.0
U140,Transportation,2023-01,7635.0
U140,Transportation,2023-11,9442.0
U140,Traval,2023-06,4324.0
U140,Travl,2021-05,4433.0
U140,Utility,2024-01,1915.0
U140,Utilties,2023-08,3794.0
U140,Utlities,2023-11,999999999.0
U141,Education,2021-10,9725.0
U141,Education,2022-12,754.0
U141,Educaton,2023-10,1544.0
U141,Entertainment,2021-11,521.0
U141,Entertainment,2021-12,8622.0
U141,Entertainment,2023-04,6453.0
U141,Entrtnmnt,2022-09,6631.0
U141,Fod,2021-04,7760.0
U141,Fod,2022-09,1546.0
U141,Fod,2024-12,500.0
U141,Food,2021-06,3915.0
U141,Food,2021-08,2671.0
U141,Food,2023-05,4645.0
U141,Food,2023-09,2511.0
U141,Food,2024-07,5667.0
U141,Food,2024-09,8723.0
U141,Food,2024-11,6601.0
U141,Foodd,2021-01,116.0
U141,Foodd,2021-08,3478.0
U141,Foodd,2024-05,301.0
U141,Foods,2024-11,972.0
U141,Health,2023-02,9973.0
U141,Helth,2023-03,2844.0
U141,Housing,2021-08,77812.0
U141,Housing,2022-07,6833.0
U141,Housing,2022-12,39024.0
U141,Housing,2023-07,4733.0
U141,Rnt,2021-10,4301.0
U141,Rnt,2023-02,6927.0
U141,Savings,2021-07,4354.0
U141,Savings,2022-08,9615.0
U141,Shopping,2021-06,1773.08
U141,Shopping,2021-08,823.31
U141,Shopping,2021-11,500.0
U141,Shopping,2021-12,5202.65
U141,Shopping,2023-04,5301.7
U141,Shopping,2023-05,1665.54
U141,Shopping,2023-09,825.5
U141,Shopping,2024-07,2015.46
U141,Shopping,2024-09,4237.41
U141,Shopping,2024-11,2520.03
U141,Travl,2022-11,5832.0
U141,Utility,2024-02,6463.0
U141,Utlities,2021-06,5832.0
U142,Bills,2021-06,4770.0
U142,Bills,2022-04,8453.0
U142,Education,2021-10,8562.0
U142,Education,2023-12,6003.0
U142,Education,2024-01,6696.0
U142,Entrtnmnt,2022-08,8247.0
U142,Fod,2021-04,2770.0
U142,Fod,2022-04,2225.0
U142,Fod,2022-06,4504.0
U142,Food,2021-03,7589.0
U142,Food,2022-07,2130.0
U142,Food,2022-12,8248.0
U142,Foodd,2022-04,195.0
U142,Foods,2021-12,4476.0
U142,Housing,2023-01,4409.0
U142,Housing,2023-10,7298.0
U142,Rentt,2023-06,47099.0
U142,Rnt,2021-02,955.0
U142,Saving,2021-03,4922.0
U142,Savings,2024-01,9818.0
U142,Shopping,2021-03,2544.02
U142,Shopping,2021-06,500.0
U142,Shopping,2022-04,500.0
U142,Shopping,2022-07,659.6
U142,Shopping,2022-12,3306.47
U142,Transportation,2021-06,3417.0
U142,Transportation,2022-06,6297.0
U142,Transportation,2024-09,4990.0
U142,Utilties,2021-08,7308.0
U142,Utlities,2022-04,5298.0
U143,Education,2022-07,6714.0
U143,Education,2023-08,7208.0
U143,Entertainment,2021-12,999999999.0
U143,Entertainment,2023-01,4205.0
U143,Entertainment,2023-02,2505.0
U143,Entertainment,2023-11,6068.0
U143,Entertainment,2024-04,500.0
U143,Food,2021-03,231.0
U143,Food,2021-11,812.0
U143,Food,2022-09,3476.0
U143,Food,2023-07,0.0
U143,Food,2024-05,6257.0
U143,Helth,2021-02,2303.0
U143,Housing,2021-08,32134.0
U143,Others,2022-11,3418.0
U143,Rentt,2021-09,14330.0
U143,Rentt,2023-05,43829.0
U143,Rnt,2023-03,1614.0
U143,Shopping,2021-03,500.0
U143,Shopping,2021-11,500.0
U143,Shopping,2021-12,18000.0
U143,Shopping,2022-09,1179.55
U143,Shopping,2022-11,525.66
U143,Shopping,2023-01,1810.73
U143,Shopping,2023-02,1778.53
U143,Shopping,2023-11,2946.0
U143,Shopping,2024-04,500.0
U143,Shopping,2024-05,2256.26
U143,Transportation,2021-03,5733.0
U143,Transportation,2021-05,7640.0
U143,Transportation,2022-03,9687.0
U143,Utility,2021-02,150.0
U144,Bills,2022-03,1686.0
U144,Education,2022-09,2141.0
U144,Education,2024-01,2031.0
U144,Entertainment,2021-10,3458.0
U144,Entertainment,2022-07,2499.0
U144,Entertainment,2024-12,4274.0
U144,Entrtnmnt,2023-01,5531.0
U144,Fod,2022-04,3385.0
U144,Food,2022-10,9164.0
U144,Food,2023-04,5997.0
U144,Foodd,2022-12,3359.0
U144,Foodd,2024-08,3043.0
U144,Housing,2021-06,4927.0
U144,Housing,2021-11,8646.0
U144,Housing,2022-09,9400.0
U144,Housing,2022-12,26635.0
U144,Rnt,2021-11,9872.0
U144,Rnt,2022-02,4254.0
U144,Savings,2022-01,6609.0
U144,Shopping,2021-10,1957.0
U144,Shopping,2022-03,500.0
U144,Shopping,2022-07,1630.82
U144,Shopping,2022-10,2344.12
U144,Shopping,2023-04,2098.24
U144,Shopping,2024-12,2324.42
U144,Transportation,2021-03,404.0
U144,Transportation,2023-09,6539.0
U144,Traval,2021-12,8281.0
U144,Traval,2022-06,4502.0
U144,Utility,2022-06,9535.0
U144,Utilties,2022-08,6908.0
U145,Bills,2024-11,7185.0
U145,Education,2024-07,7630.0
U145,Entertainment,2022-10,6690.0
U145,Entertainment,2024-02,257.0
U145,Entertainment,2024-05,6812.0
U145,Entrtnmnt,2021-11,6351.0
U145,Fod,2024-01,838.0
U145,Food,2021-03,4090.0
U145,Food,2022-04,3156.0
U145,Food,2022-09,11968.0
U145,Food,2024-11,1792.0
U145,Health,2021-11,9693.0
U145,Health,2024-08,1761.0
U145,Housing,2022-11,6540.0
U145,Housing,2022-12,40564.0
U145,Housing,2023-05,6741.0
U145,Housing,2023-06,13520.0
U145,Other,2023-11,369.0
U145,Rnt,2024-11,481.0
U145,Shopping,2021-03,1534.5
U145,Shopping,2022-04,1233.83
U145,Shopping,2022-09,3232.24
U145,Shopping,2022-10,4168.84
U145,Shopping,2024-02,500.0
U145,Shopping,2024-05,2963.96
U145,Shopping,2024-11,602.87
U145,Transportation,2022-01,8773.0
U145,Transportation,2023-08,789.0
U145,Traval,2024-04,8099.0
U145,Traval,2024-06,3982.0
U145,Travl,2023-09,9011.0
U145,Utility,2021-01,7391.0
U145,Utlities,2024-10,934.0
U146,Education,2024-01,4596.0
U146,Entertainment,2024-06,1000.0
U146,Entrtnmnt,2023-06,8190.0
U146,Food,2021-01,8808.0
U146,Food,2021-08,5936.0
U146,Food,2022-04,3287.0
U146,Food,2023-03,500.0
U146,Food,2023-08,8644.0
U146,Foods,2023-05,4506.0
U146,Health,2021-12,5865.0
U146,Housing,2022-12,8920.0
U146,Housing,2023-11,10666.0
U146,Housing,2024-08,29663.0
U146,Rentt,2022-11,70884.0
U146,Rnt,2022-01,5581.0
U146,Rnt,2022-12,3832.0
U146,Rnt,2023-06,4974.0
U146,Shopping,2021-01,3199.79
U146,Shopping,2021-08,1865.3
U146,Shopping,2022-04,1209.8
U146,Shopping,2023-03,500.0
U146,Shopping,2023-08,2917.41
U146,Shopping,2024-06,690.97
U146,Transportation,2021-02,5885.0
U146,Transportation,2022-03,2118.0
U146,Transportation,2023-08,1661.0
U146,Traval,2023-09,6310.0
U146,Travl,2021-01,6659.0
U146,Travl,2023-02,8082.0
U146,Utility,2023-01,2586.0
U147,Bills,2021-05,6185.0
U147,Education,2021-06,9379.0
U147,Education,2022-08,4310.0
U147,Education,2024-07,8270.0
U147,Education,2024-08,885.0
U147,Education,2024-11,2247.0
U147,Entertainment,2021-08,7807.0
U147,Entertainment,2024-09,6379.0
U147,Entrtnmnt,2022-09,7781.0
U147,Food,2023-03,113.0
U147,Food,2023-12,7874.0
U147,Foodd,2022-06,2357.0
U147,Foods,2023-07,400.0
U147,Foods,2024-12,707.0
U147,Housing,2023-06,8290.0
U147,Housing,2024-10,287.0
U147,Housing,2024-12,91094.0
U147,Rentt,2021-05,36216.0
U147,Shopping,2021-05,500.0
U147,Shopping,2021-08,3542.16
U147,Shopping,2023-03,500.0
U147,Shopping,2023-12,2883.3
U147,Shopping,2024-09,4222.6
U147,Transportation,2024-09,5935.0
U147,Utility,2022-11,7454.0
U147,Utility,2024-07,6722.0
U147,Utlities,2023-11,17008.0
U148,Bills,2023-01,4832.0
U148,Education,2024-06,5353.0
U148,Education,2024-12,3983.0
U148,Entertainment,2022-01,5387.0
U148,Entertainment,2022-09,4759.0
U148,Entrtnmnt,2023-06,2340.0
U148,Food,2024-07,7503.0
U148,Food,2024-09,2460.0
U148,Foods,2022-05,3279.0
U148,Foods,2024-10,3087.0
U148,Health,2022-10,2691.0
U148,Helth,2022-10,5101.0
U148,Housing,2024-06,11741.0
U148,Others,2021-07,6889.0
U148,Rentt,2024-08,42663.0
U148,Shopping,2021-07,923.55
U148,Shopping,2022-01,2015.98
U148,Shopping,2022-09,1910.75
U148,Shopping,2023-01,500.0
U148,Shopping,2024-07,2296.04
U148,Shopping,2024-09,740.36
U148,Transportation,2023-03,6515.0
U148,Transportation,2024-11,7804.0
U148,Travl,2021-08,9178.0
U149,Education,2022-06,1671.0
U149,Education,2023-11,18952.0
U149,Education,2024-05,6736.0
U149,Educaton,2022-10,6328.0
U149,Entertainment,2021-06,4825.0
U149,Entertainment,2022-01,9509.0
U149,Entertainment,2024-06,8065.0
U149,Entrtnmnt,2022-03,9061.0
U149,Entrtnmnt,2023-08,6696.0
U149,Food,2021-10,9139.0
U149,Food,2022-08,3512.0
U149,Food,2023-03,194.0
U149,Food,2024-01,3726.0
U149,Foods,2021-01,3226.0
U149,Foods,2024-06,880.0
U149,Housing,2021-08,9638.0
U149,Housing,2023-01,7327.0
U149,Housing,2024-12,8350.0
U149,Others,2021-12,7781.0
U149,Savings,2022-04,6985.0
U149,Savings,2024-09,14006.0
U149,Shopping,2021-06,2912.87
U149,Shopping,2021-10,2828.55
U149,Shopping,2021-12,1363.11
U149,Shopping,2022-01,5291.82
U149,Shopping,2022-08,986.19
U149,Shopping,2023-03,500.0
U149,Shopping,2024-01,1023.03
U149,Shopping,2024-06,5140.71
U149,Transportation,2022-06,8214.0
U149,Traval,2021-09,6231.0
U149,Traval,2023-05,5933.0
U149,Travl,2021-05,5005.0
U149,Travl,2023-07,6880.0
U149,Utility,2024-11,1954.0
U149,Utility,2024-12,8836.0
U149,Utilties,2023-08,2074.0
U149,Utlities,2021-04,3191.0
U150,Bills,2021-10,6569.0
U150,Food,2024-03,4055.0
U150,Health,2022-05,9279.0
U150,Health,2024-11,2420.0
U150,Rentt,2021-05,47628.0
U150,Rentt,2021-09,13459.0
U150,Rnt,2022-03,7063.0
U150,Rnt,2023-12,2166.0
U150,Savings,2023-12,3478.0
U150,Savings,2024-07,6164.0
U150,Shopping,2021-10,500.0
U150,Shopping,2024-03,1496.63
U150,Transportation,2021-12,3009.0
U150,Transportation,2022-12,2515.0
U150,Transportation,2023-03,1248.0
U150,Travl,2022-02,5563.0
U150,Utilties,2022-03,999999.0
