user_id,category,month,amount
1.0,Bills,2023-01,3203.14
2.0,Bills,2023-01,1410.12
3.0,Bills,2023-01,1093.77
4.0,Bills,2023-01,2998.45
5.0,Bills,2023-01,1135.34
6.0,Bills,2023-01,1240.45
7.0,Bills,2023-01,1437.69
8.0,Bills,2023-01,3310.04
9.0,Bills,2023-01,3563.08
10.0,Bills,2023-01,3378.04
11.0,Bills,2023-01,1041.05
12.0,Bills,2023-01,1767.46
13.0,Bills,2023-01,822.03
14.0,Bills,2023-01,955.12
15.0,Bills,2023-01,2182.32
16.0,Bills,2023-01,1686.45
17.0,Bills,2023-01,1528.37
18.0,Bills,2023-01,1063.89
19.0,Bills,2023-01,2818.54
20.0,Bills,2023-01,2364.01
21.0,Bills,2023-01,1808.82
22.0,Bills,2023-01,2295.65
23.0,Bills,2023-01,2211.62
24.0,Bills,2023-01,3454.13
25.0,Bills,2023-01,1478.16
26.0,Bills,2023-01,1007.9
27.0,Bills,2023-01,2731.21
28.0,Bills,2023-01,1202.58
29.0,Bills,2023-01,3165.02
30.0,Bills,2023-01,1988.64
31.0,Bills,2023-01,1539.01
32.0,Bills,2023-01,1921.62
33.0,Bills,2023-01,1782.55
34.0,Bills,2023-01,1319.96
35.0,Bills,2023-01,3425.29
36.0,Bills,2023-01,3167.96
37.0,Bills,2023-01,1511.88
38.0,Bills,2023-01,2517.05
39.0,Bills,2023-01,1165.77
40.0,Bills,2023-01,1937.57
41.0,Bills,2023-01,964.92
42.0,Bills,2023-01,1452.69
43.0,Bills,2023-01,2566.23
44.0,Bills,2023-01,1395.07
45.0,Bills,2023-01,2765.01
46.0,Bills,2023-01,2814.16
47.0,Bills,2023-01,1370.72
48.0,Bills,2023-01,2478.84
49.0,Bills,2023-01,1824.83
50.0,Bills,2023-01,1823.88
51.0,Bills,2023-01,1177.18
52.0,Bills,2023-01,1431.23
53.0,Bills,2023-01,3155.46
54.0,Bills,2023-01,1160.21
55.0,Bills,2023-01,3454.37
56.0,Bills,2023-01,1147.64
57.0,Bills,2023-01,1133.24
58.0,Bills,2023-01,2175.73
59.0,Bills,2023-01,2106.17
60.0,Bills,2023-01,2575.14
61.0,Bills,2023-01,2221.38
62.0,Bills,2023-01,2630.02
63.0,Bills,2023-01,1314.02
64.0,Bills,2023-01,1346.49
65.0,Bills,2023-01,3284.18
66.0,Bills,2023-01,1143.29
67.0,Bills,2023-01,3175.52
68.0,Bills,2023-01,2552.43
69.0,Bills,2023-01,2157.6
70.0,Bills,2023-01,2640.62
71.0,Bills,2023-01,2729.28
72.0,Bills,2023-01,995.48
73.0,Bills,2023-01,2462.45
74.0,Bills,2023-01,2075.89
75.0,Bills,2023-01,2856.02
76.0,Bills,2023-01,2084.07
77.0,Bills,2023-01,2044.19
78.0,Bills,2023-01,3666.64
79.0,Bills,2023-01,3398.09
80.0,Bills,2023-01,1973.71
81.0,Bills,2023-01,2138.39
82.0,Bills,2023-01,2920.06
83.0,Bills,2023-01,867.65
84.0,Bills,2023-01,2632.67
85.0,Bills,2023-01,1784.3
86.0,Bills,2023-01,3093.5
87.0,Bills,2023-01,1678.83
88.0,Bills,2023-01,1443.34
89.0,Bills,2023-01,1206.19
90.0,Bills,2023-01,1868.05
91.0,Bills,2023-01,2742.97
92.0,Bills,2023-01,2443.97
93.0,Bills,2023-01,1993.49
94.0,Bills,2023-01,2254.81
95.0,Bills,2023-01,3664.03
96.0,Bills,2023-01,788.89
97.0,Bills,2023-01,968.77
98.0,Bills,2023-01,1244.56
99.0,Bills,2023-01,3426.78
100.0,Bills,2023-01,1764.21
101.0,Bills,2023-01,1331.78
102.0,Bills,2023-01,1154.86
103.0,Bills,2023-01,773.79
104.0,Bills,2023-01,1326.3
105.0,Bills,2023-01,1123.11
106.0,Bills,2023-01,2060.74
107.0,Bills,2023-01,2720.42
108.0,Bills,2023-01,2780.15
109.0,Bills,2023-01,1968.5
110.0,Bills,2023-01,2856.22
111.0,Bills,2023-01,2931.09
112.0,Bills,2023-01,1833.13
113.0,Bills,2023-01,3021.23
114.0,Bills,2023-01,1991.59
115.0,Bills,2023-01,2836.47
116.0,Bills,2023-01,2138.96
117.0,Bills,2023-01,1922.79
118.0,Bills,2023-01,1259.34
119.0,Bills,2023-01,3081.69
120.0,Bills,2023-01,2537.66
1.0,Bills,2023-02,3706.89
2.0,Bills,2023-02,1426.77
3.0,Bills,2023-02,1178.37
4.0,Bills,2023-02,3390.67
5.0,Bills,2023-02,1175.97
6.0,Bills,2023-02,1349.23
7.0,Bills,2023-02,1439.74
8.0,Bills,2023-02,3784.21
9.0,Bills,2023-02,3881.04
10.0,Bills,2023-02,3533.33
11.0,Bills,2023-02,1177.88
12.0,Bills,2023-02,1751.78
13.0,Bills,2023-02,855.9
14.0,Bills,2023-02,1128.12
15.0,Bills,2023-02,2234.75
16.0,Bills,2023-02,1921.89
17.0,Bills,2023-02,1616.93
18.0,Bills,2023-02,1099.61
19.0,Bills,2023-02,3509.27
20.0,Bills,2023-02,2306.96
21.0,Bills,2023-02,1899.89
22.0,Bills,2023-02,2495.57
23.0,Bills,2023-02,2186.35
24.0,Bills,2023-02,3408.86
25.0,Bills,2023-02,1673.57
26.0,Bills,2023-02,1162.25
27.0,Bills,2023-02,2579.49
28.0,Bills,2023-02,1128.72
29.0,Bills,2023-02,3307.1
30.0,Bills,2023-02,2351.98
31.0,Bills,2023-02,1840.14
32.0,Bills,2023-02,2030.99
33.0,Bills,2023-02,1771.44
34.0,Bills,2023-02,1324.05
35.0,Bills,2023-02,3548.21
36.0,Bills,2023-02,3479.25
37.0,Bills,2023-02,1575.34
38.0,Bills,2023-02,2676.58
39.0,Bills,2023-02,1288.67
40.0,Bills,2023-02,2081.56
41.0,Bills,2023-02,1130.83
42.0,Bills,2023-02,1624.19
43.0,Bills,2023-02,2588.75
44.0,Bills,2023-02,1582.1
45.0,Bills,2023-02,3119.61
46.0,Bills,2023-02,3023.87
47.0,Bills,2023-02,1573.9
48.0,Bills,2023-02,2618.03
49.0,Bills,2023-02,2171.66
50.0,Bills,2023-02,2117.58
51.0,Bills,2023-02,1292.2
52.0,Bills,2023-02,1669.36
53.0,Bills,2023-02,3726.48
54.0,Bills,2023-02,1277.2
55.0,Bills,2023-02,3525.46
56.0,Bills,2023-02,1238.12
57.0,Bills,2023-02,1152.8
58.0,Bills,2023-02,2565.36
59.0,Bills,2023-02,2122.05
60.0,Bills,2023-02,2993.27
61.0,Bills,2023-02,2277.51
62.0,Bills,2023-02,2986.48
63.0,Bills,2023-02,1375.44
64.0,Bills,2023-02,1431.28
65.0,Bills,2023-02,3292.28
66.0,Bills,2023-02,1044.36
67.0,Bills,2023-02,3296.76
68.0,Bills,2023-02,2849.78
69.0,Bills,2023-02,2523.33
70.0,Bills,2023-02,2897.68
71.0,Bills,2023-02,2963.5
72.0,Bills,2023-02,993.34
73.0,Bills,2023-02,2777.4
74.0,Bills,2023-02,2393.99
75.0,Bills,2023-02,3152.76
76.0,Bills,2023-02,2614.83
77.0,Bills,2023-02,2181.46
78.0,Bills,2023-02,3743.72
79.0,Bills,2023-02,3604.06
80.0,Bills,2023-02,2061.63
81.0,Bills,2023-02,2252.94
82.0,Bills,2023-02,2978.32
83.0,Bills,2023-02,1015.8
84.0,Bills,2023-02,2698.32
85.0,Bills,2023-02,1844.15
86.0,Bills,2023-02,3171.33
87.0,Bills,2023-02,1693.52
88.0,Bills,2023-02,1475.31
89.0,Bills,2023-02,1236.41
90.0,Bills,2023-02,2152.67
91.0,Bills,2023-02,2947.54
92.0,Bills,2023-02,2668.88
93.0,Bills,2023-02,2115.09
94.0,Bills,2023-02,2403.42
95.0,Bills,2023-02,3894.76
96.0,Bills,2023-02,906.68
97.0,Bills,2023-02,1007.11
98.0,Bills,2023-02,1302.15
99.0,Bills,2023-02,3348.02
100.0,Bills,2023-02,1677.62
101.0,Bills,2023-02,1319.11
102.0,Bills,2023-02,1284.56
103.0,Bills,2023-02,833.21
104.0,Bills,2023-02,1584.08
105.0,Bills,2023-02,1222.22
106.0,Bills,2023-02,2243.23
107.0,Bills,2023-02,2667.79
108.0,Bills,2023-02,3129.31
109.0,Bills,2023-02,2234.33
110.0,Bills,2023-02,3424.95
111.0,Bills,2023-02,2985.1
112.0,Bills,2023-02,1851.98
113.0,Bills,2023-02,3630.1
114.0,Bills,2023-02,2028.08
115.0,Bills,2023-02,3141.32
116.0,Bills,2023-02,2131.46
117.0,Bills,2023-02,1889.99
118.0,Bills,2023-02,1349.44
119.0,Bills,2023-02,3601.85
120.0,Bills,2023-02,2747.25
1.0,Bills,2023-03,3218.02
2.0,Bills,2023-03,1616.19
3.0,Bills,2023-03,1268.33
4.0,Bills,2023-03,3691.09
5.0,Bills,2023-03,1248.5
6.0,Bills,2023-03,1369.08
7.0,Bills,2023-03,1536.98
8.0,Bills,2023-03,3702.16
9.0,Bills,2023-03,3888.04
10.0,Bills,2023-03,4255.2
11.0,Bills,2023-03,1334.08
12.0,Bills,2023-03,1814.24
13.0,Bills,2023-03,997.69
14.0,Bills,2023-03,1131.37
15.0,Bills,2023-03,2638.74
16.0,Bills,2023-03,2075.2
17.0,Bills,2023-03,1685.43
18.0,Bills,2023-03,1261.89
19.0,Bills,2023-03,3360.78
20.0,Bills,2023-03,2732.86
21.0,Bills,2023-03,2167.75
22.0,Bills,2023-03,2728.57
23.0,Bills,2023-03,2513.23
24.0,Bills,2023-03,3598.36
25.0,Bills,2023-03,1585.43
26.0,Bills,2023-03,1107.25
27.0,Bills,2023-03,2621.45
28.0,Bills,2023-03,1237.38
29.0,Bills,2023-03,3848.4
30.0,Bills,2023-03,2039.13
31.0,Bills,2023-03,1876.03
32.0,Bills,2023-03,2173.04
33.0,Bills,2023-03,1828.08
34.0,Bills,2023-03,1560.33
35.0,Bills,2023-03,4040.88
36.0,Bills,2023-03,3514.74
37.0,Bills,2023-03,1774.74
38.0,Bills,2023-03,2927.17
39.0,Bills,2023-03,1276.02
40.0,Bills,2023-03,2190.37
41.0,Bills,2023-03,1156.8
42.0,Bills,2023-03,1627.1
43.0,Bills,2023-03,2898.3
44.0,Bills,2023-03,1722.28
45.0,Bills,2023-03,3049.41
46.0,Bills,2023-03,3241.51
47.0,Bills,2023-03,1720.38
48.0,Bills,2023-03,2763.56
49.0,Bills,2023-03,2232.47
50.0,Bills,2023-03,2202.55
51.0,Bills,2023-03,1441.33
52.0,Bills,2023-03,1485.11
53.0,Bills,2023-03,4002.16
54.0,Bills,2023-03,1452.49
55.0,Bills,2023-03,3801.46
56.0,Bills,2023-03,1365.49
57.0,Bills,2023-03,1253.86
58.0,Bills,2023-03,2690.66
59.0,Bills,2023-03,2514.87
60.0,Bills,2023-03,3009.43
61.0,Bills,2023-03,2587.72
62.0,Bills,2023-03,3205.7
63.0,Bills,2023-03,1408.74
64.0,Bills,2023-03,1580.72
65.0,Bills,2023-03,3602.12
66.0,Bills,2023-03,1300.03
67.0,Bills,2023-03,3229.22
68.0,Bills,2023-03,3075.81
69.0,Bills,2023-03,2861.13
70.0,Bills,2023-03,3242.56
71.0,Bills,2023-03,3283.34
72.0,Bills,2023-03,1044.13
73.0,Bills,2023-03,3117.81
74.0,Bills,2023-03,2491.95
75.0,Bills,2023-03,3370.12
76.0,Bills,2023-03,2814.31
77.0,Bills,2023-03,2171.47
78.0,Bills,2023-03,3945.87
79.0,Bills,2023-03,4177.54
80.0,Bills,2023-03,2166.5
81.0,Bills,2023-03,2637.86
82.0,Bills,2023-03,3195.73
83.0,Bills,2023-03,1071.37
84.0,Bills,2023-03,2662.31
85.0,Bills,2023-03,2089.77
86.0,Bills,2023-03,3098.03
87.0,Bills,2023-03,1877.25
88.0,Bills,2023-03,1688.02
89.0,Bills,2023-03,1428.16
90.0,Bills,2023-03,2334.07
91.0,Bills,2023-03,3216.6
92.0,Bills,2023-03,2709.41
93.0,Bills,2023-03,2264.56
94.0,Bills,2023-03,2550.29
95.0,Bills,2023-03,3980.53
96.0,Bills,2023-03,953.03
97.0,Bills,2023-03,1017.34
98.0,Bills,2023-03,1403.2
99.0,Bills,2023-03,3570.26
100.0,Bills,2023-03,1982.78
101.0,Bills,2023-03,1428.09
102.0,Bills,2023-03,1355.36
103.0,Bills,2023-03,932.68
104.0,Bills,2023-03,1593.48
105.0,Bills,2023-03,1237.94
106.0,Bills,2023-03,2221.31
107.0,Bills,2023-03,3175.8
108.0,Bills,2023-03,2887.15
109.0,Bills,2023-03,2437.88
110.0,Bills,2023-03,3153.04
111.0,Bills,2023-03,3161.32
112.0,Bills,2023-03,2090.4
113.0,Bills,2023-03,3797.83
114.0,Bills,2023-03,1931.17
115.0,Bills,2023-03,3295.51
116.0,Bills,2023-03,2283.58
117.0,Bills,2023-03,2109.94
118.0,Bills,2023-03,1298.84
119.0,Bills,2023-03,3840.65
120.0,Bills,2023-03,2748.66
1.0,Bills,2023-04,3841.0
2.0,Bills,2023-04,1672.86
3.0,Bills,2023-04,1228.43
4.0,Bills,2023-04,3549.4
5.0,Bills,2023-04,1239.03
6.0,Bills,2023-04,1450.11
7.0,Bills,2023-04,1722.33
8.0,Bills,2023-04,3840.93
9.0,Bills,2023-04,4330.21
10.0,Bills,2023-04,4227.96
11.0,Bills,2023-04,1308.74
12.0,Bills,2023-04,1905.25
13.0,Bills,2023-04,1032.09
14.0,Bills,2023-04,1164.21
15.0,Bills,2023-04,2797.32
16.0,Bills,2023-04,2130.76
17.0,Bills,2023-04,1781.3
18.0,Bills,2023-04,1228.12
19.0,Bills,2023-04,3735.92
20.0,Bills,2023-04,2675.9
21.0,Bills,2023-04,2250.8
22.0,Bills,2023-04,2434.53
23.0,Bills,2023-04,2308.16
24.0,Bills,2023-04,3662.39
25.0,Bills,2023-04,1820.13
26.0,Bills,2023-04,1262.77
27.0,Bills,2023-04,2648.24
28.0,Bills,2023-04,1314.92
29.0,Bills,2023-04,3703.42
30.0,Bills,2023-04,2260.25
31.0,Bills,2023-04,1938.54
32.0,Bills,2023-04,2193.84
33.0,Bills,2023-04,2000.53
34.0,Bills,2023-04,1729.4
35.0,Bills,2023-04,3912.72
36.0,Bills,2023-04,3918.4
37.0,Bills,2023-04,1656.83
38.0,Bills,2023-04,2893.95
39.0,Bills,2023-04,1182.5
40.0,Bills,2023-04,2324.82
41.0,Bills,2023-04,1169.29
42.0,Bills,2023-04,1713.04
43.0,Bills,2023-04,3039.08
44.0,Bills,2023-04,1899.24
45.0,Bills,2023-04,3313.75
46.0,Bills,2023-04,3570.99
47.0,Bills,2023-04,1560.17
48.0,Bills,2023-04,2729.26
49.0,Bills,2023-04,2229.14
50.0,Bills,2023-04,2279.0
51.0,Bills,2023-04,1332.17
52.0,Bills,2023-04,1710.92
53.0,Bills,2023-04,4013.0
54.0,Bills,2023-04,1462.87
55.0,Bills,2023-04,3690.4
56.0,Bills,2023-04,1398.92
57.0,Bills,2023-04,1381.84
58.0,Bills,2023-04,2482.91
59.0,Bills,2023-04,2531.13
60.0,Bills,2023-04,2845.68
61.0,Bills,2023-04,2419.88
62.0,Bills,2023-04,3007.72
63.0,Bills,2023-04,1550.08
64.0,Bills,2023-04,1465.97
65.0,Bills,2023-04,3690.44
66.0,Bills,2023-04,1175.64
67.0,Bills,2023-04,3724.7
68.0,Bills,2023-04,3253.27
69.0,Bills,2023-04,2886.62
70.0,Bills,2023-04,3153.52
71.0,Bills,2023-04,3204.68
72.0,Bills,2023-04,1069.22
73.0,Bills,2023-04,3108.65
74.0,Bills,2023-04,2463.88
75.0,Bills,2023-04,3643.32
76.0,Bills,2023-04,2813.07
77.0,Bills,2023-04,2175.1
78.0,Bills,2023-04,3789.75
79.0,Bills,2023-04,3744.94
80.0,Bills,2023-04,2458.29
81.0,Bills,2023-04,2790.15
82.0,Bills,2023-04,3525.19
83.0,Bills,2023-04,1085.59
84.0,Bills,2023-04,2911.46
85.0,Bills,2023-04,2225.57
86.0,Bills,2023-04,3353.63
87.0,Bills,2023-04,1794.36
88.0,Bills,2023-04,1793.91
89.0,Bills,2023-04,1377.0
90.0,Bills,2023-04,2445.67
91.0,Bills,2023-04,2839.44
92.0,Bills,2023-04,2970.04
93.0,Bills,2023-04,2378.52
94.0,Bills,2023-04,2644.67
95.0,Bills,2023-04,4172.92
96.0,Bills,2023-04,1061.99
97.0,Bills,2023-04,1090.12
98.0,Bills,2023-04,1313.2
99.0,Bills,2023-04,3894.35
100.0,Bills,2023-04,2061.25
101.0,Bills,2023-04,1559.7
102.0,Bills,2023-04,1380.27
103.0,Bills,2023-04,1012.85
104.0,Bills,2023-04,1670.44
105.0,Bills,2023-04,1214.46
106.0,Bills,2023-04,2477.62
107.0,Bills,2023-04,2928.45
108.0,Bills,2023-04,3035.84
109.0,Bills,2023-04,2373.43
110.0,Bills,2023-04,3597.9
111.0,Bills,2023-04,3018.71
112.0,Bills,2023-04,2090.15
113.0,Bills,2023-04,3606.49
114.0,Bills,2023-04,2221.18
115.0,Bills,2023-04,3250.77
116.0,Bills,2023-04,2295.67
117.0,Bills,2023-04,2246.99
118.0,Bills,2023-04,1522.24
119.0,Bills,2023-04,3953.3
120.0,Bills,2023-04,3121.07
1.0,Bills,2023-05,3664.91
2.0,Bills,2023-05,1570.13
3.0,Bills,2023-05,1248.49
4.0,Bills,2023-05,3738.83
5.0,Bills,2023-05,1222.58
6.0,Bills,2023-05,1419.69
7.0,Bills,2023-05,1621.81
8.0,Bills,2023-05,3840.87
9.0,Bills,2023-05,3783.62
10.0,Bills,2023-05,3874.51
11.0,Bills,2023-05,1418.03
12.0,Bills,2023-05,1764.58
13.0,Bills,2023-05,1103.6
14.0,Bills,2023-05,1133.58
15.0,Bills,2023-05,2597.47
16.0,Bills,2023-05,1942.49
17.0,Bills,2023-05,1688.24
18.0,Bills,2023-05,1233.36
19.0,Bills,2023-05,3569.81
20.0,Bills,2023-05,2563.65
21.0,Bills,2023-05,2129.18
22.0,Bills,2023-05,2592.74
23.0,Bills,2023-05,2576.63
24.0,Bills,2023-05,3959.75
25.0,Bills,2023-05,1743.16
26.0,Bills,2023-05,1198.88
27.0,Bills,2023-05,2936.59
28.0,Bills,2023-05,1280.72
29.0,Bills,2023-05,3599.19
30.0,Bills,2023-05,2291.87
31.0,Bills,2023-05,1924.25
32.0,Bills,2023-05,2185.33
33.0,Bills,2023-05,1985.77
34.0,Bills,2023-05,1687.71
35.0,Bills,2023-05,3980.19
36.0,Bills,2023-05,3774.59
37.0,Bills,2023-05,1676.54
38.0,Bills,2023-05,2916.02
39.0,Bills,2023-05,1367.39
40.0,Bills,2023-05,2123.42
41.0,Bills,2023-05,1144.6
42.0,Bills,2023-05,1751.35
43.0,Bills,2023-05,3140.86
44.0,Bills,2023-05,1632.13
45.0,Bills,2023-05,2924.78
46.0,Bills,2023-05,3265.22
47.0,Bills,2023-05,1700.24
48.0,Bills,2023-05,2801.07
49.0,Bills,2023-05,2063.17
50.0,Bills,2023-05,2155.64
51.0,Bills,2023-05,1291.06
52.0,Bills,2023-05,1592.49
53.0,Bills,2023-05,4223.91
54.0,Bills,2023-05,1387.95
55.0,Bills,2023-05,3852.55
56.0,Bills,2023-05,1353.98
57.0,Bills,2023-05,1387.04
58.0,Bills,2023-05,2472.15
59.0,Bills,2023-05,2216.81
60.0,Bills,2023-05,3236.88
61.0,Bills,2023-05,2356.79
62.0,Bills,2023-05,3414.81
63.0,Bills,2023-05,1617.63
64.0,Bills,2023-05,1401.71
65.0,Bills,2023-05,3469.93
66.0,Bills,2023-05,1158.07
67.0,Bills,2023-05,3397.8
68.0,Bills,2023-05,3096.7
69.0,Bills,2023-05,2862.8
70.0,Bills,2023-05,2989.7
71.0,Bills,2023-05,3264.47
72.0,Bills,2023-05,1051.65
73.0,Bills,2023-05,3075.3
74.0,Bills,2023-05,2371.44
75.0,Bills,2023-05,3264.66
76.0,Bills,2023-05,2566.0
77.0,Bills,2023-05,2454.82
78.0,Bills,2023-05,3956.28
79.0,Bills,2023-05,3948.75
80.0,Bills,2023-05,2104.49
81.0,Bills,2023-05,2472.02
82.0,Bills,2023-05,3285.07
83.0,Bills,2023-05,1126.21
84.0,Bills,2023-05,2891.68
85.0,Bills,2023-05,2002.06
86.0,Bills,2023-05,3244.82
87.0,Bills,2023-05,1803.97
88.0,Bills,2023-05,1631.58
89.0,Bills,2023-05,1383.73
90.0,Bills,2023-05,2397.04
91.0,Bills,2023-05,3149.26
92.0,Bills,2023-05,2944.3
93.0,Bills,2023-05,2347.37
94.0,Bills,2023-05,2451.55
95.0,Bills,2023-05,3878.98
96.0,Bills,2023-05,1047.62
97.0,Bills,2023-05,982.32
98.0,Bills,2023-05,1428.97
99.0,Bills,2023-05,3831.25
100.0,Bills,2023-05,2205.58
101.0,Bills,2023-05,1509.59
102.0,Bills,2023-05,1304.43
103.0,Bills,2023-05,1057.84
104.0,Bills,2023-05,1691.52
105.0,Bills,2023-05,1287.29
106.0,Bills,2023-05,2477.05
107.0,Bills,2023-05,2767.4
108.0,Bills,2023-05,2968.3
109.0,Bills,2023-05,2447.61
110.0,Bills,2023-05,3244.54
111.0,Bills,2023-05,3139.32
112.0,Bills,2023-05,2116.33
113.0,Bills,2023-05,3883.07
114.0,Bills,2023-05,2104.57
115.0,Bills,2023-05,3571.71
116.0,Bills,2023-05,2058.24
117.0,Bills,2023-05,2204.63
118.0,Bills,2023-05,1517.38
119.0,Bills,2023-05,3843.29
120.0,Bills,2023-05,2864.91
1.0,Bills,2023-06,3433.1
2.0,Bills,2023-06,1579.75
3.0,Bills,2023-06,1145.15
4.0,Bills,2023-06,3129.0
5.0,Bills,2023-06,1175.8
6.0,Bills,2023-06,1546.99
7.0,Bills,2023-06,1600.55
8.0,Bills,2023-06,3604.39
9.0,Bills,2023-06,3562.79
10.0,Bills,2023-06,4208.92
11.0,Bills,2023-06,1263.04
12.0,Bills,2023-06,1721.15
13.0,Bills,2023-06,1038.1
14.0,Bills,2023-06,1163.84
15.0,Bills,2023-06,2612.54
16.0,Bills,2023-06,1892.5
17.0,Bills,2023-06,1562.37
18.0,Bills,2023-06,1145.88
19.0,Bills,2023-06,3255.53
20.0,Bills,2023-06,2502.5
21.0,Bills,2023-06,2190.23
22.0,Bills,2023-06,2576.3
23.0,Bills,2023-06,2503.98
24.0,Bills,2023-06,3747.99
25.0,Bills,2023-06,1590.39
26.0,Bills,2023-06,1141.22
27.0,Bills,2023-06,2503.61
28.0,Bills,2023-06,1183.68
29.0,Bills,2023-06,3150.9
30.0,Bills,2023-06,2139.12
31.0,Bills,2023-06,1834.88
32.0,Bills,2023-06,2131.18
33.0,Bills,2023-06,1965.5
34.0,Bills,2023-06,1576.35
35.0,Bills,2023-06,3630.92
36.0,Bills,2023-06,3534.4
37.0,Bills,2023-06,1605.77
38.0,Bills,2023-06,2882.33
39.0,Bills,2023-06,1216.2
40.0,Bills,2023-06,2301.83
41.0,Bills,2023-06,1192.01
42.0,Bills,2023-06,1858.7
43.0,Bills,2023-06,2713.84
44.0,Bills,2023-06,1760.48
45.0,Bills,2023-06,2886.48
46.0,Bills,2023-06,3144.03
47.0,Bills,2023-06,1588.58
48.0,Bills,2023-06,2601.34
49.0,Bills,2023-06,2296.76
50.0,Bills,2023-06,2127.9
51.0,Bills,2023-06,1261.27
52.0,Bills,2023-06,1588.07
53.0,Bills,2023-06,3567.23
54.0,Bills,2023-06,1399.94
55.0,Bills,2023-06,3884.18
56.0,Bills,2023-06,1259.6
57.0,Bills,2023-06,1348.68
58.0,Bills,2023-06,2771.76
59.0,Bills,2023-06,2183.8
60.0,Bills,2023-06,2836.54
61.0,Bills,2023-06,2361.93
62.0,Bills,2023-06,3094.92
63.0,Bills,2023-06,1422.55
64.0,Bills,2023-06,1383.66
65.0,Bills,2023-06,3826.89
66.0,Bills,2023-06,1163.59
67.0,Bills,2023-06,3074.5
68.0,Bills,2023-06,3151.61
69.0,Bills,2023-06,2511.77
70.0,Bills,2023-06,2759.01
71.0,Bills,2023-06,2882.6
72.0,Bills,2023-06,1080.66
73.0,Bills,2023-06,2875.66
74.0,Bills,2023-06,2175.5
75.0,Bills,2023-06,3234.08
76.0,Bills,2023-06,2360.11
77.0,Bills,2023-06,2349.2
78.0,Bills,2023-06,3660.02
79.0,Bills,2023-06,3729.74
80.0,Bills,2023-06,2229.91
81.0,Bills,2023-06,2653.26
82.0,Bills,2023-06,3193.61
83.0,Bills,2023-06,1005.88
84.0,Bills,2023-06,2756.9
85.0,Bills,2023-06,1954.88
86.0,Bills,2023-06,3140.17
87.0,Bills,2023-06,1883.9
88.0,Bills,2023-06,1744.74
89.0,Bills,2023-06,1303.63
90.0,Bills,2023-06,2292.5
91.0,Bills,2023-06,3061.81
92.0,Bills,2023-06,2927.87
93.0,Bills,2023-06,2200.49
94.0,Bills,2023-06,2498.73
95.0,Bills,2023-06,3797.13
96.0,Bills,2023-06,970.14
97.0,Bills,2023-06,1133.41
98.0,Bills,2023-06,1318.4
99.0,Bills,2023-06,3719.74
100.0,Bills,2023-06,2029.42
101.0,Bills,2023-06,1473.95
102.0,Bills,2023-06,1302.75
103.0,Bills,2023-06,974.47
104.0,Bills,2023-06,1584.54
105.0,Bills,2023-06,1238.9
106.0,Bills,2023-06,2357.02
107.0,Bills,2023-06,2684.13
108.0,Bills,2023-06,2798.75
109.0,Bills,2023-06,2112.13
110.0,Bills,2023-06,3564.98
111.0,Bills,2023-06,3017.37
112.0,Bills,2023-06,1944.12
113.0,Bills,2023-06,3561.46
114.0,Bills,2023-06,1919.28
115.0,Bills,2023-06,2966.89
116.0,Bills,2023-06,2190.57
117.0,Bills,2023-06,2041.21
118.0,Bills,2023-06,1525.54
119.0,Bills,2023-06,3578.77
120.0,Bills,2023-06,2778.78
1.0,Bills,2023-07,3261.43
2.0,Bills,2023-07,1482.28
3.0,Bills,2023-07,1106.14
4.0,Bills,2023-07,2866.2
5.0,Bills,2023-07,1148.88
6.0,Bills,2023-07,1416.74
7.0,Bills,2023-07,1453.33
8.0,Bills,2023-07,3267.6
9.0,Bills,2023-07,3608.41
10.0,Bills,2023-07,3738.44
11.0,Bills,2023-07,1180.89
12.0,Bills,2023-07,1789.69
13.0,Bills,2023-07,922.55
14.0,Bills,2023-07,1187.1
15.0,Bills,2023-07,2533.67
16.0,Bills,2023-07,1651.61
17.0,Bills,2023-07,1521.06
18.0,Bills,2023-07,994.48
19.0,Bills,2023-07,3115.26
20.0,Bills,2023-07,2117.42
21.0,Bills,2023-07,1792.07
22.0,Bills,2023-07,2533.27
23.0,Bills,2023-07,2200.53
24.0,Bills,2023-07,3611.36
25.0,Bills,2023-07,1592.09
26.0,Bills,2023-07,1058.66
27.0,Bills,2023-07,2524.74
28.0,Bills,2023-07,1229.87
29.0,Bills,2023-07,2924.1
30.0,Bills,2023-07,1974.57
31.0,Bills,2023-07,1840.47
32.0,Bills,2023-07,1888.85
33.0,Bills,2023-07,1891.24
34.0,Bills,2023-07,1502.5
35.0,Bills,2023-07,3354.91
36.0,Bills,2023-07,3441.16
37.0,Bills,2023-07,1661.88
38.0,Bills,2023-07,2698.33
39.0,Bills,2023-07,1096.16
40.0,Bills,2023-07,1977.66
41.0,Bills,2023-07,1070.28
42.0,Bills,2023-07,1592.87
43.0,Bills,2023-07,2398.41
44.0,Bills,2023-07,1592.43
45.0,Bills,2023-07,2569.72
46.0,Bills,2023-07,2875.46
47.0,Bills,2023-07,1524.94
48.0,Bills,2023-07,2535.69
49.0,Bills,2023-07,1910.08
50.0,Bills,2023-07,1894.36
51.0,Bills,2023-07,1159.99
52.0,Bills,2023-07,1496.38
53.0,Bills,2023-07,3572.91
54.0,Bills,2023-07,1369.34
55.0,Bills,2023-07,3568.82
56.0,Bills,2023-07,1208.61
57.0,Bills,2023-07,1186.12
58.0,Bills,2023-07,2523.83
59.0,Bills,2023-07,1904.81
60.0,Bills,2023-07,2632.99
61.0,Bills,2023-07,2217.81
62.0,Bills,2023-07,2927.45
63.0,Bills,2023-07,1194.76
64.0,Bills,2023-07,1407.96
65.0,Bills,2023-07,3015.91
66.0,Bills,2023-07,1057.57
67.0,Bills,2023-07,3227.88
68.0,Bills,2023-07,2881.03
69.0,Bills,2023-07,2653.67
70.0,Bills,2023-07,2626.28
71.0,Bills,2023-07,3215.88
72.0,Bills,2023-07,928.02
73.0,Bills,2023-07,2737.85
74.0,Bills,2023-07,2316.95
75.0,Bills,2023-07,3218.93
76.0,Bills,2023-07,2211.51
77.0,Bills,2023-07,1829.14
78.0,Bills,2023-07,3510.57
79.0,Bills,2023-07,3641.09
80.0,Bills,2023-07,1979.26
81.0,Bills,2023-07,2347.23
82.0,Bills,2023-07,2911.23
83.0,Bills,2023-07,966.74
84.0,Bills,2023-07,2691.22
85.0,Bills,2023-07,1930.41
86.0,Bills,2023-07,2904.67
87.0,Bills,2023-07,1634.2
88.0,Bills,2023-07,1449.26
89.0,Bills,2023-07,1268.06
90.0,Bills,2023-07,2198.96
91.0,Bills,2023-07,2571.19
92.0,Bills,2023-07,2704.39
93.0,Bills,2023-07,2181.15
94.0,Bills,2023-07,2363.77
95.0,Bills,2023-07,3326.75
96.0,Bills,2023-07,862.32
97.0,Bills,2023-07,951.55
98.0,Bills,2023-07,1242.73
99.0,Bills,2023-07,3736.34
100.0,Bills,2023-07,1795.33
101.0,Bills,2023-07,1463.49
102.0,Bills,2023-07,1172.45
103.0,Bills,2023-07,962.11
104.0,Bills,2023-07,1518.18
105.0,Bills,2023-07,1108.41
106.0,Bills,2023-07,2268.11
107.0,Bills,2023-07,2305.52
108.0,Bills,2023-07,2550.28
109.0,Bills,2023-07,2110.64
110.0,Bills,2023-07,2840.8
111.0,Bills,2023-07,2750.14
112.0,Bills,2023-07,1838.62
113.0,Bills,2023-07,3858.23
114.0,Bills,2023-07,2082.79
115.0,Bills,2023-07,3082.61
116.0,Bills,2023-07,2078.19
117.0,Bills,2023-07,1968.98
118.0,Bills,2023-07,1288.36
119.0,Bills,2023-07,3558.1
120.0,Bills,2023-07,2493.69
1.0,Bills,2023-08,2693.45
2.0,Bills,2023-08,1307.69
3.0,Bills,2023-08,1009.95
4.0,Bills,2023-08,2902.94
5.0,Bills,2023-08,1033.86
6.0,Bills,2023-08,1359.22
7.0,Bills,2023-08,1352.53
8.0,Bills,2023-08,3138.99
9.0,Bills,2023-08,3502.74
10.0,Bills,2023-08,3261.69
11.0,Bills,2023-08,1082.23
12.0,Bills,2023-08,1534.71
13.0,Bills,2023-08,1000.24
14.0,Bills,2023-08,975.05
15.0,Bills,2023-08,2346.86
16.0,Bills,2023-08,1612.13
17.0,Bills,2023-08,1385.93
18.0,Bills,2023-08,1052.2
19.0,Bills,2023-08,3060.43
20.0,Bills,2023-08,2201.46
21.0,Bills,2023-08,1847.99
22.0,Bills,2023-08,2181.88
23.0,Bills,2023-08,2133.73
24.0,Bills,2023-08,2998.87
25.0,Bills,2023-08,1332.78
26.0,Bills,2023-08,967.95
27.0,Bills,2023-08,2459.93
28.0,Bills,2023-08,1226.74
29.0,Bills,2023-08,2942.98
30.0,Bills,2023-08,1717.18
31.0,Bills,2023-08,1632.44
32.0,Bills,2023-08,1758.73
33.0,Bills,2023-08,1697.33
34.0,Bills,2023-08,1368.03
35.0,Bills,2023-08,3233.47
36.0,Bills,2023-08,3268.66
37.0,Bills,2023-08,1555.72
38.0,Bills,2023-08,2352.18
39.0,Bills,2023-08,975.08
40.0,Bills,2023-08,1980.32
41.0,Bills,2023-08,1090.69
42.0,Bills,2023-08,1374.43
43.0,Bills,2023-08,2519.11
44.0,Bills,2023-08,1548.15
45.0,Bills,2023-08,2586.71
46.0,Bills,2023-08,2899.93
47.0,Bills,2023-08,1458.13
48.0,Bills,2023-08,2080.36
49.0,Bills,2023-08,1842.9
50.0,Bills,2023-08,1996.37
51.0,Bills,2023-08,1240.34
52.0,Bills,2023-08,1387.12
53.0,Bills,2023-08,3149.74
54.0,Bills,2023-08,1290.88
55.0,Bills,2023-08,3447.12
56.0,Bills,2023-08,1149.66
57.0,Bills,2023-08,1206.23
58.0,Bills,2023-08,2166.3
59.0,Bills,2023-08,1919.29
60.0,Bills,2023-08,2500.94
61.0,Bills,2023-08,2165.9
62.0,Bills,2023-08,2864.84
63.0,Bills,2023-08,1303.68
64.0,Bills,2023-08,1107.21
65.0,Bills,2023-08,2810.03
66.0,Bills,2023-08,1046.06
67.0,Bills,2023-08,3078.49
68.0,Bills,2023-08,2724.35
69.0,Bills,2023-08,2172.68
70.0,Bills,2023-08,2447.73
71.0,Bills,2023-08,2515.11
72.0,Bills,2023-08,935.59
73.0,Bills,2023-08,2377.64
74.0,Bills,2023-08,2075.66
75.0,Bills,2023-08,2819.71
76.0,Bills,2023-08,1982.84
77.0,Bills,2023-08,1897.08
78.0,Bills,2023-08,3157.99
79.0,Bills,2023-08,3230.83
80.0,Bills,2023-08,1877.17
81.0,Bills,2023-08,2155.55
82.0,Bills,2023-08,2545.31
83.0,Bills,2023-08,924.49
84.0,Bills,2023-08,2681.48
85.0,Bills,2023-08,1867.99
86.0,Bills,2023-08,2853.13
87.0,Bills,2023-08,1398.21
88.0,Bills,2023-08,1625.85
89.0,Bills,2023-08,1214.21
90.0,Bills,2023-08,1911.66
91.0,Bills,2023-08,2448.55
92.0,Bills,2023-08,2394.28
93.0,Bills,2023-08,2033.38
94.0,Bills,2023-08,2211.11
95.0,Bills,2023-08,3244.29
96.0,Bills,2023-08,814.76
97.0,Bills,2023-08,925.12
98.0,Bills,2023-08,1326.13
99.0,Bills,2023-08,3199.11
100.0,Bills,2023-08,1842.91
101.0,Bills,2023-08,1309.52
102.0,Bills,2023-08,1149.77
103.0,Bills,2023-08,862.31
104.0,Bills,2023-08,1451.77
105.0,Bills,2023-08,1020.85
106.0,Bills,2023-08,2034.52
107.0,Bills,2023-08,2615.31
108.0,Bills,2023-08,2342.67
109.0,Bills,2023-08,2041.34
110.0,Bills,2023-08,3033.18
111.0,Bills,2023-08,2680.51
112.0,Bills,2023-08,1878.26
113.0,Bills,2023-08,3088.29
114.0,Bills,2023-08,1800.95
115.0,Bills,2023-08,2760.08
116.0,Bills,2023-08,1856.6
117.0,Bills,2023-08,1835.1
118.0,Bills,2023-08,1198.27
119.0,Bills,2023-08,3176.95
120.0,Bills,2023-08,2291.18
1.0,Bills,2023-09,2807.23
2.0,Bills,2023-09,1349.62
3.0,Bills,2023-09,970.66
4.0,Bills,2023-09,2817.15
5.0,Bills,2023-09,1022.25
6.0,Bills,2023-09,1271.16
7.0,Bills,2023-09,1344.57
8.0,Bills,2023-09,3115.15
9.0,Bills,2023-09,3434.82
10.0,Bills,2023-09,2703.63
11.0,Bills,2023-09,1057.67
12.0,Bills,2023-09,1429.82
13.0,Bills,2023-09,945.38
14.0,Bills,2023-09,991.14
15.0,Bills,2023-09,2275.61
16.0,Bills,2023-09,1683.56
17.0,Bills,2023-09,1326.79
18.0,Bills,2023-09,1143.59
19.0,Bills,2023-09,2806.76
20.0,Bills,2023-09,1917.35
21.0,Bills,2023-09,1628.22
22.0,Bills,2023-09,1912.07
23.0,Bills,2023-09,2230.55
24.0,Bills,2023-09,2904.49
25.0,Bills,2023-09,1284.76
26.0,Bills,2023-09,993.66
27.0,Bills,2023-09,2314.23
28.0,Bills,2023-09,1064.6
29.0,Bills,2023-09,2757.31
30.0,Bills,2023-09,1764.74
31.0,Bills,2023-09,1476.76
32.0,Bills,2023-09,1633.52
33.0,Bills,2023-09,1785.6
34.0,Bills,2023-09,1370.96
35.0,Bills,2023-09,3043.23
36.0,Bills,2023-09,3384.9
37.0,Bills,2023-09,1455.79
38.0,Bills,2023-09,2272.93
39.0,Bills,2023-09,1132.11
40.0,Bills,2023-09,1691.09
41.0,Bills,2023-09,1048.27
42.0,Bills,2023-09,1337.33
43.0,Bills,2023-09,2100.49
44.0,Bills,2023-09,1415.8
45.0,Bills,2023-09,2480.07
46.0,Bills,2023-09,2878.74
47.0,Bills,2023-09,1349.24
48.0,Bills,2023-09,2140.13
49.0,Bills,2023-09,1844.77
50.0,Bills,2023-09,1628.87
51.0,Bills,2023-09,1200.59
52.0,Bills,2023-09,1297.66
53.0,Bills,2023-09,3198.34
54.0,Bills,2023-09,1084.11
55.0,Bills,2023-09,2983.38
56.0,Bills,2023-09,1120.77
57.0,Bills,2023-09,1047.83
58.0,Bills,2023-09,2087.4
59.0,Bills,2023-09,1979.77
60.0,Bills,2023-09,2453.15
61.0,Bills,2023-09,1901.95
62.0,Bills,2023-09,2439.51
63.0,Bills,2023-09,1261.05
64.0,Bills,2023-09,1026.49
65.0,Bills,2023-09,3062.62
66.0,Bills,2023-09,919.64
67.0,Bills,2023-09,2615.97
68.0,Bills,2023-09,2747.98
69.0,Bills,2023-09,2191.62
70.0,Bills,2023-09,2486.1
71.0,Bills,2023-09,2518.48
72.0,Bills,2023-09,864.13
73.0,Bills,2023-09,2307.31
74.0,Bills,2023-09,1827.04
75.0,Bills,2023-09,2782.35
76.0,Bills,2023-09,2048.2
77.0,Bills,2023-09,2014.11
78.0,Bills,2023-09,3098.61
79.0,Bills,2023-09,2765.18
80.0,Bills,2023-09,1792.55
81.0,Bills,2023-09,1997.95
82.0,Bills,2023-09,2698.39
83.0,Bills,2023-09,836.99
84.0,Bills,2023-09,2308.71
85.0,Bills,2023-09,1530.49
86.0,Bills,2023-09,2591.17
87.0,Bills,2023-09,1465.22
88.0,Bills,2023-09,1381.57
89.0,Bills,2023-09,1176.99
90.0,Bills,2023-09,1998.03
91.0,Bills,2023-09,2323.76
92.0,Bills,2023-09,2157.78
93.0,Bills,2023-09,1882.37
94.0,Bills,2023-09,2068.7
95.0,Bills,2023-09,3241.06
96.0,Bills,2023-09,833.8
97.0,Bills,2023-09,820.47
98.0,Bills,2023-09,1165.42
99.0,Bills,2023-09,3109.03
100.0,Bills,2023-09,1661.36
101.0,Bills,2023-09,1279.26
102.0,Bills,2023-09,1118.51
103.0,Bills,2023-09,870.9
104.0,Bills,2023-09,1355.14
105.0,Bills,2023-09,1047.94
106.0,Bills,2023-09,1959.62
107.0,Bills,2023-09,2489.23
108.0,Bills,2023-09,2212.31
109.0,Bills,2023-09,1730.98
110.0,Bills,2023-09,2697.69
111.0,Bills,2023-09,2487.3
112.0,Bills,2023-09,1596.85
113.0,Bills,2023-09,2946.28
114.0,Bills,2023-09,1667.03
115.0,Bills,2023-09,2904.56
116.0,Bills,2023-09,1692.24
117.0,Bills,2023-09,1715.64
118.0,Bills,2023-09,1023.69
119.0,Bills,2023-09,2927.17
120.0,Bills,2023-09,2346.98
1.0,Bills,2023-10,2841.59
2.0,Bills,2023-10,1349.58
3.0,Bills,2023-10,982.17
4.0,Bills,2023-10,2707.02
5.0,Bills,2023-10,1105.64
6.0,Bills,2023-10,1144.95
7.0,Bills,2023-10,1218.4
8.0,Bills,2023-10,2718.03
9.0,Bills,2023-10,3002.98
10.0,Bills,2023-10,3482.24
11.0,Bills,2023-10,1031.31
12.0,Bills,2023-10,1539.28
13.0,Bills,2023-10,919.94
14.0,Bills,2023-10,1056.21
15.0,Bills,2023-10,2144.94
16.0,Bills,2023-10,1718.69
17.0,Bills,2023-10,1351.11
18.0,Bills,2023-10,1047.3
19.0,Bills,2023-10,2827.47
20.0,Bills,2023-10,1840.22
21.0,Bills,2023-10,1815.17
22.0,Bills,2023-10,2168.76
23.0,Bills,2023-10,1939.6
24.0,Bills,2023-10,2558.5
25.0,Bills,2023-10,1282.26
26.0,Bills,2023-10,928.91
27.0,Bills,2023-10,2314.23
28.0,Bills,2023-10,996.11
29.0,Bills,2023-10,2584.56
30.0,Bills,2023-10,1633.88
31.0,Bills,2023-10,1521.7
32.0,Bills,2023-10,1589.62
33.0,Bills,2023-10,1632.05
34.0,Bills,2023-10,1399.36
35.0,Bills,2023-10,3063.52
36.0,Bills,2023-10,2712.92
37.0,Bills,2023-10,1485.01
38.0,Bills,2023-10,2433.31
39.0,Bills,2023-10,1081.24
40.0,Bills,2023-10,1855.46
41.0,Bills,2023-10,1059.88
42.0,Bills,2023-10,1317.93
43.0,Bills,2023-10,2175.33
44.0,Bills,2023-10,1349.4
45.0,Bills,2023-10,2459.52
46.0,Bills,2023-10,2617.53
47.0,Bills,2023-10,1342.05
48.0,Bills,2023-10,2364.04
49.0,Bills,2023-10,1672.02
50.0,Bills,2023-10,1874.31
51.0,Bills,2023-10,1117.43
52.0,Bills,2023-10,1233.77
53.0,Bills,2023-10,2929.98
54.0,Bills,2023-10,1184.02
55.0,Bills,2023-10,3205.52
56.0,Bills,2023-10,1150.74
57.0,Bills,2023-10,1047.72
58.0,Bills,2023-10,1954.31
59.0,Bills,2023-10,1831.38
60.0,Bills,2023-10,2363.8
61.0,Bills,2023-10,2103.86
62.0,Bills,2023-10,2562.35
63.0,Bills,2023-10,1076.06
64.0,Bills,2023-10,1144.47
65.0,Bills,2023-10,2917.96
66.0,Bills,2023-10,968.06
67.0,Bills,2023-10,2496.31
68.0,Bills,2023-10,2386.3
69.0,Bills,2023-10,2125.87
70.0,Bills,2023-10,2401.68
71.0,Bills,2023-10,2516.12
72.0,Bills,2023-10,840.22
73.0,Bills,2023-10,2329.38
74.0,Bills,2023-10,1942.38
75.0,Bills,2023-10,2645.49
76.0,Bills,2023-10,2207.88
77.0,Bills,2023-10,1777.54
78.0,Bills,2023-10,3054.83
79.0,Bills,2023-10,2964.29
80.0,Bills,2023-10,1726.27
81.0,Bills,2023-10,1851.59
82.0,Bills,2023-10,2583.58
83.0,Bills,2023-10,887.98
84.0,Bills,2023-10,2220.73
85.0,Bills,2023-10,1624.46
86.0,Bills,2023-10,2488.67
87.0,Bills,2023-10,1442.63
88.0,Bills,2023-10,1411.5
89.0,Bills,2023-10,1110.36
90.0,Bills,2023-10,1911.6
91.0,Bills,2023-10,2302.81
92.0,Bills,2023-10,2324.37
93.0,Bills,2023-10,1820.37
94.0,Bills,2023-10,2193.69
95.0,Bills,2023-10,2853.65
96.0,Bills,2023-10,843.47
97.0,Bills,2023-10,922.9
98.0,Bills,2023-10,1114.47
99.0,Bills,2023-10,2788.99
100.0,Bills,2023-10,1638.6
101.0,Bills,2023-10,1183.32
102.0,Bills,2023-10,1185.9
103.0,Bills,2023-10,880.64
104.0,Bills,2023-10,1268.11
105.0,Bills,2023-10,1030.54
106.0,Bills,2023-10,1894.82
107.0,Bills,2023-10,2124.53
108.0,Bills,2023-10,2374.48
109.0,Bills,2023-10,1746.81
110.0,Bills,2023-10,2608.28
111.0,Bills,2023-10,2521.55
112.0,Bills,2023-10,1583.88
113.0,Bills,2023-10,2824.51
114.0,Bills,2023-10,1626.36
115.0,Bills,2023-10,2633.84
116.0,Bills,2023-10,1688.59
117.0,Bills,2023-10,1693.35
118.0,Bills,2023-10,1160.84
119.0,Bills,2023-10,2925.76
120.0,Bills,2023-10,2282.77
1.0,Bills,2023-11,3092.2
2.0,Bills,2023-11,1427.89
3.0,Bills,2023-11,935.49
4.0,Bills,2023-11,2473.15
5.0,Bills,2023-11,1071.77
6.0,Bills,2023-11,1224.4
7.0,Bills,2023-11,1295.8
8.0,Bills,2023-11,2985.15
9.0,Bills,2023-11,3354.39
10.0,Bills,2023-11,2923.14
11.0,Bills,2023-11,1112.34
12.0,Bills,2023-11,1638.24
13.0,Bills,2023-11,921.54
14.0,Bills,2023-11,1018.84
15.0,Bills,2023-11,2131.02
16.0,Bills,2023-11,1522.86
17.0,Bills,2023-11,1348.4
18.0,Bills,2023-11,1037.43
19.0,Bills,2023-11,3116.64
20.0,Bills,2023-11,1872.53
21.0,Bills,2023-11,1884.6
22.0,Bills,2023-11,2086.4
23.0,Bills,2023-11,1941.07
24.0,Bills,2023-11,3111.11
25.0,Bills,2023-11,1327.98
26.0,Bills,2023-11,852.02
27.0,Bills,2023-11,2358.4
28.0,Bills,2023-11,996.18
29.0,Bills,2023-11,2769.38
30.0,Bills,2023-11,1538.24
31.0,Bills,2023-11,1619.69
32.0,Bills,2023-11,1678.39
33.0,Bills,2023-11,1636.7
34.0,Bills,2023-11,1277.96
35.0,Bills,2023-11,3013.61
36.0,Bills,2023-11,3244.17
37.0,Bills,2023-11,1385.4
38.0,Bills,2023-11,2420.44
39.0,Bills,2023-11,1095.27
40.0,Bills,2023-11,1908.87
41.0,Bills,2023-11,978.75
42.0,Bills,2023-11,1261.37
43.0,Bills,2023-11,2255.04
44.0,Bills,2023-11,1514.05
45.0,Bills,2023-11,2520.04
46.0,Bills,2023-11,2635.24
47.0,Bills,2023-11,1378.23
48.0,Bills,2023-11,2131.39
49.0,Bills,2023-11,1698.37
50.0,Bills,2023-11,1723.98
51.0,Bills,2023-11,1205.35
52.0,Bills,2023-11,1520.75
53.0,Bills,2023-11,2941.63
54.0,Bills,2023-11,1144.68
55.0,Bills,2023-11,3023.84
56.0,Bills,2023-11,1218.34
57.0,Bills,2023-11,1010.63
58.0,Bills,2023-11,2131.62
59.0,Bills,2023-11,1976.69
60.0,Bills,2023-11,2508.58
61.0,Bills,2023-11,2227.09
62.0,Bills,2023-11,2532.63
63.0,Bills,2023-11,1224.97
64.0,Bills,2023-11,1141.33
65.0,Bills,2023-11,2720.52
66.0,Bills,2023-11,1078.81
67.0,Bills,2023-11,2612.29
68.0,Bills,2023-11,2685.46
69.0,Bills,2023-11,2163.89
70.0,Bills,2023-11,2268.32
71.0,Bills,2023-11,2860.85
72.0,Bills,2023-11,1021.88
73.0,Bills,2023-11,2402.16
74.0,Bills,2023-11,1907.48
75.0,Bills,2023-11,2778.34
76.0,Bills,2023-11,2066.71
77.0,Bills,2023-11,1831.42
78.0,Bills,2023-11,3230.92
79.0,Bills,2023-11,2917.95
80.0,Bills,2023-11,1915.87
81.0,Bills,2023-11,2174.44
82.0,Bills,2023-11,2908.2
83.0,Bills,2023-11,831.04
84.0,Bills,2023-11,2274.2
85.0,Bills,2023-11,1712.17
86.0,Bills,2023-11,2712.28
87.0,Bills,2023-11,1586.9
88.0,Bills,2023-11,1311.58
89.0,Bills,2023-11,1249.04
90.0,Bills,2023-11,1883.18
91.0,Bills,2023-11,2405.03
92.0,Bills,2023-11,2474.68
93.0,Bills,2023-11,1934.03
94.0,Bills,2023-11,2090.72
95.0,Bills,2023-11,2882.84
96.0,Bills,2023-11,843.57
97.0,Bills,2023-11,889.51
98.0,Bills,2023-11,1195.25
99.0,Bills,2023-11,3160.07
100.0,Bills,2023-11,1574.79
101.0,Bills,2023-11,1157.34
102.0,Bills,2023-11,1051.94
103.0,Bills,2023-11,801.56
104.0,Bills,2023-11,1308.23
105.0,Bills,2023-11,1055.02
106.0,Bills,2023-11,2003.53
107.0,Bills,2023-11,2287.0
108.0,Bills,2023-11,2324.14
109.0,Bills,2023-11,2018.06
110.0,Bills,2023-11,2764.32
111.0,Bills,2023-11,2601.98
112.0,Bills,2023-11,1719.34
113.0,Bills,2023-11,3264.55
114.0,Bills,2023-11,1566.5
115.0,Bills,2023-11,2604.06
116.0,Bills,2023-11,1901.7
117.0,Bills,2023-11,1973.25
118.0,Bills,2023-11,1273.28
119.0,Bills,2023-11,2752.48
120.0,Bills,2023-11,2225.57
1.0,Bills,2023-12,2954.41
2.0,Bills,2023-12,1516.29
3.0,Bills,2023-12,1152.48
4.0,Bills,2023-12,2954.95
5.0,Bills,2023-12,1075.63
6.0,Bills,2023-12,1373.61
7.0,Bills,2023-12,1339.56
8.0,Bills,2023-12,3040.35
9.0,Bills,2023-12,3363.7
10.0,Bills,2023-12,3083.03
11.0,Bills,2023-12,1198.01
12.0,Bills,2023-12,1703.52
13.0,Bills,2023-12,956.04
14.0,Bills,2023-12,1115.68
15.0,Bills,2023-12,2081.62
16.0,Bills,2023-12,1685.7
17.0,Bills,2023-12,1477.58
18.0,Bills,2023-12,1094.25
19.0,Bills,2023-12,2743.52
20.0,Bills,2023-12,2304.96
21.0,Bills,2023-12,1734.1
22.0,Bills,2023-12,2164.72
23.0,Bills,2023-12,2351.42
24.0,Bills,2023-12,2872.05
25.0,Bills,2023-12,1380.12
26.0,Bills,2023-12,957.4
27.0,Bills,2023-12,2642.32
28.0,Bills,2023-12,1167.65
29.0,Bills,2023-12,3168.38
30.0,Bills,2023-12,1981.5
31.0,Bills,2023-12,1813.53
32.0,Bills,2023-12,1927.46
33.0,Bills,2023-12,1641.48
34.0,Bills,2023-12,1506.25
35.0,Bills,2023-12,2942.71
36.0,Bills,2023-12,3408.1
37.0,Bills,2023-12,1574.05
38.0,Bills,2023-12,2777.49
39.0,Bills,2023-12,1261.7
40.0,Bills,2023-12,2002.01
41.0,Bills,2023-12,1116.28
42.0,Bills,2023-12,1460.78
43.0,Bills,2023-12,2425.47
44.0,Bills,2023-12,1605.54
45.0,Bills,2023-12,2547.51
46.0,Bills,2023-12,2798.91
47.0,Bills,2023-12,1556.18
48.0,Bills,2023-12,2296.73
49.0,Bills,2023-12,1759.74
50.0,Bills,2023-12,1701.91
51.0,Bills,2023-12,1217.9
52.0,Bills,2023-12,1576.86
53.0,Bills,2023-12,3419.23
54.0,Bills,2023-12,1370.74
55.0,Bills,2023-12,3502.7
56.0,Bills,2023-12,1256.79
57.0,Bills,2023-12,1307.86
58.0,Bills,2023-12,2138.07
59.0,Bills,2023-12,1899.92
60.0,Bills,2023-12,2411.42
61.0,Bills,2023-12,2147.5
62.0,Bills,2023-12,2686.65
63.0,Bills,2023-12,1322.44
64.0,Bills,2023-12,1245.99
65.0,Bills,2023-12,3165.18
66.0,Bills,2023-12,1081.03
67.0,Bills,2023-12,2912.0
68.0,Bills,2023-12,2797.77
69.0,Bills,2023-12,2486.95
70.0,Bills,2023-12,2544.02
71.0,Bills,2023-12,2572.49
72.0,Bills,2023-12,984.85
73.0,Bills,2023-12,2560.36
74.0,Bills,2023-12,2007.6
75.0,Bills,2023-12,2883.41
76.0,Bills,2023-12,2252.55
77.0,Bills,2023-12,1976.37
78.0,Bills,2023-12,3142.9
79.0,Bills,2023-12,3297.09
80.0,Bills,2023-12,2119.0
81.0,Bills,2023-12,2109.63
82.0,Bills,2023-12,2592.17
83.0,Bills,2023-12,1017.45
84.0,Bills,2023-12,2471.76
85.0,Bills,2023-12,1787.0
86.0,Bills,2023-12,2764.5
87.0,Bills,2023-12,1590.68
88.0,Bills,2023-12,1542.58
89.0,Bills,2023-12,1249.66
90.0,Bills,2023-12,2209.42
91.0,Bills,2023-12,2662.82
92.0,Bills,2023-12,2582.51
93.0,Bills,2023-12,2022.86
94.0,Bills,2023-12,2296.91
95.0,Bills,2023-12,3239.62
96.0,Bills,2023-12,898.19
97.0,Bills,2023-12,1007.81
98.0,Bills,2023-12,1223.67
99.0,Bills,2023-12,3138.45
100.0,Bills,2023-12,1704.43
101.0,Bills,2023-12,1285.41
102.0,Bills,2023-12,1230.1
103.0,Bills,2023-12,927.02
104.0,Bills,2023-12,1338.82
105.0,Bills,2023-12,1145.93
106.0,Bills,2023-12,1892.45
107.0,Bills,2023-12,2478.58
108.0,Bills,2023-12,2217.85
109.0,Bills,2023-12,1875.4
110.0,Bills,2023-12,3008.72
111.0,Bills,2023-12,2624.37
112.0,Bills,2023-12,1769.64
113.0,Bills,2023-12,3190.58
114.0,Bills,2023-12,1696.6
115.0,Bills,2023-12,2792.91
116.0,Bills,2023-12,2140.69
117.0,Bills,2023-12,1956.62
118.0,Bills,2023-12,1257.55
119.0,Bills,2023-12,3207.9
120.0,Bills,2023-12,2298.48
1.0,Bills,2024-01,3154.82
2.0,Bills,2024-01,1465.15
3.0,Bills,2024-01,1074.99
4.0,Bills,2024-01,3012.49
5.0,Bills,2024-01,1247.17
6.0,Bills,2024-01,1376.2
7.0,Bills,2024-01,1453.39
8.0,Bills,2024-01,3607.22
9.0,Bills,2024-01,3614.91
10.0,Bills,2024-01,3823.18
11.0,Bills,2024-01,1196.17
12.0,Bills,2024-01,1860.78
13.0,Bills,2024-01,1063.96
14.0,Bills,2024-01,1131.36
15.0,Bills,2024-01,2419.73
16.0,Bills,2024-01,1876.47
17.0,Bills,2024-01,1486.44
18.0,Bills,2024-01,1200.5
19.0,Bills,2024-01,3484.09
20.0,Bills,2024-01,2283.06
21.0,Bills,2024-01,1901.63
22.0,Bills,2024-01,2418.07
23.0,Bills,2024-01,2582.92
24.0,Bills,2024-01,3342.82
25.0,Bills,2024-01,1664.03
26.0,Bills,2024-01,1086.9
27.0,Bills,2024-01,2572.5
28.0,Bills,2024-01,1308.68
29.0,Bills,2024-01,3268.34
30.0,Bills,2024-01,2110.17
31.0,Bills,2024-01,1903.34
32.0,Bills,2024-01,1984.25
33.0,Bills,2024-01,1902.16
34.0,Bills,2024-01,1672.85
35.0,Bills,2024-01,3447.04
36.0,Bills,2024-01,3374.23
37.0,Bills,2024-01,1666.02
38.0,Bills,2024-01,2865.91
39.0,Bills,2024-01,1315.8
40.0,Bills,2024-01,2027.61
41.0,Bills,2024-01,1214.27
42.0,Bills,2024-01,1660.14
43.0,Bills,2024-01,2720.96
44.0,Bills,2024-01,1757.12
45.0,Bills,2024-01,2866.82
46.0,Bills,2024-01,2679.66
47.0,Bills,2024-01,1639.14
48.0,Bills,2024-01,2508.97
49.0,Bills,2024-01,2195.54
50.0,Bills,2024-01,2110.76
51.0,Bills,2024-01,1303.95
52.0,Bills,2024-01,1469.82
53.0,Bills,2024-01,3377.16
54.0,Bills,2024-01,1471.46
55.0,Bills,2024-01,3514.76
56.0,Bills,2024-01,1364.85
57.0,Bills,2024-01,1271.03
58.0,Bills,2024-01,2171.14
59.0,Bills,2024-01,2306.55
60.0,Bills,2024-01,2702.95
61.0,Bills,2024-01,2460.74
62.0,Bills,2024-01,2824.92
63.0,Bills,2024-01,1394.1
64.0,Bills,2024-01,1407.75
65.0,Bills,2024-01,3551.33
66.0,Bills,2024-01,1180.4
67.0,Bills,2024-01,3223.15
68.0,Bills,2024-01,2982.15
69.0,Bills,2024-01,2430.99
70.0,Bills,2024-01,2926.69
71.0,Bills,2024-01,3264.56
72.0,Bills,2024-01,1073.22
73.0,Bills,2024-01,2705.58
74.0,Bills,2024-01,2250.38
75.0,Bills,2024-01,3255.59
76.0,Bills,2024-01,2555.17
77.0,Bills,2024-01,2057.47
78.0,Bills,2024-01,3451.97
79.0,Bills,2024-01,3797.69
80.0,Bills,2024-01,2193.64
81.0,Bills,2024-01,2288.4
82.0,Bills,2024-01,3080.85
83.0,Bills,2024-01,1052.46
84.0,Bills,2024-01,2549.35
85.0,Bills,2024-01,1716.89
86.0,Bills,2024-01,2971.49
87.0,Bills,2024-01,1686.0
88.0,Bills,2024-01,1691.12
89.0,Bills,2024-01,1317.74
90.0,Bills,2024-01,2371.15
91.0,Bills,2024-01,2960.47
92.0,Bills,2024-01,2827.21
93.0,Bills,2024-01,2260.11
94.0,Bills,2024-01,2602.59
95.0,Bills,2024-01,3446.62
96.0,Bills,2024-01,969.34
97.0,Bills,2024-01,1063.12
98.0,Bills,2024-01,1492.14
99.0,Bills,2024-01,3501.55
100.0,Bills,2024-01,1865.96
101.0,Bills,2024-01,1341.66
102.0,Bills,2024-01,1386.05
103.0,Bills,2024-01,1060.52
104.0,Bills,2024-01,1499.11
105.0,Bills,2024-01,1184.79
106.0,Bills,2024-01,2132.02
107.0,Bills,2024-01,2547.52
108.0,Bills,2024-01,2812.77
109.0,Bills,2024-01,2001.07
110.0,Bills,2024-01,3016.64
111.0,Bills,2024-01,2926.42
112.0,Bills,2024-01,1910.37
113.0,Bills,2024-01,3397.91
114.0,Bills,2024-01,2088.57
115.0,Bills,2024-01,3065.4
116.0,Bills,2024-01,2240.48
117.0,Bills,2024-01,2266.68
118.0,Bills,2024-01,1539.39
119.0,Bills,2024-01,3615.47
120.0,Bills,2024-01,2521.93
1.0,Bills,2024-02,3451.0
2.0,Bills,2024-02,1614.31
3.0,Bills,2024-02,1149.28
4.0,Bills,2024-02,3554.73
5.0,Bills,2024-02,1250.47
6.0,Bills,2024-02,1608.9
7.0,Bills,2024-02,1574.14
8.0,Bills,2024-02,3419.96
9.0,Bills,2024-02,4074.06
10.0,Bills,2024-02,4345.1
11.0,Bills,2024-02,1260.26
12.0,Bills,2024-02,1855.07
13.0,Bills,2024-02,1209.12
14.0,Bills,2024-02,1295.34
15.0,Bills,2024-02,2537.52
16.0,Bills,2024-02,2045.01
17.0,Bills,2024-02,1761.64
18.0,Bills,2024-02,1319.44
19.0,Bills,2024-02,3490.81
20.0,Bills,2024-02,2707.48
21.0,Bills,2024-02,2181.38
22.0,Bills,2024-02,2656.98
23.0,Bills,2024-02,2551.2
24.0,Bills,2024-02,3381.3
25.0,Bills,2024-02,1676.27
26.0,Bills,2024-02,1194.67
27.0,Bills,2024-02,2809.92
28.0,Bills,2024-02,1369.42
29.0,Bills,2024-02,3222.84
30.0,Bills,2024-02,2173.3
31.0,Bills,2024-02,1925.6
32.0,Bills,2024-02,2274.26
33.0,Bills,2024-02,2042.14
34.0,Bills,2024-02,1700.78
35.0,Bills,2024-02,3921.19
36.0,Bills,2024-02,3805.06
37.0,Bills,2024-02,1865.54
38.0,Bills,2024-02,3065.72
39.0,Bills,2024-02,1468.87
40.0,Bills,2024-02,2310.31
41.0,Bills,2024-02,1247.24
42.0,Bills,2024-02,1635.22
43.0,Bills,2024-02,2742.4
44.0,Bills,2024-02,1812.74
45.0,Bills,2024-02,2905.82
46.0,Bills,2024-02,3356.27
47.0,Bills,2024-02,1747.27
48.0,Bills,2024-02,2611.54
49.0,Bills,2024-02,2234.33
50.0,Bills,2024-02,2142.62
51.0,Bills,2024-02,1389.48
52.0,Bills,2024-02,1790.36
53.0,Bills,2024-02,3482.51
54.0,Bills,2024-02,1474.16
55.0,Bills,2024-02,3903.22
56.0,Bills,2024-02,1476.29
57.0,Bills,2024-02,1411.82
58.0,Bills,2024-02,2432.45
59.0,Bills,2024-02,2335.8
60.0,Bills,2024-02,2998.44
61.0,Bills,2024-02,2391.97
62.0,Bills,2024-02,3388.93
63.0,Bills,2024-02,1453.2
64.0,Bills,2024-02,1413.1
65.0,Bills,2024-02,3565.24
66.0,Bills,2024-02,1286.53
67.0,Bills,2024-02,3347.85
68.0,Bills,2024-02,3381.75
69.0,Bills,2024-02,2543.16
70.0,Bills,2024-02,3071.6
71.0,Bills,2024-02,3316.69
72.0,Bills,2024-02,1176.58
73.0,Bills,2024-02,2879.5
74.0,Bills,2024-02,2291.14
75.0,Bills,2024-02,3162.15
76.0,Bills,2024-02,2534.7
77.0,Bills,2024-02,2163.77
78.0,Bills,2024-02,4046.0
79.0,Bills,2024-02,3517.93
80.0,Bills,2024-02,2321.48
81.0,Bills,2024-02,2667.33
82.0,Bills,2024-02,2994.75
83.0,Bills,2024-02,1106.96
84.0,Bills,2024-02,2871.04
85.0,Bills,2024-02,2135.48
86.0,Bills,2024-02,3221.33
87.0,Bills,2024-02,1932.79
88.0,Bills,2024-02,1795.76
89.0,Bills,2024-02,1483.54
90.0,Bills,2024-02,2471.94
91.0,Bills,2024-02,3204.11
92.0,Bills,2024-02,2867.17
93.0,Bills,2024-02,2407.02
94.0,Bills,2024-02,2635.07
95.0,Bills,2024-02,3857.59
96.0,Bills,2024-02,1069.05
97.0,Bills,2024-02,1123.31
98.0,Bills,2024-02,1474.27
99.0,Bills,2024-02,3734.16
100.0,Bills,2024-02,2091.11
101.0,Bills,2024-02,1602.0
102.0,Bills,2024-02,1443.84
103.0,Bills,2024-02,1111.7
104.0,Bills,2024-02,1820.24
105.0,Bills,2024-02,1315.98
106.0,Bills,2024-02,2559.65
107.0,Bills,2024-02,2649.23
108.0,Bills,2024-02,2959.34
109.0,Bills,2024-02,2442.53
110.0,Bills,2024-02,3267.62
111.0,Bills,2024-02,3217.34
112.0,Bills,2024-02,2149.97
113.0,Bills,2024-02,3900.36
114.0,Bills,2024-02,2071.35
115.0,Bills,2024-02,3124.89
116.0,Bills,2024-02,2127.3
117.0,Bills,2024-02,2142.72
118.0,Bills,2024-02,1492.74
119.0,Bills,2024-02,3822.63
120.0,Bills,2024-02,3029.01
1.0,Bills,2024-03,3860.86
2.0,Bills,2024-03,1806.1
3.0,Bills,2024-03,1338.0
4.0,Bills,2024-03,3689.82
5.0,Bills,2024-03,1231.11
6.0,Bills,2024-03,1633.97
7.0,Bills,2024-03,1695.18
8.0,Bills,2024-03,3768.97
9.0,Bills,2024-03,4238.09
10.0,Bills,2024-03,4365.47
11.0,Bills,2024-03,1304.44
12.0,Bills,2024-03,1904.42
13.0,Bills,2024-03,1308.79
14.0,Bills,2024-03,1335.56
15.0,Bills,2024-03,3017.35
16.0,Bills,2024-03,2059.54
17.0,Bills,2024-03,1840.59
18.0,Bills,2024-03,1297.47
19.0,Bills,2024-03,3514.38
20.0,Bills,2024-03,2602.21
21.0,Bills,2024-03,2173.26
22.0,Bills,2024-03,2750.73
23.0,Bills,2024-03,2796.18
24.0,Bills,2024-03,3647.33
25.0,Bills,2024-03,1810.67
26.0,Bills,2024-03,1239.36
27.0,Bills,2024-03,2952.6
28.0,Bills,2024-03,1416.51
29.0,Bills,2024-03,3557.35
30.0,Bills,2024-03,2303.1
31.0,Bills,2024-03,2305.95
32.0,Bills,2024-03,2347.31
33.0,Bills,2024-03,2264.28
34.0,Bills,2024-03,1873.06
35.0,Bills,2024-03,3931.56
36.0,Bills,2024-03,3888.34
37.0,Bills,2024-03,1891.29
38.0,Bills,2024-03,2889.71
39.0,Bills,2024-03,1370.9
40.0,Bills,2024-03,2291.22
41.0,Bills,2024-03,1301.15
42.0,Bills,2024-03,1897.25
43.0,Bills,2024-03,2941.36
44.0,Bills,2024-03,1868.14
45.0,Bills,2024-03,3461.15
46.0,Bills,2024-03,3438.93
47.0,Bills,2024-03,1734.65
48.0,Bills,2024-03,2639.4
49.0,Bills,2024-03,2691.91
50.0,Bills,2024-03,2322.55
51.0,Bills,2024-03,1466.76
52.0,Bills,2024-03,1731.16
53.0,Bills,2024-03,3825.88
54.0,Bills,2024-03,1565.33
55.0,Bills,2024-03,4230.17
56.0,Bills,2024-03,1520.77
57.0,Bills,2024-03,1448.28
58.0,Bills,2024-03,2719.66
59.0,Bills,2024-03,2521.05
60.0,Bills,2024-03,3426.64
61.0,Bills,2024-03,2752.06
62.0,Bills,2024-03,3266.21
63.0,Bills,2024-03,1650.24
64.0,Bills,2024-03,1404.03
65.0,Bills,2024-03,4167.06
66.0,Bills,2024-03,1390.65
67.0,Bills,2024-03,3448.59
68.0,Bills,2024-03,3553.72
69.0,Bills,2024-03,2849.05
70.0,Bills,2024-03,3260.59
71.0,Bills,2024-03,3437.19
72.0,Bills,2024-03,1121.75
73.0,Bills,2024-03,3494.38
74.0,Bills,2024-03,2456.64
75.0,Bills,2024-03,3516.99
76.0,Bills,2024-03,2946.54
77.0,Bills,2024-03,2561.49
78.0,Bills,2024-03,4054.04
79.0,Bills,2024-03,3877.67
80.0,Bills,2024-03,2341.28
81.0,Bills,2024-03,2477.24
82.0,Bills,2024-03,3371.84
83.0,Bills,2024-03,1154.8
84.0,Bills,2024-03,3061.79
85.0,Bills,2024-03,2338.45
86.0,Bills,2024-03,3330.07
87.0,Bills,2024-03,1957.24
88.0,Bills,2024-03,1859.5
89.0,Bills,2024-03,1669.05
90.0,Bills,2024-03,2180.23
91.0,Bills,2024-03,3111.42
92.0,Bills,2024-03,2987.7
93.0,Bills,2024-03,2339.14
94.0,Bills,2024-03,2809.2
95.0,Bills,2024-03,3863.97
96.0,Bills,2024-03,1029.28
97.0,Bills,2024-03,1201.06
98.0,Bills,2024-03,1630.22
99.0,Bills,2024-03,4121.1
100.0,Bills,2024-03,2204.44
101.0,Bills,2024-03,1630.5
102.0,Bills,2024-03,1524.12
103.0,Bills,2024-03,1114.52
104.0,Bills,2024-03,1710.66
105.0,Bills,2024-03,1441.61
106.0,Bills,2024-03,2262.0
107.0,Bills,2024-03,2994.04
108.0,Bills,2024-03,3293.39
109.0,Bills,2024-03,2532.36
110.0,Bills,2024-03,3664.43
111.0,Bills,2024-03,3539.71
112.0,Bills,2024-03,2120.52
113.0,Bills,2024-03,3754.16
114.0,Bills,2024-03,2228.48
115.0,Bills,2024-03,3351.94
116.0,Bills,2024-03,2465.04
117.0,Bills,2024-03,2297.69
118.0,Bills,2024-03,1599.13
119.0,Bills,2024-03,4215.13
120.0,Bills,2024-03,2958.68
1.0,Bills,2024-04,3837.53
2.0,Bills,2024-04,1847.89
3.0,Bills,2024-04,1346.32
4.0,Bills,2024-04,3566.64
5.0,Bills,2024-04,1317.08
6.0,Bills,2024-04,1666.79
7.0,Bills,2024-04,1679.46
8.0,Bills,2024-04,3999.57
9.0,Bills,2024-04,3931.65
10.0,Bills,2024-04,4305.4
11.0,Bills,2024-04,1467.16
12.0,Bills,2024-04,2185.98
13.0,Bills,2024-04,1330.31
14.0,Bills,2024-04,1429.68
15.0,Bills,2024-04,2813.91
16.0,Bills,2024-04,2213.44
17.0,Bills,2024-04,1825.59
18.0,Bills,2024-04,1452.11
19.0,Bills,2024-04,3518.48
20.0,Bills,2024-04,2520.0
21.0,Bills,2024-04,2249.15
22.0,Bills,2024-04,2628.6
23.0,Bills,2024-04,2892.94
24.0,Bills,2024-04,3680.62
25.0,Bills,2024-04,1783.98
26.0,Bills,2024-04,1331.25
27.0,Bills,2024-04,3218.15
28.0,Bills,2024-04,1419.74
29.0,Bills,2024-04,3518.77
30.0,Bills,2024-04,2430.14
31.0,Bills,2024-04,2176.02
32.0,Bills,2024-04,2209.72
33.0,Bills,2024-04,2275.11
34.0,Bills,2024-04,2066.49
35.0,Bills,2024-04,4017.98
36.0,Bills,2024-04,4074.96
37.0,Bills,2024-04,1916.76
38.0,Bills,2024-04,3230.8
39.0,Bills,2024-04,1482.85
40.0,Bills,2024-04,2435.52
41.0,Bills,2024-04,1457.07
42.0,Bills,2024-04,1897.78
43.0,Bills,2024-04,3031.47
44.0,Bills,2024-04,1844.84
45.0,Bills,2024-04,3300.29
46.0,Bills,2024-04,3551.56
47.0,Bills,2024-04,1842.24
48.0,Bills,2024-04,2937.65
49.0,Bills,2024-04,2368.23
50.0,Bills,2024-04,2403.29
51.0,Bills,2024-04,1429.96
52.0,Bills,2024-04,1806.3
53.0,Bills,2024-04,4092.52
54.0,Bills,2024-04,1623.72
55.0,Bills,2024-04,4026.62
56.0,Bills,2024-04,1540.1
57.0,Bills,2024-04,1576.59
58.0,Bills,2024-04,2647.4
59.0,Bills,2024-04,2565.7
60.0,Bills,2024-04,3219.01
61.0,Bills,2024-04,2808.69
62.0,Bills,2024-04,3483.97
63.0,Bills,2024-04,1592.36
64.0,Bills,2024-04,1686.66
65.0,Bills,2024-04,3561.87
66.0,Bills,2024-04,1283.89
67.0,Bills,2024-04,3720.86
68.0,Bills,2024-04,3373.76
69.0,Bills,2024-04,2856.27
70.0,Bills,2024-04,3307.55
71.0,Bills,2024-04,3309.64
72.0,Bills,2024-04,1295.5
73.0,Bills,2024-04,3261.64
74.0,Bills,2024-04,2555.26
75.0,Bills,2024-04,3689.33
76.0,Bills,2024-04,2998.34
77.0,Bills,2024-04,2329.74
78.0,Bills,2024-04,4468.29
79.0,Bills,2024-04,3998.25
80.0,Bills,2024-04,2543.23
81.0,Bills,2024-04,2573.22
82.0,Bills,2024-04,3554.19
83.0,Bills,2024-04,1212.41
84.0,Bills,2024-04,3089.75
85.0,Bills,2024-04,2256.83
86.0,Bills,2024-04,3412.65
87.0,Bills,2024-04,1930.54
88.0,Bills,2024-04,1879.53
89.0,Bills,2024-04,1605.46
90.0,Bills,2024-04,2714.89
91.0,Bills,2024-04,3179.96
92.0,Bills,2024-04,3018.59
93.0,Bills,2024-04,2386.09
94.0,Bills,2024-04,2838.07
95.0,Bills,2024-04,4308.57
96.0,Bills,2024-04,1112.82
97.0,Bills,2024-04,1281.45
98.0,Bills,2024-04,1721.75
99.0,Bills,2024-04,3806.86
100.0,Bills,2024-04,2384.26
101.0,Bills,2024-04,1646.0
102.0,Bills,2024-04,1546.52
103.0,Bills,2024-04,1098.81
104.0,Bills,2024-04,1720.56
105.0,Bills,2024-04,1427.83
106.0,Bills,2024-04,2557.93
107.0,Bills,2024-04,3043.8
108.0,Bills,2024-04,3236.83
109.0,Bills,2024-04,2511.93
110.0,Bills,2024-04,3385.33
111.0,Bills,2024-04,3487.04
112.0,Bills,2024-04,2217.53
113.0,Bills,2024-04,4169.85
114.0,Bills,2024-04,2078.97
115.0,Bills,2024-04,3276.19
116.0,Bills,2024-04,2362.91
117.0,Bills,2024-04,2232.77
118.0,Bills,2024-04,1539.22
119.0,Bills,2024-04,4005.96
120.0,Bills,2024-04,3059.65
1.0,Bills,2024-05,3641.6
2.0,Bills,2024-05,1833.78
3.0,Bills,2024-05,1322.86
4.0,Bills,2024-05,3584.57
5.0,Bills,2024-05,1258.43
6.0,Bills,2024-05,1725.88
7.0,Bills,2024-05,1779.45
8.0,Bills,2024-05,4140.0
9.0,Bills,2024-05,4407.34
10.0,Bills,2024-05,4253.59
11.0,Bills,2024-05,1367.83
12.0,Bills,2024-05,2021.84
13.0,Bills,2024-05,1245.49
14.0,Bills,2024-05,1436.21
15.0,Bills,2024-05,2818.26
16.0,Bills,2024-05,2115.95
17.0,Bills,2024-05,1918.12
18.0,Bills,2024-05,1421.06
19.0,Bills,2024-05,3642.78
20.0,Bills,2024-05,2547.35
21.0,Bills,2024-05,2223.86
22.0,Bills,2024-05,2955.03
23.0,Bills,2024-05,2642.54
24.0,Bills,2024-05,3661.68
25.0,Bills,2024-05,1675.59
26.0,Bills,2024-05,1161.24
27.0,Bills,2024-05,3197.3
28.0,Bills,2024-05,1383.77
29.0,Bills,2024-05,3527.52
30.0,Bills,2024-05,2312.93
31.0,Bills,2024-05,2244.19
32.0,Bills,2024-05,2434.77
33.0,Bills,2024-05,2120.67
34.0,Bills,2024-05,1851.18
35.0,Bills,2024-05,4168.85
36.0,Bills,2024-05,4240.54
37.0,Bills,2024-05,1971.36
38.0,Bills,2024-05,3082.7
39.0,Bills,2024-05,1380.7
40.0,Bills,2024-05,2535.51
41.0,Bills,2024-05,1378.02
42.0,Bills,2024-05,1791.27
43.0,Bills,2024-05,3005.95
44.0,Bills,2024-05,2008.1
45.0,Bills,2024-05,3232.36
46.0,Bills,2024-05,3343.32
47.0,Bills,2024-05,1919.99
48.0,Bills,2024-05,2948.87
49.0,Bills,2024-05,2352.67
50.0,Bills,2024-05,2288.96
51.0,Bills,2024-05,1524.13
52.0,Bills,2024-05,1768.51
53.0,Bills,2024-05,4162.93
54.0,Bills,2024-05,1500.4
55.0,Bills,2024-05,4039.24
56.0,Bills,2024-05,1490.45
57.0,Bills,2024-05,1516.11
58.0,Bills,2024-05,2734.21
59.0,Bills,2024-05,2417.47
60.0,Bills,2024-05,3335.49
61.0,Bills,2024-05,2763.34
62.0,Bills,2024-05,3075.15
63.0,Bills,2024-05,1504.17
64.0,Bills,2024-05,1470.7
65.0,Bills,2024-05,3893.64
66.0,Bills,2024-05,1390.22
67.0,Bills,2024-05,3404.52
68.0,Bills,2024-05,3443.68
69.0,Bills,2024-05,3271.23
70.0,Bills,2024-05,3435.33
71.0,Bills,2024-05,3486.0
72.0,Bills,2024-05,1095.36
73.0,Bills,2024-05,3153.58
74.0,Bills,2024-05,2452.82
75.0,Bills,2024-05,3677.89
76.0,Bills,2024-05,2723.57
77.0,Bills,2024-05,2512.6
78.0,Bills,2024-05,4269.33
79.0,Bills,2024-05,3967.12
80.0,Bills,2024-05,2681.07
81.0,Bills,2024-05,2707.78
82.0,Bills,2024-05,3060.55
83.0,Bills,2024-05,1248.38
84.0,Bills,2024-05,3077.28
85.0,Bills,2024-05,2125.09
86.0,Bills,2024-05,3283.65
87.0,Bills,2024-05,2060.82
88.0,Bills,2024-05,2019.69
89.0,Bills,2024-05,1549.63
90.0,Bills,2024-05,2598.63
91.0,Bills,2024-05,3429.3
92.0,Bills,2024-05,3068.05
93.0,Bills,2024-05,2398.08
94.0,Bills,2024-05,2960.82
95.0,Bills,2024-05,3736.01
96.0,Bills,2024-05,1128.9
97.0,Bills,2024-05,1216.89
98.0,Bills,2024-05,1608.01
99.0,Bills,2024-05,3587.52
100.0,Bills,2024-05,2255.39
101.0,Bills,2024-05,1673.41
102.0,Bills,2024-05,1577.59
103.0,Bills,2024-05,1183.82
104.0,Bills,2024-05,1810.57
105.0,Bills,2024-05,1346.05
106.0,Bills,2024-05,2664.25
107.0,Bills,2024-05,2998.15
108.0,Bills,2024-05,2965.17
109.0,Bills,2024-05,2441.03
110.0,Bills,2024-05,3506.56
111.0,Bills,2024-05,3325.2
112.0,Bills,2024-05,2472.37
113.0,Bills,2024-05,4312.08
114.0,Bills,2024-05,2116.62
115.0,Bills,2024-05,3356.35
116.0,Bills,2024-05,2340.01
117.0,Bills,2024-05,2258.03
118.0,Bills,2024-05,1629.47
119.0,Bills,2024-05,4081.15
120.0,Bills,2024-05,3248.39
1.0,Bills,2024-06,3639.07
2.0,Bills,2024-06,2003.86
3.0,Bills,2024-06,1271.86
4.0,Bills,2024-06,3349.1
5.0,Bills,2024-06,1290.19
6.0,Bills,2024-06,1655.69
7.0,Bills,2024-06,1554.55
8.0,Bills,2024-06,3705.73
9.0,Bills,2024-06,4211.34
10.0,Bills,2024-06,4120.07
11.0,Bills,2024-06,1261.11
12.0,Bills,2024-06,1954.03
13.0,Bills,2024-06,1190.72
14.0,Bills,2024-06,1467.62
15.0,Bills,2024-06,2758.65
16.0,Bills,2024-06,2075.07
17.0,Bills,2024-06,1874.03
18.0,Bills,2024-06,1374.39
19.0,Bills,2024-06,3653.49
20.0,Bills,2024-06,2696.46
21.0,Bills,2024-06,1943.25
22.0,Bills,2024-06,2887.96
23.0,Bills,2024-06,2569.61
24.0,Bills,2024-06,3505.48
25.0,Bills,2024-06,1758.22
26.0,Bills,2024-06,1219.16
27.0,Bills,2024-06,3027.45
28.0,Bills,2024-06,1442.2
29.0,Bills,2024-06,3360.56
30.0,Bills,2024-06,2277.18
31.0,Bills,2024-06,2056.58
32.0,Bills,2024-06,2359.69
33.0,Bills,2024-06,2161.14
34.0,Bills,2024-06,1826.39
35.0,Bills,2024-06,3701.16
36.0,Bills,2024-06,3909.37
37.0,Bills,2024-06,1930.25
38.0,Bills,2024-06,2885.7
39.0,Bills,2024-06,1408.55
40.0,Bills,2024-06,2418.75
41.0,Bills,2024-06,1355.28
42.0,Bills,2024-06,1766.48
43.0,Bills,2024-06,2863.2
44.0,Bills,2024-06,1915.84
45.0,Bills,2024-06,3379.26
46.0,Bills,2024-06,3245.58
47.0,Bills,2024-06,1795.88
48.0,Bills,2024-06,2811.41
49.0,Bills,2024-06,2297.23
50.0,Bills,2024-06,2104.6
51.0,Bills,2024-06,1454.25
52.0,Bills,2024-06,1649.25
53.0,Bills,2024-06,3770.78
54.0,Bills,2024-06,1607.91
55.0,Bills,2024-06,4045.52
56.0,Bills,2024-06,1508.08
57.0,Bills,2024-06,1425.54
58.0,Bills,2024-06,2509.27
59.0,Bills,2024-06,2330.99
60.0,Bills,2024-06,3055.83
61.0,Bills,2024-06,2570.15
62.0,Bills,2024-06,3360.46
63.0,Bills,2024-06,1404.37
64.0,Bills,2024-06,1401.42
65.0,Bills,2024-06,3808.55
66.0,Bills,2024-06,1307.12
67.0,Bills,2024-06,3448.96
68.0,Bills,2024-06,3374.09
69.0,Bills,2024-06,2824.1
70.0,Bills,2024-06,3132.68
71.0,Bills,2024-06,3161.91
72.0,Bills,2024-06,1135.98
73.0,Bills,2024-06,2934.53
74.0,Bills,2024-06,2466.68
75.0,Bills,2024-06,3670.34
76.0,Bills,2024-06,2559.85
77.0,Bills,2024-06,2482.59
78.0,Bills,2024-06,4163.37
79.0,Bills,2024-06,3979.86
80.0,Bills,2024-06,2351.05
81.0,Bills,2024-06,2629.29
82.0,Bills,2024-06,3177.49
83.0,Bills,2024-06,1205.18
84.0,Bills,2024-06,2940.56
85.0,Bills,2024-06,2081.88
86.0,Bills,2024-06,3117.38
87.0,Bills,2024-06,1907.5
88.0,Bills,2024-06,1879.01
89.0,Bills,2024-06,1422.49
90.0,Bills,2024-06,2619.14
91.0,Bills,2024-06,3211.17
92.0,Bills,2024-06,2941.21
93.0,Bills,2024-06,2469.42
94.0,Bills,2024-06,2689.96
95.0,Bills,2024-06,3988.81
96.0,Bills,2024-06,1172.79
97.0,Bills,2024-06,1210.63
98.0,Bills,2024-06,1623.32
99.0,Bills,2024-06,3761.77
100.0,Bills,2024-06,1889.79
101.0,Bills,2024-06,1394.51
102.0,Bills,2024-06,1392.48
103.0,Bills,2024-06,1169.23
104.0,Bills,2024-06,1710.2
105.0,Bills,2024-06,1364.14
106.0,Bills,2024-06,2427.9
107.0,Bills,2024-06,2950.28
108.0,Bills,2024-06,2745.25
109.0,Bills,2024-06,2310.48
110.0,Bills,2024-06,3897.89
111.0,Bills,2024-06,3339.62
112.0,Bills,2024-06,2247.49
113.0,Bills,2024-06,3946.91
114.0,Bills,2024-06,2201.84
115.0,Bills,2024-06,3358.11
116.0,Bills,2024-06,2251.64
117.0,Bills,2024-06,2422.64
118.0,Bills,2024-06,1425.79
119.0,Bills,2024-06,3968.8
120.0,Bills,2024-06,2812.75
1.0,Bills,2024-07,3337.93
2.0,Bills,2024-07,1684.12
3.0,Bills,2024-07,1165.88
4.0,Bills,2024-07,3286.87
5.0,Bills,2024-07,1238.74
6.0,Bills,2024-07,1526.16
7.0,Bills,2024-07,1503.84
8.0,Bills,2024-07,3392.41
9.0,Bills,2024-07,3611.66
10.0,Bills,2024-07,3854.8
11.0,Bills,2024-07,1329.97
12.0,Bills,2024-07,1974.96
13.0,Bills,2024-07,1199.45
14.0,Bills,2024-07,1310.84
15.0,Bills,2024-07,2548.1
16.0,Bills,2024-07,2008.46
17.0,Bills,2024-07,1597.28
18.0,Bills,2024-07,1291.37
19.0,Bills,2024-07,3263.71
20.0,Bills,2024-07,2371.72
21.0,Bills,2024-07,1987.34
22.0,Bills,2024-07,2659.49
23.0,Bills,2024-07,2610.72
24.0,Bills,2024-07,3272.43
25.0,Bills,2024-07,1503.21
26.0,Bills,2024-07,1054.66
27.0,Bills,2024-07,2953.15
28.0,Bills,2024-07,1378.12
29.0,Bills,2024-07,3125.74
30.0,Bills,2024-07,2018.29
31.0,Bills,2024-07,2008.55
32.0,Bills,2024-07,2060.52
33.0,Bills,2024-07,2095.2
34.0,Bills,2024-07,1659.36
35.0,Bills,2024-07,3312.87
36.0,Bills,2024-07,3646.95
37.0,Bills,2024-07,1719.41
38.0,Bills,2024-07,2794.38
39.0,Bills,2024-07,1332.98
40.0,Bills,2024-07,2208.78
41.0,Bills,2024-07,1215.83
42.0,Bills,2024-07,1796.13
43.0,Bills,2024-07,2718.91
44.0,Bills,2024-07,1720.76
45.0,Bills,2024-07,2798.02
46.0,Bills,2024-07,3039.51
47.0,Bills,2024-07,1748.74
48.0,Bills,2024-07,2637.59
49.0,Bills,2024-07,2246.67
50.0,Bills,2024-07,2118.5
51.0,Bills,2024-07,1424.52
52.0,Bills,2024-07,1666.11
53.0,Bills,2024-07,3729.5
54.0,Bills,2024-07,1489.89
55.0,Bills,2024-07,3561.64
56.0,Bills,2024-07,1509.14
57.0,Bills,2024-07,1458.33
58.0,Bills,2024-07,2385.48
59.0,Bills,2024-07,2408.93
60.0,Bills,2024-07,2792.66
61.0,Bills,2024-07,2115.39
62.0,Bills,2024-07,3141.39
63.0,Bills,2024-07,1530.28
64.0,Bills,2024-07,1449.2
65.0,Bills,2024-07,3542.01
66.0,Bills,2024-07,1268.3
67.0,Bills,2024-07,3043.66
68.0,Bills,2024-07,3105.89
69.0,Bills,2024-07,2522.74
70.0,Bills,2024-07,2877.39
71.0,Bills,2024-07,3244.61
72.0,Bills,2024-07,1093.44
73.0,Bills,2024-07,2718.93
74.0,Bills,2024-07,2441.13
75.0,Bills,2024-07,3176.57
76.0,Bills,2024-07,2545.54
77.0,Bills,2024-07,2117.56
78.0,Bills,2024-07,4060.98
79.0,Bills,2024-07,3572.56
80.0,Bills,2024-07,2226.49
81.0,Bills,2024-07,2491.98
82.0,Bills,2024-07,2914.26
83.0,Bills,2024-07,1093.82
84.0,Bills,2024-07,2472.08
85.0,Bills,2024-07,2163.12
86.0,Bills,2024-07,2882.83
87.0,Bills,2024-07,1783.53
88.0,Bills,2024-07,1898.43
89.0,Bills,2024-07,1422.35
90.0,Bills,2024-07,2388.93
91.0,Bills,2024-07,2953.71
92.0,Bills,2024-07,2802.54
93.0,Bills,2024-07,2079.85
94.0,Bills,2024-07,2713.25
95.0,Bills,2024-07,3397.8
96.0,Bills,2024-07,1038.37
97.0,Bills,2024-07,1225.08
98.0,Bills,2024-07,1462.25
99.0,Bills,2024-07,3635.87
100.0,Bills,2024-07,2033.79
101.0,Bills,2024-07,1474.06
102.0,Bills,2024-07,1303.43
103.0,Bills,2024-07,1093.73
104.0,Bills,2024-07,1605.73
105.0,Bills,2024-07,1261.92
106.0,Bills,2024-07,2249.3
107.0,Bills,2024-07,2926.72
108.0,Bills,2024-07,2763.09
109.0,Bills,2024-07,2249.36
110.0,Bills,2024-07,3087.19
111.0,Bills,2024-07,3332.85
112.0,Bills,2024-07,2021.41
113.0,Bills,2024-07,3728.01
114.0,Bills,2024-07,2045.97
115.0,Bills,2024-07,3184.19
116.0,Bills,2024-07,2227.65
117.0,Bills,2024-07,2070.29
118.0,Bills,2024-07,1511.23
119.0,Bills,2024-07,3994.97
120.0,Bills,2024-07,2693.84
1.0,Bills,2024-08,3243.41
2.0,Bills,2024-08,1632.71
3.0,Bills,2024-08,1047.07
4.0,Bills,2024-08,3227.87
5.0,Bills,2024-08,1256.39
6.0,Bills,2024-08,1543.38
7.0,Bills,2024-08,1385.01
8.0,Bills,2024-08,3557.36
9.0,Bills,2024-08,3540.7
10.0,Bills,2024-08,3522.67
11.0,Bills,2024-08,1374.77
12.0,Bills,2024-08,1807.13
13.0,Bills,2024-08,1073.05
14.0,Bills,2024-08,1240.71
15.0,Bills,2024-08,2581.13
16.0,Bills,2024-08,1847.59
17.0,Bills,2024-08,1565.06
18.0,Bills,2024-08,1200.98
19.0,Bills,2024-08,3294.13
20.0,Bills,2024-08,2161.19
21.0,Bills,2024-08,1788.38
22.0,Bills,2024-08,2296.91
23.0,Bills,2024-08,2515.68
24.0,Bills,2024-08,3262.15
25.0,Bills,2024-08,1538.96
26.0,Bills,2024-08,1116.62
27.0,Bills,2024-08,2499.63
28.0,Bills,2024-08,1175.83
29.0,Bills,2024-08,2780.88
30.0,Bills,2024-08,2034.13
31.0,Bills,2024-08,1929.6
32.0,Bills,2024-08,2066.68
33.0,Bills,2024-08,2059.56
34.0,Bills,2024-08,1635.95
35.0,Bills,2024-08,3301.96
36.0,Bills,2024-08,3241.46
37.0,Bills,2024-08,1668.63
38.0,Bills,2024-08,2710.61
39.0,Bills,2024-08,1308.56
40.0,Bills,2024-08,1978.38
41.0,Bills,2024-08,1130.95
42.0,Bills,2024-08,1635.5
43.0,Bills,2024-08,2583.58
44.0,Bills,2024-08,1659.49
45.0,Bills,2024-08,2620.93
46.0,Bills,2024-08,3042.68
47.0,Bills,2024-08,1736.16
48.0,Bills,2024-08,2497.08
49.0,Bills,2024-08,2049.14
50.0,Bills,2024-08,1891.89
51.0,Bills,2024-08,1310.95
52.0,Bills,2024-08,1497.71
53.0,Bills,2024-08,3035.03
54.0,Bills,2024-08,1487.9
55.0,Bills,2024-08,3117.39
56.0,Bills,2024-08,1378.13
57.0,Bills,2024-08,1294.63
58.0,Bills,2024-08,2413.0
59.0,Bills,2024-08,2210.54
60.0,Bills,2024-08,2631.72
61.0,Bills,2024-08,2218.62
62.0,Bills,2024-08,2805.96
63.0,Bills,2024-08,1399.16
64.0,Bills,2024-08,1262.49
65.0,Bills,2024-08,3145.97
66.0,Bills,2024-08,1252.41
67.0,Bills,2024-08,2937.45
68.0,Bills,2024-08,3035.29
69.0,Bills,2024-08,2274.15
70.0,Bills,2024-08,2634.03
71.0,Bills,2024-08,2730.72
72.0,Bills,2024-08,1084.08
73.0,Bills,2024-08,2573.73
74.0,Bills,2024-08,2008.84
75.0,Bills,2024-08,3245.33
76.0,Bills,2024-08,2268.55
77.0,Bills,2024-08,2036.56
78.0,Bills,2024-08,3519.47
79.0,Bills,2024-08,3424.28
80.0,Bills,2024-08,2083.71
81.0,Bills,2024-08,2244.45
82.0,Bills,2024-08,2682.79
83.0,Bills,2024-08,1032.54
84.0,Bills,2024-08,2596.08
85.0,Bills,2024-08,1957.4
86.0,Bills,2024-08,2627.72
87.0,Bills,2024-08,1688.68
88.0,Bills,2024-08,1658.45
89.0,Bills,2024-08,1369.84
90.0,Bills,2024-08,2275.51
91.0,Bills,2024-08,2822.77
92.0,Bills,2024-08,2585.62
93.0,Bills,2024-08,2140.42
94.0,Bills,2024-08,2409.58
95.0,Bills,2024-08,2974.64
96.0,Bills,2024-08,1030.24
97.0,Bills,2024-08,1262.4
98.0,Bills,2024-08,1597.76
99.0,Bills,2024-08,3342.56
100.0,Bills,2024-08,1756.23
101.0,Bills,2024-08,1257.85
102.0,Bills,2024-08,1310.04
103.0,Bills,2024-08,1092.51
104.0,Bills,2024-08,1623.13
105.0,Bills,2024-08,1265.57
106.0,Bills,2024-08,2159.26
107.0,Bills,2024-08,2534.36
108.0,Bills,2024-08,2599.88
109.0,Bills,2024-08,2244.61
110.0,Bills,2024-08,3192.66
111.0,Bills,2024-08,3037.75
112.0,Bills,2024-08,2007.81
113.0,Bills,2024-08,3535.72
114.0,Bills,2024-08,2041.4
115.0,Bills,2024-08,2650.16
116.0,Bills,2024-08,2112.47
117.0,Bills,2024-08,2172.16
118.0,Bills,2024-08,1428.32
119.0,Bills,2024-08,3405.1
120.0,Bills,2024-08,2520.99
1.0,Bills,2024-09,2805.48
2.0,Bills,2024-09,1557.28
3.0,Bills,2024-09,1046.96
4.0,Bills,2024-09,2780.32
5.0,Bills,2024-09,1134.28
6.0,Bills,2024-09,1348.65
7.0,Bills,2024-09,1446.42
8.0,Bills,2024-09,2845.54
9.0,Bills,2024-09,3378.7
10.0,Bills,2024-09,3313.14
11.0,Bills,2024-09,1188.24
12.0,Bills,2024-09,1725.49
13.0,Bills,2024-09,1134.34
14.0,Bills,2024-09,1196.45
15.0,Bills,2024-09,2211.76
16.0,Bills,2024-09,1729.45
17.0,Bills,2024-09,1500.43
18.0,Bills,2024-09,1188.83
19.0,Bills,2024-09,2668.11
20.0,Bills,2024-09,2122.4
21.0,Bills,2024-09,1709.39
22.0,Bills,2024-09,2294.07
23.0,Bills,2024-09,2293.95
24.0,Bills,2024-09,2784.47
25.0,Bills,2024-09,1376.72
26.0,Bills,2024-09,1027.42
27.0,Bills,2024-09,2733.6
28.0,Bills,2024-09,1300.07
29.0,Bills,2024-09,2791.8
30.0,Bills,2024-09,1835.08
31.0,Bills,2024-09,1889.37
32.0,Bills,2024-09,1855.71
33.0,Bills,2024-09,1931.01
34.0,Bills,2024-09,1595.84
35.0,Bills,2024-09,3068.72
36.0,Bills,2024-09,2884.76
37.0,Bills,2024-09,1528.39
38.0,Bills,2024-09,2520.55
39.0,Bills,2024-09,1223.85
40.0,Bills,2024-09,2043.28
41.0,Bills,2024-09,1120.62
42.0,Bills,2024-09,1514.46
43.0,Bills,2024-09,2389.47
44.0,Bills,2024-09,1601.64
45.0,Bills,2024-09,2486.98
46.0,Bills,2024-09,2697.25
47.0,Bills,2024-09,1621.53
48.0,Bills,2024-09,2498.45
49.0,Bills,2024-09,2063.85
50.0,Bills,2024-09,1860.31
51.0,Bills,2024-09,1243.89
52.0,Bills,2024-09,1378.01
53.0,Bills,2024-09,3012.21
54.0,Bills,2024-09,1303.61
55.0,Bills,2024-09,3529.0
56.0,Bills,2024-09,1362.22
57.0,Bills,2024-09,1286.82
58.0,Bills,2024-09,2233.31
59.0,Bills,2024-09,2178.77
60.0,Bills,2024-09,2503.54
61.0,Bills,2024-09,2120.51
62.0,Bills,2024-09,2615.78
63.0,Bills,2024-09,1301.68
64.0,Bills,2024-09,1217.81
65.0,Bills,2024-09,2972.7
66.0,Bills,2024-09,1099.24
67.0,Bills,2024-09,2704.77
68.0,Bills,2024-09,2858.36
69.0,Bills,2024-09,2052.53
70.0,Bills,2024-09,2661.73
71.0,Bills,2024-09,2710.37
72.0,Bills,2024-09,1029.25
73.0,Bills,2024-09,2494.58
74.0,Bills,2024-09,1801.5
75.0,Bills,2024-09,2773.64
76.0,Bills,2024-09,2063.76
77.0,Bills,2024-09,2155.08
78.0,Bills,2024-09,3301.09
79.0,Bills,2024-09,3064.2
80.0,Bills,2024-09,2004.17
81.0,Bills,2024-09,2450.07
82.0,Bills,2024-09,2686.87
83.0,Bills,2024-09,1063.29
84.0,Bills,2024-09,2294.48
85.0,Bills,2024-09,1842.25
86.0,Bills,2024-09,2556.74
87.0,Bills,2024-09,1512.5
88.0,Bills,2024-09,1604.17
89.0,Bills,2024-09,1275.95
90.0,Bills,2024-09,2094.88
91.0,Bills,2024-09,2626.65
92.0,Bills,2024-09,2461.1
93.0,Bills,2024-09,2041.63
94.0,Bills,2024-09,2221.26
95.0,Bills,2024-09,3140.83
96.0,Bills,2024-09,999.23
97.0,Bills,2024-09,1140.85
98.0,Bills,2024-09,1463.45
99.0,Bills,2024-09,3350.8
100.0,Bills,2024-09,1712.6
101.0,Bills,2024-09,1278.16
102.0,Bills,2024-09,1138.09
103.0,Bills,2024-09,1080.71
104.0,Bills,2024-09,1491.77
105.0,Bills,2024-09,1220.87
106.0,Bills,2024-09,2004.86
107.0,Bills,2024-09,2469.23
108.0,Bills,2024-09,2676.54
109.0,Bills,2024-09,2021.48
110.0,Bills,2024-09,2782.39
111.0,Bills,2024-09,2855.75
112.0,Bills,2024-09,1939.2
113.0,Bills,2024-09,3510.41
114.0,Bills,2024-09,1906.57
115.0,Bills,2024-09,2771.47
116.0,Bills,2024-09,1906.73
117.0,Bills,2024-09,1788.37
118.0,Bills,2024-09,1409.5
119.0,Bills,2024-09,3047.14
120.0,Bills,2024-09,2697.57
1.0,Bills,2024-10,2807.37
2.0,Bills,2024-10,1521.97
3.0,Bills,2024-10,992.75
4.0,Bills,2024-10,2959.92
5.0,Bills,2024-10,1092.61
6.0,Bills,2024-10,1446.31
7.0,Bills,2024-10,1334.72
8.0,Bills,2024-10,2669.0
9.0,Bills,2024-10,3280.38
10.0,Bills,2024-10,3226.85
11.0,Bills,2024-10,1224.13
12.0,Bills,2024-10,1845.03
13.0,Bills,2024-10,1116.07
14.0,Bills,2024-10,1166.01
15.0,Bills,2024-10,2274.57
16.0,Bills,2024-10,1736.84
17.0,Bills,2024-10,1474.15
18.0,Bills,2024-10,1174.65
19.0,Bills,2024-10,2838.98
20.0,Bills,2024-10,2121.28
21.0,Bills,2024-10,1859.76
22.0,Bills,2024-10,2286.04
23.0,Bills,2024-10,2112.73
24.0,Bills,2024-10,2941.1
25.0,Bills,2024-10,1600.98
26.0,Bills,2024-10,1041.21
27.0,Bills,2024-10,2686.49
28.0,Bills,2024-10,1236.17
29.0,Bills,2024-10,2669.42
30.0,Bills,2024-10,1788.55
31.0,Bills,2024-10,1861.93
32.0,Bills,2024-10,1922.41
33.0,Bills,2024-10,1905.13
34.0,Bills,2024-10,1566.35
35.0,Bills,2024-10,2927.16
36.0,Bills,2024-10,3042.21
37.0,Bills,2024-10,1407.03
38.0,Bills,2024-10,2299.52
39.0,Bills,2024-10,1245.21
40.0,Bills,2024-10,1956.19
41.0,Bills,2024-10,1135.59
42.0,Bills,2024-10,1479.22
43.0,Bills,2024-10,2350.72
44.0,Bills,2024-10,1514.93
45.0,Bills,2024-10,2585.43
46.0,Bills,2024-10,3005.37
47.0,Bills,2024-10,1540.97
48.0,Bills,2024-10,2321.92
49.0,Bills,2024-10,1887.62
50.0,Bills,2024-10,1561.19
51.0,Bills,2024-10,1191.06
52.0,Bills,2024-10,1293.15
53.0,Bills,2024-10,2978.62
54.0,Bills,2024-10,1322.57
55.0,Bills,2024-10,3029.4
56.0,Bills,2024-10,1399.01
57.0,Bills,2024-10,1215.57
58.0,Bills,2024-10,2171.32
59.0,Bills,2024-10,2077.11
60.0,Bills,2024-10,2562.53
61.0,Bills,2024-10,2057.26
62.0,Bills,2024-10,2657.4
63.0,Bills,2024-10,1249.46
64.0,Bills,2024-10,1232.28
65.0,Bills,2024-10,3038.82
66.0,Bills,2024-10,1102.66
67.0,Bills,2024-10,2662.65
68.0,Bills,2024-10,3038.39
69.0,Bills,2024-10,2116.35
70.0,Bills,2024-10,2281.04
71.0,Bills,2024-10,2604.8
72.0,Bills,2024-10,1005.0
73.0,Bills,2024-10,2166.9
74.0,Bills,2024-10,1729.3
75.0,Bills,2024-10,3024.49
76.0,Bills,2024-10,2305.53
77.0,Bills,2024-10,2063.26
78.0,Bills,2024-10,3501.44
79.0,Bills,2024-10,3151.06
80.0,Bills,2024-10,1767.99
81.0,Bills,2024-10,2104.07
82.0,Bills,2024-10,2740.79
83.0,Bills,2024-10,995.68
84.0,Bills,2024-10,2195.65
85.0,Bills,2024-10,1789.41
86.0,Bills,2024-10,2610.99
87.0,Bills,2024-10,1534.35
88.0,Bills,2024-10,1684.39
89.0,Bills,2024-10,1184.57
90.0,Bills,2024-10,2110.61
91.0,Bills,2024-10,2663.03
92.0,Bills,2024-10,2343.8
93.0,Bills,2024-10,2094.95
94.0,Bills,2024-10,2366.92
95.0,Bills,2024-10,2995.9
96.0,Bills,2024-10,1040.32
97.0,Bills,2024-10,1081.18
98.0,Bills,2024-10,1392.52
99.0,Bills,2024-10,3161.39
100.0,Bills,2024-10,1701.92
101.0,Bills,2024-10,1238.64
102.0,Bills,2024-10,1321.98
103.0,Bills,2024-10,1088.99
104.0,Bills,2024-10,1394.82
105.0,Bills,2024-10,1103.22
106.0,Bills,2024-10,2014.0
107.0,Bills,2024-10,2501.84
108.0,Bills,2024-10,2519.94
109.0,Bills,2024-10,2185.46
110.0,Bills,2024-10,2899.41
111.0,Bills,2024-10,2844.53
112.0,Bills,2024-10,1957.89
113.0,Bills,2024-10,3378.68
114.0,Bills,2024-10,1727.78
115.0,Bills,2024-10,2828.25
116.0,Bills,2024-10,1877.46
117.0,Bills,2024-10,1782.56
118.0,Bills,2024-10,1242.99
119.0,Bills,2024-10,3310.0
120.0,Bills,2024-10,2711.76
1.0,Bills,2024-11,2867.82
2.0,Bills,2024-11,1496.41
3.0,Bills,2024-11,1107.09
4.0,Bills,2024-11,2878.09
5.0,Bills,2024-11,1179.57
6.0,Bills,2024-11,1486.16
7.0,Bills,2024-11,1427.94
8.0,Bills,2024-11,3177.93
9.0,Bills,2024-11,3221.58
10.0,Bills,2024-11,3189.28
11.0,Bills,2024-11,1216.12
12.0,Bills,2024-11,1666.39
13.0,Bills,2024-11,1138.57
14.0,Bills,2024-11,1236.38
15.0,Bills,2024-11,2230.15
16.0,Bills,2024-11,1786.9
17.0,Bills,2024-11,1645.8
18.0,Bills,2024-11,1157.25
19.0,Bills,2024-11,2716.64
20.0,Bills,2024-11,2243.34
21.0,Bills,2024-11,1649.29
22.0,Bills,2024-11,2417.67
23.0,Bills,2024-11,2483.17
24.0,Bills,2024-11,3173.95
25.0,Bills,2024-11,1563.24
26.0,Bills,2024-11,1005.43
27.0,Bills,2024-11,2659.02
28.0,Bills,2024-11,1316.3
29.0,Bills,2024-11,2372.46
30.0,Bills,2024-11,1689.88
31.0,Bills,2024-11,1898.1
32.0,Bills,2024-11,1845.63
33.0,Bills,2024-11,1898.73
34.0,Bills,2024-11,1526.7
35.0,Bills,2024-11,3139.75
36.0,Bills,2024-11,3359.98
37.0,Bills,2024-11,1653.3
38.0,Bills,2024-11,2571.79
39.0,Bills,2024-11,1284.08
40.0,Bills,2024-11,1779.92
41.0,Bills,2024-11,1120.63
42.0,Bills,2024-11,1543.67
43.0,Bills,2024-11,2145.73
44.0,Bills,2024-11,1611.24
45.0,Bills,2024-11,2721.59
46.0,Bills,2024-11,2838.98
47.0,Bills,2024-11,1541.98
48.0,Bills,2024-11,2339.52
49.0,Bills,2024-11,1903.73
50.0,Bills,2024-11,1852.66
51.0,Bills,2024-11,1281.44
52.0,Bills,2024-11,1359.58
53.0,Bills,2024-11,3083.48
54.0,Bills,2024-11,1306.26
55.0,Bills,2024-11,3214.86
56.0,Bills,2024-11,1444.47
57.0,Bills,2024-11,1293.83
58.0,Bills,2024-11,2328.96
59.0,Bills,2024-11,2113.9
60.0,Bills,2024-11,2729.61
61.0,Bills,2024-11,2233.8
62.0,Bills,2024-11,2989.67
63.0,Bills,2024-11,1278.07
64.0,Bills,2024-11,1301.89
65.0,Bills,2024-11,3174.5
66.0,Bills,2024-11,1091.06
67.0,Bills,2024-11,2682.83
68.0,Bills,2024-11,2643.34
69.0,Bills,2024-11,2311.02
70.0,Bills,2024-11,2643.66
71.0,Bills,2024-11,2614.06
72.0,Bills,2024-11,1041.75
73.0,Bills,2024-11,2269.17
74.0,Bills,2024-11,1975.37
75.0,Bills,2024-11,3021.37
76.0,Bills,2024-11,2354.9
77.0,Bills,2024-11,2004.55
78.0,Bills,2024-11,3527.05
79.0,Bills,2024-11,3323.4
80.0,Bills,2024-11,2128.08
81.0,Bills,2024-11,2159.22
82.0,Bills,2024-11,2623.15
83.0,Bills,2024-11,1061.5
84.0,Bills,2024-11,2253.46
85.0,Bills,2024-11,1742.95
86.0,Bills,2024-11,2718.16
87.0,Bills,2024-11,1619.26
88.0,Bills,2024-11,1555.4
89.0,Bills,2024-11,1270.81
90.0,Bills,2024-11,2229.38
91.0,Bills,2024-11,2618.38
92.0,Bills,2024-11,2625.14
93.0,Bills,2024-11,2050.89
94.0,Bills,2024-11,2320.62
95.0,Bills,2024-11,2925.99
96.0,Bills,2024-11,1068.72
97.0,Bills,2024-11,1140.74
98.0,Bills,2024-11,1401.22
99.0,Bills,2024-11,3072.17
100.0,Bills,2024-11,1763.15
101.0,Bills,2024-11,1335.73
102.0,Bills,2024-11,1357.8
103.0,Bills,2024-11,1000.87
104.0,Bills,2024-11,1441.27
105.0,Bills,2024-11,1270.07
106.0,Bills,2024-11,1992.34
107.0,Bills,2024-11,2543.82
108.0,Bills,2024-11,2733.98
109.0,Bills,2024-11,1940.49
110.0,Bills,2024-11,2994.62
111.0,Bills,2024-11,3017.38
112.0,Bills,2024-11,1909.84
113.0,Bills,2024-11,3335.19
114.0,Bills,2024-11,1838.95
115.0,Bills,2024-11,2794.77
116.0,Bills,2024-11,1980.97
117.0,Bills,2024-11,1900.57
118.0,Bills,2024-11,1354.53
119.0,Bills,2024-11,3561.27
120.0,Bills,2024-11,2625.56
1.0,Bills,2024-12,2878.4
2.0,Bills,2024-12,1661.79
3.0,Bills,2024-12,1112.28
4.0,Bills,2024-12,3019.33
5.0,Bills,2024-12,1084.56
6.0,Bills,2024-12,1514.43
7.0,Bills,2024-12,1332.76
8.0,Bills,2024-12,3215.32
9.0,Bills,2024-12,3404.83
10.0,Bills,2024-12,3476.39
11.0,Bills,2024-12,1278.15
12.0,Bills,2024-12,1895.3
13.0,Bills,2024-12,1156.2
14.0,Bills,2024-12,1275.69
15.0,Bills,2024-12,2304.81
16.0,Bills,2024-12,1870.65
17.0,Bills,2024-12,1666.23
18.0,Bills,2024-12,1215.35
19.0,Bills,2024-12,3149.66
20.0,Bills,2024-12,2412.45
21.0,Bills,2024-12,1953.38
22.0,Bills,2024-12,2567.76
23.0,Bills,2024-12,2347.77
24.0,Bills,2024-12,3081.23
25.0,Bills,2024-12,1595.3
26.0,Bills,2024-12,1175.34
27.0,Bills,2024-12,2941.67
28.0,Bills,2024-12,1240.11
29.0,Bills,2024-12,3316.6
30.0,Bills,2024-12,1954.53
31.0,Bills,2024-12,1909.31
32.0,Bills,2024-12,1913.96
33.0,Bills,2024-12,2038.71
34.0,Bills,2024-12,1706.7
35.0,Bills,2024-12,3449.92
36.0,Bills,2024-12,3090.99
37.0,Bills,2024-12,1781.0
38.0,Bills,2024-12,2545.18
39.0,Bills,2024-12,1441.18
40.0,Bills,2024-12,2205.47
41.0,Bills,2024-12,1244.1
42.0,Bills,2024-12,1593.03
43.0,Bills,2024-12,2501.88
44.0,Bills,2024-12,1686.55
45.0,Bills,2024-12,2926.95
46.0,Bills,2024-12,2764.55
47.0,Bills,2024-12,1490.12
48.0,Bills,2024-12,2520.28
49.0,Bills,2024-12,1985.75
50.0,Bills,2024-12,1861.32
51.0,Bills,2024-12,1396.25
52.0,Bills,2024-12,1391.75
53.0,Bills,2024-12,3309.58
54.0,Bills,2024-12,1420.63
55.0,Bills,2024-12,3580.66
56.0,Bills,2024-12,1435.94
57.0,Bills,2024-12,1459.74
58.0,Bills,2024-12,2420.04
59.0,Bills,2024-12,2048.85
60.0,Bills,2024-12,2749.95
61.0,Bills,2024-12,2309.87
62.0,Bills,2024-12,2584.01
63.0,Bills,2024-12,1322.15
64.0,Bills,2024-12,1286.62
65.0,Bills,2024-12,3327.75
66.0,Bills,2024-12,1229.72
67.0,Bills,2024-12,3105.09
68.0,Bills,2024-12,3013.16
69.0,Bills,2024-12,2610.04
70.0,Bills,2024-12,2801.81
71.0,Bills,2024-12,3026.51
72.0,Bills,2024-12,1059.22
73.0,Bills,2024-12,2543.73
74.0,Bills,2024-12,2044.01
75.0,Bills,2024-12,2939.8
76.0,Bills,2024-12,2370.31
77.0,Bills,2024-12,2309.29
78.0,Bills,2024-12,3615.54
79.0,Bills,2024-12,3261.05
80.0,Bills,2024-12,2132.45
81.0,Bills,2024-12,2229.35
82.0,Bills,2024-12,2836.71
83.0,Bills,2024-12,1126.32
84.0,Bills,2024-12,2599.24
85.0,Bills,2024-12,1895.01
86.0,Bills,2024-12,2831.57
87.0,Bills,2024-12,1701.51
88.0,Bills,2024-12,1683.41
89.0,Bills,2024-12,1491.14
90.0,Bills,2024-12,2166.44
91.0,Bills,2024-12,2860.33
92.0,Bills,2024-12,2668.8
93.0,Bills,2024-12,2022.24
94.0,Bills,2024-12,2565.25
95.0,Bills,2024-12,3022.57
96.0,Bills,2024-12,1072.47
97.0,Bills,2024-12,1223.93
98.0,Bills,2024-12,1523.84
99.0,Bills,2024-12,2972.18
100.0,Bills,2024-12,1809.57
101.0,Bills,2024-12,1386.17
102.0,Bills,2024-12,1339.57
103.0,Bills,2024-12,1105.16
104.0,Bills,2024-12,1524.69
105.0,Bills,2024-12,1240.33
106.0,Bills,2024-12,2305.85
107.0,Bills,2024-12,2548.2
108.0,Bills,2024-12,2576.55
109.0,Bills,2024-12,2148.38
110.0,Bills,2024-12,3243.22
111.0,Bills,2024-12,3137.68
112.0,Bills,2024-12,2123.6
113.0,Bills,2024-12,3611.08
114.0,Bills,2024-12,1875.11
115.0,Bills,2024-12,2899.15
116.0,Bills,2024-12,2109.86
117.0,Bills,2024-12,2042.99
118.0,Bills,2024-12,1460.9
119.0,Bills,2024-12,3400.02
120.0,Bills,2024-12,2782.52
1.0,Entertainment,2023-01,1578.67
2.0,Entertainment,2023-01,1387.57
3.0,Entertainment,2023-01,1954.34
4.0,Entertainment,2023-01,949.18
5.0,Entertainment,2023-01,441.3
6.0,Entertainment,2023-01,1385.48
7.0,Entertainment,2023-01,1678.53
8.0,Entertainment,2023-01,1456.01
9.0,Entertainment,2023-01,1030.36
10.0,Entertainment,2023-01,406.69
11.0,Entertainment,2023-01,762.41
12.0,Entertainment,2023-01,1810.43
13.0,Entertainment,2023-01,278.01
14.0,Entertainment,2023-01,452.81
15.0,Entertainment,2023-01,1038.05
16.0,Entertainment,2023-01,530.22
17.0,Entertainment,2023-01,1744.21
18.0,Entertainment,2023-01,1634.84
19.0,Entertainment,2023-01,969.05
20.0,Entertainment,2023-01,1089.95
21.0,Entertainment,2023-01,1081.48
22.0,Entertainment,2023-01,2010.17
23.0,Entertainment,2023-01,412.21
24.0,Entertainment,2023-01,731.88
25.0,Entertainment,2023-01,698.31
26.0,Entertainment,2023-01,2039.87
27.0,Entertainment,2023-01,1709.07
28.0,Entertainment,2023-01,511.71
29.0,Entertainment,2023-01,1117.93
30.0,Entertainment,2023-01,1417.21
31.0,Entertainment,2023-01,573.36
32.0,Entertainment,2023-01,1680.24
33.0,Entertainment,2023-01,344.58
34.0,Entertainment,2023-01,1739.16
35.0,Entertainment,2023-01,826.5
36.0,Entertainment,2023-01,1997.74
37.0,Entertainment,2023-01,922.73
38.0,Entertainment,2023-01,959.67
39.0,Entertainment,2023-01,1017.85
40.0,Entertainment,2023-01,324.64
41.0,Entertainment,2023-01,1606.8
42.0,Entertainment,2023-01,629.12
43.0,Entertainment,2023-01,1145.26
44.0,Entertainment,2023-01,1119.97
45.0,Entertainment,2023-01,1858.59
46.0,Entertainment,2023-01,731.83
47.0,Entertainment,2023-01,1234.9
48.0,Entertainment,2023-01,949.93
49.0,Entertainment,2023-01,1987.49
50.0,Entertainment,2023-01,922.88
51.0,Entertainment,2023-01,322.8
52.0,Entertainment,2023-01,1565.64
53.0,Entertainment,2023-01,1509.98
54.0,Entertainment,2023-01,1456.5
55.0,Entertainment,2023-01,831.14
56.0,Entertainment,2023-01,1842.04
57.0,Entertainment,2023-01,1888.23
58.0,Entertainment,2023-01,735.1
59.0,Entertainment,2023-01,1919.88
60.0,Entertainment,2023-01,887.07
61.0,Entertainment,2023-01,1332.72
62.0,Entertainment,2023-01,1125.25
63.0,Entertainment,2023-01,1226.14
64.0,Entertainment,2023-01,618.17
65.0,Entertainment,2023-01,1809.48
66.0,Entertainment,2023-01,1642.37
67.0,Entertainment,2023-01,1567.18
68.0,Entertainment,2023-01,1385.6
69.0,Entertainment,2023-01,288.14
70.0,Entertainment,2023-01,1643.94
71.0,Entertainment,2023-01,559.18
72.0,Entertainment,2023-01,1164.85
73.0,Entertainment,2023-01,2111.54
74.0,Entertainment,2023-01,1326.61
75.0,Entertainment,2023-01,750.3
76.0,Entertainment,2023-01,1960.66
77.0,Entertainment,2023-01,1250.49
78.0,Entertainment,2023-01,1240.07
79.0,Entertainment,2023-01,749.93
80.0,Entertainment,2023-01,776.38
81.0,Entertainment,2023-01,1150.22
82.0,Entertainment,2023-01,1316.78
83.0,Entertainment,2023-01,1992.57
84.0,Entertainment,2023-01,1463.39
85.0,Entertainment,2023-01,1763.51
86.0,Entertainment,2023-01,1940.12
87.0,Entertainment,2023-01,352.29
88.0,Entertainment,2023-01,1692.68
89.0,Entertainment,2023-01,1935.99
90.0,Entertainment,2023-01,565.5
91.0,Entertainment,2023-01,755.8
92.0,Entertainment,2023-01,1372.65
93.0,Entertainment,2023-01,1192.68
94.0,Entertainment,2023-01,1246.62
95.0,Entertainment,2023-01,840.92
96.0,Entertainment,2023-01,966.12
97.0,Entertainment,2023-01,497.98
98.0,Entertainment,2023-01,801.34
99.0,Entertainment,2023-01,1517.1
100.0,Entertainment,2023-01,1858.99
101.0,Entertainment,2023-01,956.03
102.0,Entertainment,2023-01,1631.34
103.0,Entertainment,2023-01,541.69
104.0,Entertainment,2023-01,311.66
105.0,Entertainment,2023-01,1683.64
106.0,Entertainment,2023-01,1764.82
107.0,Entertainment,2023-01,406.65
108.0,Entertainment,2023-01,1502.04
109.0,Entertainment,2023-01,1039.89
110.0,Entertainment,2023-01,433.25
111.0,Entertainment,2023-01,1677.4
112.0,Entertainment,2023-01,479.39
113.0,Entertainment,2023-01,1411.13
114.0,Entertainment,2023-01,1738.15
115.0,Entertainment,2023-01,942.19
116.0,Entertainment,2023-01,1435.77
117.0,Entertainment,2023-01,1363.63
118.0,Entertainment,2023-01,302.68
119.0,Entertainment,2023-01,356.44
120.0,Entertainment,2023-01,908.94
1.0,Entertainment,2023-02,1548.51
2.0,Entertainment,2023-02,1470.84
3.0,Entertainment,2023-02,2020.22
4.0,Entertainment,2023-02,1052.34
5.0,Entertainment,2023-02,454.44
6.0,Entertainment,2023-02,1570.81
7.0,Entertainment,2023-02,2039.25
8.0,Entertainment,2023-02,1608.6
9.0,Entertainment,2023-02,1031.69
10.0,Entertainment,2023-02,454.84
11.0,Entertainment,2023-02,767.52
12.0,Entertainment,2023-02,1930.18
13.0,Entertainment,2023-02,350.65
14.0,Entertainment,2023-02,485.56
15.0,Entertainment,2023-02,1194.77
16.0,Entertainment,2023-02,560.05
17.0,Entertainment,2023-02,1995.11
18.0,Entertainment,2023-02,1924.44
19.0,Entertainment,2023-02,1066.74
20.0,Entertainment,2023-02,1198.57
21.0,Entertainment,2023-02,1176.49
22.0,Entertainment,2023-02,2074.27
23.0,Entertainment,2023-02,453.74
24.0,Entertainment,2023-02,736.1
25.0,Entertainment,2023-02,745.58
26.0,Entertainment,2023-02,2291.65
27.0,Entertainment,2023-02,1828.04
28.0,Entertainment,2023-02,563.19
29.0,Entertainment,2023-02,1353.62
30.0,Entertainment,2023-02,1608.88
31.0,Entertainment,2023-02,584.43
32.0,Entertainment,2023-02,1725.31
33.0,Entertainment,2023-02,400.75
34.0,Entertainment,2023-02,1994.3
35.0,Entertainment,2023-02,1015.06
36.0,Entertainment,2023-02,2094.76
37.0,Entertainment,2023-02,1051.52
38.0,Entertainment,2023-02,989.93
39.0,Entertainment,2023-02,1024.0
40.0,Entertainment,2023-02,330.71
41.0,Entertainment,2023-02,1821.1
42.0,Entertainment,2023-02,733.4
43.0,Entertainment,2023-02,1191.38
44.0,Entertainment,2023-02,1274.0
45.0,Entertainment,2023-02,1808.33
46.0,Entertainment,2023-02,739.6
47.0,Entertainment,2023-02,1252.28
48.0,Entertainment,2023-02,1104.4
49.0,Entertainment,2023-02,1885.82
50.0,Entertainment,2023-02,971.33
51.0,Entertainment,2023-02,373.2
52.0,Entertainment,2023-02,1752.2
53.0,Entertainment,2023-02,1510.26
54.0,Entertainment,2023-02,1633.49
55.0,Entertainment,2023-02,876.22
56.0,Entertainment,2023-02,1908.94
57.0,Entertainment,2023-02,1840.78
58.0,Entertainment,2023-02,832.61
59.0,Entertainment,2023-02,2069.62
60.0,Entertainment,2023-02,1024.02
61.0,Entertainment,2023-02,1492.31
62.0,Entertainment,2023-02,1273.0
63.0,Entertainment,2023-02,1369.8
64.0,Entertainment,2023-02,681.4
65.0,Entertainment,2023-02,1936.67
66.0,Entertainment,2023-02,1807.21
67.0,Entertainment,2023-02,1825.28
68.0,Entertainment,2023-02,1437.35
69.0,Entertainment,2023-02,343.88
70.0,Entertainment,2023-02,1767.64
71.0,Entertainment,2023-02,643.09
72.0,Entertainment,2023-02,1128.8
73.0,Entertainment,2023-02,2099.14
74.0,Entertainment,2023-02,1457.74
75.0,Entertainment,2023-02,877.86
76.0,Entertainment,2023-02,2233.5
77.0,Entertainment,2023-02,1370.5
78.0,Entertainment,2023-02,1389.3
79.0,Entertainment,2023-02,894.9
80.0,Entertainment,2023-02,841.25
81.0,Entertainment,2023-02,1233.2
82.0,Entertainment,2023-02,1260.48
83.0,Entertainment,2023-02,2017.23
84.0,Entertainment,2023-02,1715.56
85.0,Entertainment,2023-02,1801.09
86.0,Entertainment,2023-02,2031.01
87.0,Entertainment,2023-02,459.82
88.0,Entertainment,2023-02,1860.57
89.0,Entertainment,2023-02,1924.85
90.0,Entertainment,2023-02,660.79
91.0,Entertainment,2023-02,814.08
92.0,Entertainment,2023-02,1472.34
93.0,Entertainment,2023-02,1623.64
94.0,Entertainment,2023-02,1434.61
95.0,Entertainment,2023-02,924.31
96.0,Entertainment,2023-02,933.61
97.0,Entertainment,2023-02,509.98
98.0,Entertainment,2023-02,938.14
99.0,Entertainment,2023-02,1628.99
100.0,Entertainment,2023-02,1982.41
101.0,Entertainment,2023-02,966.87
102.0,Entertainment,2023-02,1773.03
103.0,Entertainment,2023-02,597.8
104.0,Entertainment,2023-02,339.05
105.0,Entertainment,2023-02,1758.82
106.0,Entertainment,2023-02,2220.1
107.0,Entertainment,2023-02,451.78
108.0,Entertainment,2023-02,1578.61
109.0,Entertainment,2023-02,1067.84
110.0,Entertainment,2023-02,539.28
111.0,Entertainment,2023-02,1591.74
112.0,Entertainment,2023-02,537.62
113.0,Entertainment,2023-02,1456.12
114.0,Entertainment,2023-02,1805.81
115.0,Entertainment,2023-02,1034.3
116.0,Entertainment,2023-02,1625.37
117.0,Entertainment,2023-02,1470.35
118.0,Entertainment,2023-02,346.51
119.0,Entertainment,2023-02,411.33
120.0,Entertainment,2023-02,905.64
1.0,Entertainment,2023-03,1812.6
2.0,Entertainment,2023-03,1552.06
3.0,Entertainment,2023-03,2174.4
4.0,Entertainment,2023-03,1127.25
5.0,Entertainment,2023-03,517.79
6.0,Entertainment,2023-03,1743.78
7.0,Entertainment,2023-03,2058.07
8.0,Entertainment,2023-03,1675.76
9.0,Entertainment,2023-03,1181.61
10.0,Entertainment,2023-03,486.63
11.0,Entertainment,2023-03,896.01
12.0,Entertainment,2023-03,2119.5
13.0,Entertainment,2023-03,347.97
14.0,Entertainment,2023-03,521.3
15.0,Entertainment,2023-03,1150.95
16.0,Entertainment,2023-03,566.3
17.0,Entertainment,2023-03,2046.01
18.0,Entertainment,2023-03,1926.89
19.0,Entertainment,2023-03,1067.76
20.0,Entertainment,2023-03,1217.74
21.0,Entertainment,2023-03,1230.93
22.0,Entertainment,2023-03,2231.28
23.0,Entertainment,2023-03,457.79
24.0,Entertainment,2023-03,792.67
25.0,Entertainment,2023-03,795.26
26.0,Entertainment,2023-03,2169.66
27.0,Entertainment,2023-03,1894.43
28.0,Entertainment,2023-03,640.16
29.0,Entertainment,2023-03,1284.48
30.0,Entertainment,2023-03,1907.15
31.0,Entertainment,2023-03,641.06
32.0,Entertainment,2023-03,1963.11
33.0,Entertainment,2023-03,435.26
34.0,Entertainment,2023-03,2059.21
35.0,Entertainment,2023-03,1002.3
36.0,Entertainment,2023-03,2316.71
37.0,Entertainment,2023-03,1024.52
38.0,Entertainment,2023-03,1060.25
39.0,Entertainment,2023-03,1130.04
40.0,Entertainment,2023-03,336.22
41.0,Entertainment,2023-03,1659.52
42.0,Entertainment,2023-03,771.5
43.0,Entertainment,2023-03,1196.96
44.0,Entertainment,2023-03,1342.72
45.0,Entertainment,2023-03,2032.98
46.0,Entertainment,2023-03,829.85
47.0,Entertainment,2023-03,1383.26
48.0,Entertainment,2023-03,1194.71
49.0,Entertainment,2023-03,2122.56
50.0,Entertainment,2023-03,976.46
51.0,Entertainment,2023-03,447.0
52.0,Entertainment,2023-03,1755.29
53.0,Entertainment,2023-03,1611.6
54.0,Entertainment,2023-03,1753.6
55.0,Entertainment,2023-03,996.09
56.0,Entertainment,2023-03,2024.72
57.0,Entertainment,2023-03,2009.19
58.0,Entertainment,2023-03,936.53
59.0,Entertainment,2023-03,2070.84
60.0,Entertainment,2023-03,1033.46
61.0,Entertainment,2023-03,1722.6
62.0,Entertainment,2023-03,1392.62
63.0,Entertainment,2023-03,1390.38
64.0,Entertainment,2023-03,730.63
65.0,Entertainment,2023-03,2168.71
66.0,Entertainment,2023-03,2108.12
67.0,Entertainment,2023-03,1965.41
68.0,Entertainment,2023-03,1491.14
69.0,Entertainment,2023-03,376.12
70.0,Entertainment,2023-03,1865.87
71.0,Entertainment,2023-03,621.97
72.0,Entertainment,2023-03,1250.45
73.0,Entertainment,2023-03,2264.17
74.0,Entertainment,2023-03,1504.37
75.0,Entertainment,2023-03,925.38
76.0,Entertainment,2023-03,2311.68
77.0,Entertainment,2023-03,1372.55
78.0,Entertainment,2023-03,1362.77
79.0,Entertainment,2023-03,904.58
80.0,Entertainment,2023-03,940.24
81.0,Entertainment,2023-03,1350.53
82.0,Entertainment,2023-03,1199.5
83.0,Entertainment,2023-03,2370.88
84.0,Entertainment,2023-03,1817.61
85.0,Entertainment,2023-03,2047.51
86.0,Entertainment,2023-03,2105.73
87.0,Entertainment,2023-03,452.48
88.0,Entertainment,2023-03,1952.95
89.0,Entertainment,2023-03,2085.3
90.0,Entertainment,2023-03,690.72
91.0,Entertainment,2023-03,861.37
92.0,Entertainment,2023-03,1547.81
93.0,Entertainment,2023-03,1630.27
94.0,Entertainment,2023-03,1484.24
95.0,Entertainment,2023-03,1010.65
96.0,Entertainment,2023-03,1054.29
97.0,Entertainment,2023-03,582.84
98.0,Entertainment,2023-03,916.58
99.0,Entertainment,2023-03,1605.73
100.0,Entertainment,2023-03,2121.17
101.0,Entertainment,2023-03,1096.75
102.0,Entertainment,2023-03,2069.15
103.0,Entertainment,2023-03,654.71
104.0,Entertainment,2023-03,432.87
105.0,Entertainment,2023-03,1859.1
106.0,Entertainment,2023-03,2325.53
107.0,Entertainment,2023-03,505.6
108.0,Entertainment,2023-03,1802.92
109.0,Entertainment,2023-03,1197.08
110.0,Entertainment,2023-03,560.85
111.0,Entertainment,2023-03,1781.79
112.0,Entertainment,2023-03,583.67
113.0,Entertainment,2023-03,1517.3
114.0,Entertainment,2023-03,2044.29
115.0,Entertainment,2023-03,1098.5
116.0,Entertainment,2023-03,1569.79
117.0,Entertainment,2023-03,1604.45
118.0,Entertainment,2023-03,390.92
119.0,Entertainment,2023-03,418.41
120.0,Entertainment,2023-03,1016.86
1.0,Entertainment,2023-04,1805.67
2.0,Entertainment,2023-04,1599.09
3.0,Entertainment,2023-04,2194.09
4.0,Entertainment,2023-04,1073.38
5.0,Entertainment,2023-04,482.26
6.0,Entertainment,2023-04,1736.55
7.0,Entertainment,2023-04,2002.24
8.0,Entertainment,2023-04,1691.93
9.0,Entertainment,2023-04,1151.95
10.0,Entertainment,2023-04,506.43
11.0,Entertainment,2023-04,946.12
12.0,Entertainment,2023-04,2352.93
13.0,Entertainment,2023-04,408.93
14.0,Entertainment,2023-04,514.07
15.0,Entertainment,2023-04,1170.32
16.0,Entertainment,2023-04,643.3
17.0,Entertainment,2023-04,1771.94
18.0,Entertainment,2023-04,1963.07
19.0,Entertainment,2023-04,1187.33
20.0,Entertainment,2023-04,1272.15
21.0,Entertainment,2023-04,1263.64
22.0,Entertainment,2023-04,2151.61
23.0,Entertainment,2023-04,495.72
24.0,Entertainment,2023-04,791.58
25.0,Entertainment,2023-04,783.3
26.0,Entertainment,2023-04,2300.83
27.0,Entertainment,2023-04,2079.97
28.0,Entertainment,2023-04,550.48
29.0,Entertainment,2023-04,1345.2
30.0,Entertainment,2023-04,1980.39
31.0,Entertainment,2023-04,659.28
32.0,Entertainment,2023-04,1895.98
33.0,Entertainment,2023-04,458.67
34.0,Entertainment,2023-04,1989.2
35.0,Entertainment,2023-04,1051.68
36.0,Entertainment,2023-04,2276.06
37.0,Entertainment,2023-04,1115.23
38.0,Entertainment,2023-04,1018.29
39.0,Entertainment,2023-04,1054.48
40.0,Entertainment,2023-04,366.56
41.0,Entertainment,2023-04,2124.66
42.0,Entertainment,2023-04,733.54
43.0,Entertainment,2023-04,1289.56
44.0,Entertainment,2023-04,1297.71
45.0,Entertainment,2023-04,2110.54
46.0,Entertainment,2023-04,880.17
47.0,Entertainment,2023-04,1378.9
48.0,Entertainment,2023-04,1145.68
49.0,Entertainment,2023-04,2211.23
50.0,Entertainment,2023-04,1018.38
51.0,Entertainment,2023-04,463.84
52.0,Entertainment,2023-04,1888.03
53.0,Entertainment,2023-04,1779.01
54.0,Entertainment,2023-04,1762.65
55.0,Entertainment,2023-04,1024.78
56.0,Entertainment,2023-04,2022.29
57.0,Entertainment,2023-04,2070.52
58.0,Entertainment,2023-04,1067.58
59.0,Entertainment,2023-04,2089.77
60.0,Entertainment,2023-04,1068.28
61.0,Entertainment,2023-04,1689.26
62.0,Entertainment,2023-04,1418.37
63.0,Entertainment,2023-04,1402.9
64.0,Entertainment,2023-04,625.38
65.0,Entertainment,2023-04,2101.28
66.0,Entertainment,2023-04,1956.18
67.0,Entertainment,2023-04,1936.52
68.0,Entertainment,2023-04,1662.19
69.0,Entertainment,2023-04,393.79
70.0,Entertainment,2023-04,2025.8
71.0,Entertainment,2023-04,705.66
72.0,Entertainment,2023-04,1339.84
73.0,Entertainment,2023-04,2298.09
74.0,Entertainment,2023-04,1558.35
75.0,Entertainment,2023-04,986.34
76.0,Entertainment,2023-04,2214.37
77.0,Entertainment,2023-04,1491.05
78.0,Entertainment,2023-04,1452.49
79.0,Entertainment,2023-04,907.45
80.0,Entertainment,2023-04,991.74
81.0,Entertainment,2023-04,1351.72
82.0,Entertainment,2023-04,1498.43
83.0,Entertainment,2023-04,2389.74
84.0,Entertainment,2023-04,1853.18
85.0,Entertainment,2023-04,1985.15
86.0,Entertainment,2023-04,2312.98
87.0,Entertainment,2023-04,490.39
88.0,Entertainment,2023-04,2101.53
89.0,Entertainment,2023-04,2260.48
90.0,Entertainment,2023-04,774.07
91.0,Entertainment,2023-04,950.61
92.0,Entertainment,2023-04,1546.11
93.0,Entertainment,2023-04,1654.83
94.0,Entertainment,2023-04,1467.45
95.0,Entertainment,2023-04,1030.81
96.0,Entertainment,2023-04,1079.96
97.0,Entertainment,2023-04,568.23
98.0,Entertainment,2023-04,1038.11
99.0,Entertainment,2023-04,1621.46
100.0,Entertainment,2023-04,2416.44
101.0,Entertainment,2023-04,1126.58
102.0,Entertainment,2023-04,1931.82
103.0,Entertainment,2023-04,665.09
104.0,Entertainment,2023-04,421.59
105.0,Entertainment,2023-04,1859.3
106.0,Entertainment,2023-04,2101.79
107.0,Entertainment,2023-04,507.33
108.0,Entertainment,2023-04,1748.78
109.0,Entertainment,2023-04,1115.15
110.0,Entertainment,2023-04,617.42
111.0,Entertainment,2023-04,1884.55
112.0,Entertainment,2023-04,604.79
113.0,Entertainment,2023-04,1656.33
114.0,Entertainment,2023-04,2015.34
115.0,Entertainment,2023-04,1120.16
116.0,Entertainment,2023-04,1660.88
117.0,Entertainment,2023-04,1705.49
118.0,Entertainment,2023-04,411.89
119.0,Entertainment,2023-04,460.9
120.0,Entertainment,2023-04,1030.39
1.0,Entertainment,2023-05,1768.75
2.0,Entertainment,2023-05,1636.37
3.0,Entertainment,2023-05,2154.49
4.0,Entertainment,2023-05,1048.91
5.0,Entertainment,2023-05,514.08
6.0,Entertainment,2023-05,1625.81
7.0,Entertainment,2023-05,2090.35
8.0,Entertainment,2023-05,1712.95
9.0,Entertainment,2023-05,1229.67
10.0,Entertainment,2023-05,532.08
11.0,Entertainment,2023-05,840.47
12.0,Entertainment,2023-05,2052.03
13.0,Entertainment,2023-05,363.99
14.0,Entertainment,2023-05,571.77
15.0,Entertainment,2023-05,1171.94
16.0,Entertainment,2023-05,563.69
17.0,Entertainment,2023-05,2055.04
18.0,Entertainment,2023-05,1961.12
19.0,Entertainment,2023-05,1189.7
20.0,Entertainment,2023-05,1196.35
21.0,Entertainment,2023-05,1289.4
22.0,Entertainment,2023-05,2248.48
23.0,Entertainment,2023-05,506.41
24.0,Entertainment,2023-05,863.59
25.0,Entertainment,2023-05,774.16
26.0,Entertainment,2023-05,2327.63
27.0,Entertainment,2023-05,1897.71
28.0,Entertainment,2023-05,642.2
29.0,Entertainment,2023-05,1480.47
30.0,Entertainment,2023-05,1809.85
31.0,Entertainment,2023-05,648.45
32.0,Entertainment,2023-05,1862.28
33.0,Entertainment,2023-05,446.55
34.0,Entertainment,2023-05,2012.32
35.0,Entertainment,2023-05,1101.87
36.0,Entertainment,2023-05,2241.24
37.0,Entertainment,2023-05,1084.39
38.0,Entertainment,2023-05,1018.49
39.0,Entertainment,2023-05,1212.43
40.0,Entertainment,2023-05,352.71
41.0,Entertainment,2023-05,1928.87
42.0,Entertainment,2023-05,691.71
43.0,Entertainment,2023-05,1233.61
44.0,Entertainment,2023-05,1328.56
45.0,Entertainment,2023-05,2135.77
46.0,Entertainment,2023-05,939.04
47.0,Entertainment,2023-05,1369.39
48.0,Entertainment,2023-05,1253.3
49.0,Entertainment,2023-05,2092.82
50.0,Entertainment,2023-05,1057.02
51.0,Entertainment,2023-05,449.02
52.0,Entertainment,2023-05,1836.54
53.0,Entertainment,2023-05,1701.9
54.0,Entertainment,2023-05,1624.92
55.0,Entertainment,2023-05,1069.88
56.0,Entertainment,2023-05,1966.88
57.0,Entertainment,2023-05,1859.7
58.0,Entertainment,2023-05,891.34
59.0,Entertainment,2023-05,2135.33
60.0,Entertainment,2023-05,1106.76
61.0,Entertainment,2023-05,1807.99
62.0,Entertainment,2023-05,1377.68
63.0,Entertainment,2023-05,1408.01
64.0,Entertainment,2023-05,709.15
65.0,Entertainment,2023-05,2020.33
66.0,Entertainment,2023-05,1988.77
67.0,Entertainment,2023-05,1815.61
68.0,Entertainment,2023-05,1585.81
69.0,Entertainment,2023-05,377.18
70.0,Entertainment,2023-05,1927.07
71.0,Entertainment,2023-05,662.67
72.0,Entertainment,2023-05,1318.9
73.0,Entertainment,2023-05,2316.05
74.0,Entertainment,2023-05,1532.27
75.0,Entertainment,2023-05,987.99
76.0,Entertainment,2023-05,2295.73
77.0,Entertainment,2023-05,1525.64
78.0,Entertainment,2023-05,1312.02
79.0,Entertainment,2023-05,969.01
80.0,Entertainment,2023-05,889.89
81.0,Entertainment,2023-05,1305.27
82.0,Entertainment,2023-05,1370.04
83.0,Entertainment,2023-05,2236.77
84.0,Entertainment,2023-05,1667.13
85.0,Entertainment,2023-05,1987.3
86.0,Entertainment,2023-05,2256.92
87.0,Entertainment,2023-05,513.18
88.0,Entertainment,2023-05,1976.84
89.0,Entertainment,2023-05,2264.51
90.0,Entertainment,2023-05,743.56
91.0,Entertainment,2023-05,914.95
92.0,Entertainment,2023-05,1662.2
93.0,Entertainment,2023-05,1607.06
94.0,Entertainment,2023-05,1513.34
95.0,Entertainment,2023-05,1023.33
96.0,Entertainment,2023-05,1037.08
97.0,Entertainment,2023-05,560.3
98.0,Entertainment,2023-05,1020.63
99.0,Entertainment,2023-05,1680.72
100.0,Entertainment,2023-05,2131.68
101.0,Entertainment,2023-05,1116.98
102.0,Entertainment,2023-05,1707.94
103.0,Entertainment,2023-05,743.48
104.0,Entertainment,2023-05,450.43
105.0,Entertainment,2023-05,1906.65
106.0,Entertainment,2023-05,2343.1
107.0,Entertainment,2023-05,507.07
108.0,Entertainment,2023-05,1672.92
109.0,Entertainment,2023-05,1084.48
110.0,Entertainment,2023-05,608.5
111.0,Entertainment,2023-05,1795.41
112.0,Entertainment,2023-05,636.64
113.0,Entertainment,2023-05,1560.52
114.0,Entertainment,2023-05,1972.64
115.0,Entertainment,2023-05,1192.15
116.0,Entertainment,2023-05,1764.8
117.0,Entertainment,2023-05,1635.58
118.0,Entertainment,2023-05,405.17
119.0,Entertainment,2023-05,443.73
120.0,Entertainment,2023-05,988.04
1.0,Entertainment,2023-06,1800.45
2.0,Entertainment,2023-06,1602.24
3.0,Entertainment,2023-06,2195.75
4.0,Entertainment,2023-06,1143.55
5.0,Entertainment,2023-06,471.04
6.0,Entertainment,2023-06,1505.38
7.0,Entertainment,2023-06,2044.08
8.0,Entertainment,2023-06,1652.45
9.0,Entertainment,2023-06,1046.08
10.0,Entertainment,2023-06,495.55
11.0,Entertainment,2023-06,904.34
12.0,Entertainment,2023-06,1949.77
13.0,Entertainment,2023-06,366.84
14.0,Entertainment,2023-06,538.05
15.0,Entertainment,2023-06,1106.81
16.0,Entertainment,2023-06,594.96
17.0,Entertainment,2023-06,1919.49
18.0,Entertainment,2023-06,1726.75
19.0,Entertainment,2023-06,1078.45
20.0,Entertainment,2023-06,1221.19
21.0,Entertainment,2023-06,1196.44
22.0,Entertainment,2023-06,2191.59
23.0,Entertainment,2023-06,497.32
24.0,Entertainment,2023-06,756.08
25.0,Entertainment,2023-06,816.22
26.0,Entertainment,2023-06,2193.42
27.0,Entertainment,2023-06,2000.75
28.0,Entertainment,2023-06,591.27
29.0,Entertainment,2023-06,1281.43
30.0,Entertainment,2023-06,1649.41
31.0,Entertainment,2023-06,586.29
32.0,Entertainment,2023-06,1796.91
33.0,Entertainment,2023-06,427.23
34.0,Entertainment,2023-06,2041.42
35.0,Entertainment,2023-06,1085.01
36.0,Entertainment,2023-06,2011.81
37.0,Entertainment,2023-06,1104.98
38.0,Entertainment,2023-06,975.78
39.0,Entertainment,2023-06,1069.63
40.0,Entertainment,2023-06,366.22
41.0,Entertainment,2023-06,1810.75
42.0,Entertainment,2023-06,622.87
43.0,Entertainment,2023-06,1353.64
44.0,Entertainment,2023-06,1298.92
45.0,Entertainment,2023-06,2136.48
46.0,Entertainment,2023-06,814.13
47.0,Entertainment,2023-06,1304.11
48.0,Entertainment,2023-06,1150.31
49.0,Entertainment,2023-06,1927.66
50.0,Entertainment,2023-06,920.84
51.0,Entertainment,2023-06,467.16
52.0,Entertainment,2023-06,1696.57
53.0,Entertainment,2023-06,1638.57
54.0,Entertainment,2023-06,1721.31
55.0,Entertainment,2023-06,1029.39
56.0,Entertainment,2023-06,1980.94
57.0,Entertainment,2023-06,1876.01
58.0,Entertainment,2023-06,934.17
59.0,Entertainment,2023-06,2030.01
60.0,Entertainment,2023-06,1058.87
61.0,Entertainment,2023-06,1736.58
62.0,Entertainment,2023-06,1231.15
63.0,Entertainment,2023-06,1397.17
64.0,Entertainment,2023-06,693.35
65.0,Entertainment,2023-06,1971.13
66.0,Entertainment,2023-06,1920.95
67.0,Entertainment,2023-06,1754.47
68.0,Entertainment,2023-06,1500.44
69.0,Entertainment,2023-06,368.81
70.0,Entertainment,2023-06,1898.79
71.0,Entertainment,2023-06,645.99
72.0,Entertainment,2023-06,1304.17
73.0,Entertainment,2023-06,2173.55
74.0,Entertainment,2023-06,1515.93
75.0,Entertainment,2023-06,928.4
76.0,Entertainment,2023-06,2177.32
77.0,Entertainment,2023-06,1371.15
78.0,Entertainment,2023-06,1368.61
79.0,Entertainment,2023-06,911.05
80.0,Entertainment,2023-06,903.12
81.0,Entertainment,2023-06,1321.86
82.0,Entertainment,2023-06,1383.14
83.0,Entertainment,2023-06,2155.57
84.0,Entertainment,2023-06,1658.41
85.0,Entertainment,2023-06,1963.64
86.0,Entertainment,2023-06,2058.5
87.0,Entertainment,2023-06,495.38
88.0,Entertainment,2023-06,1930.51
89.0,Entertainment,2023-06,1991.86
90.0,Entertainment,2023-06,717.47
91.0,Entertainment,2023-06,880.04
92.0,Entertainment,2023-06,1508.8
93.0,Entertainment,2023-06,1553.73
94.0,Entertainment,2023-06,1464.85
95.0,Entertainment,2023-06,1004.09
96.0,Entertainment,2023-06,1042.2
97.0,Entertainment,2023-06,550.26
98.0,Entertainment,2023-06,906.7
99.0,Entertainment,2023-06,1753.57
100.0,Entertainment,2023-06,2152.45
101.0,Entertainment,2023-06,997.72
102.0,Entertainment,2023-06,1746.37
103.0,Entertainment,2023-06,748.84
104.0,Entertainment,2023-06,458.23
105.0,Entertainment,2023-06,1896.76
106.0,Entertainment,2023-06,2128.9
107.0,Entertainment,2023-06,491.79
108.0,Entertainment,2023-06,1654.04
109.0,Entertainment,2023-06,1191.62
110.0,Entertainment,2023-06,591.29
111.0,Entertainment,2023-06,1768.9
112.0,Entertainment,2023-06,627.54
113.0,Entertainment,2023-06,1494.74
114.0,Entertainment,2023-06,1918.9
115.0,Entertainment,2023-06,1027.99
116.0,Entertainment,2023-06,1544.7
117.0,Entertainment,2023-06,1501.24
118.0,Entertainment,2023-06,423.74
119.0,Entertainment,2023-06,399.3
120.0,Entertainment,2023-06,970.57
1.0,Entertainment,2023-07,1733.51
2.0,Entertainment,2023-07,1505.98
3.0,Entertainment,2023-07,2012.15
4.0,Entertainment,2023-07,1041.99
5.0,Entertainment,2023-07,456.37
6.0,Entertainment,2023-07,1673.38
7.0,Entertainment,2023-07,1903.12
8.0,Entertainment,2023-07,1571.33
9.0,Entertainment,2023-07,1096.85
10.0,Entertainment,2023-07,460.26
11.0,Entertainment,2023-07,896.01
12.0,Entertainment,2023-07,2118.24
13.0,Entertainment,2023-07,372.8
14.0,Entertainment,2023-07,514.49
15.0,Entertainment,2023-07,1091.87
16.0,Entertainment,2023-07,564.71
17.0,Entertainment,2023-07,1770.36
18.0,Entertainment,2023-07,1788.21
19.0,Entertainment,2023-07,1012.21
20.0,Entertainment,2023-07,1229.42
21.0,Entertainment,2023-07,1196.04
22.0,Entertainment,2023-07,2329.32
23.0,Entertainment,2023-07,491.44
24.0,Entertainment,2023-07,781.96
25.0,Entertainment,2023-07,783.02
26.0,Entertainment,2023-07,2320.05
27.0,Entertainment,2023-07,1736.84
28.0,Entertainment,2023-07,513.73
29.0,Entertainment,2023-07,1235.21
30.0,Entertainment,2023-07,1806.33
31.0,Entertainment,2023-07,575.0
32.0,Entertainment,2023-07,1614.81
33.0,Entertainment,2023-07,445.9
34.0,Entertainment,2023-07,1904.42
35.0,Entertainment,2023-07,982.94
36.0,Entertainment,2023-07,1999.26
37.0,Entertainment,2023-07,1088.8
38.0,Entertainment,2023-07,969.05
39.0,Entertainment,2023-07,1031.18
40.0,Entertainment,2023-07,348.1
41.0,Entertainment,2023-07,1776.37
42.0,Entertainment,2023-07,595.19
43.0,Entertainment,2023-07,1170.48
44.0,Entertainment,2023-07,1209.33
45.0,Entertainment,2023-07,1837.27
46.0,Entertainment,2023-07,851.11
47.0,Entertainment,2023-07,1179.32
48.0,Entertainment,2023-07,1236.74
49.0,Entertainment,2023-07,1680.68
50.0,Entertainment,2023-07,1046.21
51.0,Entertainment,2023-07,448.39
52.0,Entertainment,2023-07,1729.84
53.0,Entertainment,2023-07,1437.28
54.0,Entertainment,2023-07,1631.27
55.0,Entertainment,2023-07,903.46
56.0,Entertainment,2023-07,1787.99
57.0,Entertainment,2023-07,1771.97
58.0,Entertainment,2023-07,853.51
59.0,Entertainment,2023-07,1807.56
60.0,Entertainment,2023-07,993.47
61.0,Entertainment,2023-07,1623.93
62.0,Entertainment,2023-07,1294.68
63.0,Entertainment,2023-07,1261.16
64.0,Entertainment,2023-07,711.53
65.0,Entertainment,2023-07,1860.47
66.0,Entertainment,2023-07,1672.77
67.0,Entertainment,2023-07,1696.89
68.0,Entertainment,2023-07,1450.03
69.0,Entertainment,2023-07,364.41
70.0,Entertainment,2023-07,1817.6
71.0,Entertainment,2023-07,596.16
72.0,Entertainment,2023-07,1143.26
73.0,Entertainment,2023-07,2062.96
74.0,Entertainment,2023-07,1410.54
75.0,Entertainment,2023-07,956.51
76.0,Entertainment,2023-07,1905.76
77.0,Entertainment,2023-07,1440.98
78.0,Entertainment,2023-07,1373.78
79.0,Entertainment,2023-07,843.21
80.0,Entertainment,2023-07,919.68
81.0,Entertainment,2023-07,1178.47
82.0,Entertainment,2023-07,1287.88
83.0,Entertainment,2023-07,2028.27
84.0,Entertainment,2023-07,1652.53
85.0,Entertainment,2023-07,1785.86
86.0,Entertainment,2023-07,2019.77
87.0,Entertainment,2023-07,500.32
88.0,Entertainment,2023-07,1810.56
89.0,Entertainment,2023-07,1950.35
90.0,Entertainment,2023-07,664.94
91.0,Entertainment,2023-07,820.32
92.0,Entertainment,2023-07,1320.37
93.0,Entertainment,2023-07,1403.35
94.0,Entertainment,2023-07,1393.54
95.0,Entertainment,2023-07,830.69
96.0,Entertainment,2023-07,1152.94
97.0,Entertainment,2023-07,504.95
98.0,Entertainment,2023-07,854.5
99.0,Entertainment,2023-07,1597.78
100.0,Entertainment,2023-07,1886.45
101.0,Entertainment,2023-07,961.81
102.0,Entertainment,2023-07,1515.87
103.0,Entertainment,2023-07,712.86
104.0,Entertainment,2023-07,468.35
105.0,Entertainment,2023-07,1642.57
106.0,Entertainment,2023-07,1963.55
107.0,Entertainment,2023-07,449.75
108.0,Entertainment,2023-07,1594.93
109.0,Entertainment,2023-07,988.31
110.0,Entertainment,2023-07,571.43
111.0,Entertainment,2023-07,1688.53
112.0,Entertainment,2023-07,610.18
113.0,Entertainment,2023-07,1416.01
114.0,Entertainment,2023-07,2084.75
115.0,Entertainment,2023-07,1084.78
116.0,Entertainment,2023-07,1487.36
117.0,Entertainment,2023-07,1459.69
118.0,Entertainment,2023-07,423.63
119.0,Entertainment,2023-07,388.03
120.0,Entertainment,2023-07,932.46
1.0,Entertainment,2023-08,1626.29
2.0,Entertainment,2023-08,1452.91
3.0,Entertainment,2023-08,1774.85
4.0,Entertainment,2023-08,934.04
5.0,Entertainment,2023-08,444.74
6.0,Entertainment,2023-08,1407.28
7.0,Entertainment,2023-08,1602.64
8.0,Entertainment,2023-08,1423.28
9.0,Entertainment,2023-08,953.63
10.0,Entertainment,2023-08,463.85
11.0,Entertainment,2023-08,763.67
12.0,Entertainment,2023-08,1845.57
13.0,Entertainment,2023-08,365.32
14.0,Entertainment,2023-08,568.38
15.0,Entertainment,2023-08,897.57
16.0,Entertainment,2023-08,490.14
17.0,Entertainment,2023-08,1607.46
18.0,Entertainment,2023-08,1574.27
19.0,Entertainment,2023-08,983.09
20.0,Entertainment,2023-08,1155.35
21.0,Entertainment,2023-08,1162.28
22.0,Entertainment,2023-08,1849.92
23.0,Entertainment,2023-08,498.05
24.0,Entertainment,2023-08,696.83
25.0,Entertainment,2023-08,771.69
26.0,Entertainment,2023-08,1936.32
27.0,Entertainment,2023-08,1647.07
28.0,Entertainment,2023-08,480.47
29.0,Entertainment,2023-08,1195.84
30.0,Entertainment,2023-08,1664.0
31.0,Entertainment,2023-08,542.73
32.0,Entertainment,2023-08,1697.3
33.0,Entertainment,2023-08,462.51
34.0,Entertainment,2023-08,1747.62
35.0,Entertainment,2023-08,928.3
36.0,Entertainment,2023-08,1935.64
37.0,Entertainment,2023-08,1014.96
38.0,Entertainment,2023-08,939.57
39.0,Entertainment,2023-08,946.78
40.0,Entertainment,2023-08,342.75
41.0,Entertainment,2023-08,1752.68
42.0,Entertainment,2023-08,551.05
43.0,Entertainment,2023-08,1077.88
44.0,Entertainment,2023-08,1130.54
45.0,Entertainment,2023-08,1741.28
46.0,Entertainment,2023-08,828.28
47.0,Entertainment,2023-08,1031.88
48.0,Entertainment,2023-08,1123.09
49.0,Entertainment,2023-08,1846.29
50.0,Entertainment,2023-08,944.16
51.0,Entertainment,2023-08,458.56
52.0,Entertainment,2023-08,1584.84
53.0,Entertainment,2023-08,1482.16
54.0,Entertainment,2023-08,1460.97
55.0,Entertainment,2023-08,920.64
56.0,Entertainment,2023-08,1878.22
57.0,Entertainment,2023-08,1829.06
58.0,Entertainment,2023-08,823.19
59.0,Entertainment,2023-08,1742.95
60.0,Entertainment,2023-08,989.41
61.0,Entertainment,2023-08,1610.64
62.0,Entertainment,2023-08,1305.43
63.0,Entertainment,2023-08,1223.24
64.0,Entertainment,2023-08,588.54
65.0,Entertainment,2023-08,1580.57
66.0,Entertainment,2023-08,1567.82
67.0,Entertainment,2023-08,1611.36
68.0,Entertainment,2023-08,1539.48
69.0,Entertainment,2023-08,364.2
70.0,Entertainment,2023-08,1657.56
71.0,Entertainment,2023-08,613.55
72.0,Entertainment,2023-08,1091.19
73.0,Entertainment,2023-08,2034.32
74.0,Entertainment,2023-08,1313.27
75.0,Entertainment,2023-08,894.21
76.0,Entertainment,2023-08,1878.08
77.0,Entertainment,2023-08,1280.2
78.0,Entertainment,2023-08,1100.6
79.0,Entertainment,2023-08,819.4
80.0,Entertainment,2023-08,832.15
81.0,Entertainment,2023-08,1147.35
82.0,Entertainment,2023-08,1318.49
83.0,Entertainment,2023-08,1829.96
84.0,Entertainment,2023-08,1488.46
85.0,Entertainment,2023-08,1726.61
86.0,Entertainment,2023-08,1774.12
87.0,Entertainment,2023-08,500.03
88.0,Entertainment,2023-08,1732.14
89.0,Entertainment,2023-08,1840.2
90.0,Entertainment,2023-08,554.86
91.0,Entertainment,2023-08,778.66
92.0,Entertainment,2023-08,1310.3
93.0,Entertainment,2023-08,1391.06
94.0,Entertainment,2023-08,1363.39
95.0,Entertainment,2023-08,787.61
96.0,Entertainment,2023-08,1019.14
97.0,Entertainment,2023-08,496.75
98.0,Entertainment,2023-08,782.91
99.0,Entertainment,2023-08,1512.57
100.0,Entertainment,2023-08,1804.54
101.0,Entertainment,2023-08,922.08
102.0,Entertainment,2023-08,1530.36
103.0,Entertainment,2023-08,702.11
104.0,Entertainment,2023-08,436.61
105.0,Entertainment,2023-08,1466.34
106.0,Entertainment,2023-08,1960.62
107.0,Entertainment,2023-08,435.48
108.0,Entertainment,2023-08,1604.49
109.0,Entertainment,2023-08,882.27
110.0,Entertainment,2023-08,569.84
111.0,Entertainment,2023-08,1590.81
112.0,Entertainment,2023-08,605.6
113.0,Entertainment,2023-08,1311.21
114.0,Entertainment,2023-08,1756.57
115.0,Entertainment,2023-08,1023.89
116.0,Entertainment,2023-08,1421.68
117.0,Entertainment,2023-08,1310.79
118.0,Entertainment,2023-08,410.55
119.0,Entertainment,2023-08,339.99
120.0,Entertainment,2023-08,974.68
1.0,Entertainment,2023-09,1420.61
2.0,Entertainment,2023-09,1332.22
3.0,Entertainment,2023-09,1830.91
4.0,Entertainment,2023-09,1004.53
5.0,Entertainment,2023-09,406.87
6.0,Entertainment,2023-09,1342.38
7.0,Entertainment,2023-09,1599.94
8.0,Entertainment,2023-09,1297.84
9.0,Entertainment,2023-09,863.79
10.0,Entertainment,2023-09,455.59
11.0,Entertainment,2023-09,846.92
12.0,Entertainment,2023-09,1723.12
13.0,Entertainment,2023-09,357.73
14.0,Entertainment,2023-09,491.58
15.0,Entertainment,2023-09,875.58
16.0,Entertainment,2023-09,520.16
17.0,Entertainment,2023-09,1645.74
18.0,Entertainment,2023-09,1549.61
19.0,Entertainment,2023-09,902.94
20.0,Entertainment,2023-09,1115.13
21.0,Entertainment,2023-09,989.48
22.0,Entertainment,2023-09,2017.25
23.0,Entertainment,2023-09,483.9
24.0,Entertainment,2023-09,649.78
25.0,Entertainment,2023-09,686.85
26.0,Entertainment,2023-09,1881.64
27.0,Entertainment,2023-09,1509.03
28.0,Entertainment,2023-09,527.03
29.0,Entertainment,2023-09,1212.24
30.0,Entertainment,2023-09,1520.73
31.0,Entertainment,2023-09,505.77
32.0,Entertainment,2023-09,1442.89
33.0,Entertainment,2023-09,468.84
34.0,Entertainment,2023-09,1679.97
35.0,Entertainment,2023-09,917.05
36.0,Entertainment,2023-09,1650.62
37.0,Entertainment,2023-09,832.89
38.0,Entertainment,2023-09,776.76
39.0,Entertainment,2023-09,971.77
40.0,Entertainment,2023-09,307.12
41.0,Entertainment,2023-09,1544.4
42.0,Entertainment,2023-09,604.47
43.0,Entertainment,2023-09,1091.79
44.0,Entertainment,2023-09,1054.39
45.0,Entertainment,2023-09,1655.6
46.0,Entertainment,2023-09,731.63
47.0,Entertainment,2023-09,1046.98
48.0,Entertainment,2023-09,1043.18
49.0,Entertainment,2023-09,1642.78
50.0,Entertainment,2023-09,947.51
51.0,Entertainment,2023-09,430.96
52.0,Entertainment,2023-09,1527.37
53.0,Entertainment,2023-09,1310.52
54.0,Entertainment,2023-09,1353.4
55.0,Entertainment,2023-09,818.45
56.0,Entertainment,2023-09,1528.06
57.0,Entertainment,2023-09,1758.22
58.0,Entertainment,2023-09,794.83
59.0,Entertainment,2023-09,1610.72
60.0,Entertainment,2023-09,911.84
61.0,Entertainment,2023-09,1405.61
62.0,Entertainment,2023-09,1159.36
63.0,Entertainment,2023-09,1174.85
64.0,Entertainment,2023-09,598.79
65.0,Entertainment,2023-09,1884.53
66.0,Entertainment,2023-09,1454.85
67.0,Entertainment,2023-09,1434.02
68.0,Entertainment,2023-09,1379.75
69.0,Entertainment,2023-09,377.71
70.0,Entertainment,2023-09,1471.84
71.0,Entertainment,2023-09,597.29
72.0,Entertainment,2023-09,1008.45
73.0,Entertainment,2023-09,2092.06
74.0,Entertainment,2023-09,1236.41
75.0,Entertainment,2023-09,837.34
76.0,Entertainment,2023-09,1835.98
77.0,Entertainment,2023-09,1336.52
78.0,Entertainment,2023-09,1049.48
79.0,Entertainment,2023-09,898.73
80.0,Entertainment,2023-09,796.93
81.0,Entertainment,2023-09,1049.37
82.0,Entertainment,2023-09,1178.96
83.0,Entertainment,2023-09,1767.27
84.0,Entertainment,2023-09,1329.6
85.0,Entertainment,2023-09,1589.29
86.0,Entertainment,2023-09,1886.7
87.0,Entertainment,2023-09,506.45
88.0,Entertainment,2023-09,1540.68
89.0,Entertainment,2023-09,1763.81
90.0,Entertainment,2023-09,680.81
91.0,Entertainment,2023-09,792.48
92.0,Entertainment,2023-09,1279.56
93.0,Entertainment,2023-09,1187.44
94.0,Entertainment,2023-09,1320.41
95.0,Entertainment,2023-09,795.13
96.0,Entertainment,2023-09,1048.58
97.0,Entertainment,2023-09,455.05
98.0,Entertainment,2023-09,764.06
99.0,Entertainment,2023-09,1465.48
100.0,Entertainment,2023-09,1750.94
101.0,Entertainment,2023-09,808.84
102.0,Entertainment,2023-09,1310.82
103.0,Entertainment,2023-09,649.9
104.0,Entertainment,2023-09,432.23
105.0,Entertainment,2023-09,1571.54
106.0,Entertainment,2023-09,1829.5
107.0,Entertainment,2023-09,390.85
108.0,Entertainment,2023-09,1466.48
109.0,Entertainment,2023-09,807.63
110.0,Entertainment,2023-09,542.03
111.0,Entertainment,2023-09,1690.58
112.0,Entertainment,2023-09,579.77
113.0,Entertainment,2023-09,1117.41
114.0,Entertainment,2023-09,1693.15
115.0,Entertainment,2023-09,985.16
116.0,Entertainment,2023-09,1266.78
117.0,Entertainment,2023-09,1320.05
118.0,Entertainment,2023-09,432.62
119.0,Entertainment,2023-09,327.98
120.0,Entertainment,2023-09,895.39
1.0,Entertainment,2023-10,1447.46
2.0,Entertainment,2023-10,1418.79
3.0,Entertainment,2023-10,1743.52
4.0,Entertainment,2023-10,931.65
5.0,Entertainment,2023-10,414.3
6.0,Entertainment,2023-10,1326.77
7.0,Entertainment,2023-10,1626.08
8.0,Entertainment,2023-10,1301.5
9.0,Entertainment,2023-10,857.8
10.0,Entertainment,2023-10,407.62
11.0,Entertainment,2023-10,800.57
12.0,Entertainment,2023-10,1865.88
13.0,Entertainment,2023-10,346.95
14.0,Entertainment,2023-10,471.37
15.0,Entertainment,2023-10,859.67
16.0,Entertainment,2023-10,474.09
17.0,Entertainment,2023-10,1596.56
18.0,Entertainment,2023-10,1375.03
19.0,Entertainment,2023-10,909.88
20.0,Entertainment,2023-10,1091.75
21.0,Entertainment,2023-10,1018.32
22.0,Entertainment,2023-10,1958.36
23.0,Entertainment,2023-10,442.98
24.0,Entertainment,2023-10,634.75
25.0,Entertainment,2023-10,703.87
26.0,Entertainment,2023-10,1942.3
27.0,Entertainment,2023-10,1575.0
28.0,Entertainment,2023-10,450.05
29.0,Entertainment,2023-10,1176.38
30.0,Entertainment,2023-10,1386.84
31.0,Entertainment,2023-10,440.11
32.0,Entertainment,2023-10,1481.31
33.0,Entertainment,2023-10,468.7
34.0,Entertainment,2023-10,1770.52
35.0,Entertainment,2023-10,938.32
36.0,Entertainment,2023-10,1836.27
37.0,Entertainment,2023-10,1038.83
38.0,Entertainment,2023-10,846.53
39.0,Entertainment,2023-10,763.37
40.0,Entertainment,2023-10,320.65
41.0,Entertainment,2023-10,1521.87
42.0,Entertainment,2023-10,551.94
43.0,Entertainment,2023-10,960.31
44.0,Entertainment,2023-10,984.82
45.0,Entertainment,2023-10,1608.2
46.0,Entertainment,2023-10,745.74
47.0,Entertainment,2023-10,1078.43
48.0,Entertainment,2023-10,1027.91
49.0,Entertainment,2023-10,1718.17
50.0,Entertainment,2023-10,824.65
51.0,Entertainment,2023-10,456.53
52.0,Entertainment,2023-10,1433.33
53.0,Entertainment,2023-10,1286.65
54.0,Entertainment,2023-10,1548.16
55.0,Entertainment,2023-10,887.07
56.0,Entertainment,2023-10,1752.83
57.0,Entertainment,2023-10,1695.92
58.0,Entertainment,2023-10,784.39
59.0,Entertainment,2023-10,1507.02
60.0,Entertainment,2023-10,918.01
61.0,Entertainment,2023-10,1446.08
62.0,Entertainment,2023-10,1154.55
63.0,Entertainment,2023-10,1329.45
64.0,Entertainment,2023-10,633.78
65.0,Entertainment,2023-10,1666.55
66.0,Entertainment,2023-10,1457.92
67.0,Entertainment,2023-10,1553.87
68.0,Entertainment,2023-10,1368.36
69.0,Entertainment,2023-10,329.05
70.0,Entertainment,2023-10,1423.16
71.0,Entertainment,2023-10,564.65
72.0,Entertainment,2023-10,930.4
73.0,Entertainment,2023-10,1719.64
74.0,Entertainment,2023-10,1248.89
75.0,Entertainment,2023-10,972.66
76.0,Entertainment,2023-10,1819.43
77.0,Entertainment,2023-10,1224.44
78.0,Entertainment,2023-10,1030.0
79.0,Entertainment,2023-10,852.6
80.0,Entertainment,2023-10,871.12
81.0,Entertainment,2023-10,891.68
82.0,Entertainment,2023-10,1144.35
83.0,Entertainment,2023-10,1757.14
84.0,Entertainment,2023-10,1426.2
85.0,Entertainment,2023-10,1519.68
86.0,Entertainment,2023-10,1785.7
87.0,Entertainment,2023-10,515.56
88.0,Entertainment,2023-10,1660.56
89.0,Entertainment,2023-10,1685.66
90.0,Entertainment,2023-10,597.48
91.0,Entertainment,2023-10,728.54
92.0,Entertainment,2023-10,1172.31
93.0,Entertainment,2023-10,1271.49
94.0,Entertainment,2023-10,1245.29
95.0,Entertainment,2023-10,738.64
96.0,Entertainment,2023-10,999.66
97.0,Entertainment,2023-10,475.51
98.0,Entertainment,2023-10,733.38
99.0,Entertainment,2023-10,1421.35
100.0,Entertainment,2023-10,1582.48
101.0,Entertainment,2023-10,935.41
102.0,Entertainment,2023-10,1375.36
103.0,Entertainment,2023-10,653.31
104.0,Entertainment,2023-10,457.03
105.0,Entertainment,2023-10,1521.03
106.0,Entertainment,2023-10,1724.85
107.0,Entertainment,2023-10,437.91
108.0,Entertainment,2023-10,1447.05
109.0,Entertainment,2023-10,931.64
110.0,Entertainment,2023-10,540.98
111.0,Entertainment,2023-10,1564.28
112.0,Entertainment,2023-10,589.81
113.0,Entertainment,2023-10,1279.17
114.0,Entertainment,2023-10,1530.66
115.0,Entertainment,2023-10,1003.97
116.0,Entertainment,2023-10,1291.29
117.0,Entertainment,2023-10,1253.11
118.0,Entertainment,2023-10,448.64
119.0,Entertainment,2023-10,313.62
120.0,Entertainment,2023-10,882.35
1.0,Entertainment,2023-11,1545.27
2.0,Entertainment,2023-11,1339.96
3.0,Entertainment,2023-11,1839.38
4.0,Entertainment,2023-11,1014.59
5.0,Entertainment,2023-11,459.17
6.0,Entertainment,2023-11,1385.74
7.0,Entertainment,2023-11,1695.3
8.0,Entertainment,2023-11,1414.75
9.0,Entertainment,2023-11,890.96
10.0,Entertainment,2023-11,462.59
11.0,Entertainment,2023-11,789.38
12.0,Entertainment,2023-11,1772.52
13.0,Entertainment,2023-11,358.32
14.0,Entertainment,2023-11,499.72
15.0,Entertainment,2023-11,988.3
16.0,Entertainment,2023-11,503.49
17.0,Entertainment,2023-11,1482.22
18.0,Entertainment,2023-11,1373.1
19.0,Entertainment,2023-11,1044.75
20.0,Entertainment,2023-11,1132.2
21.0,Entertainment,2023-11,1060.93
22.0,Entertainment,2023-11,1952.96
23.0,Entertainment,2023-11,503.98
24.0,Entertainment,2023-11,652.69
25.0,Entertainment,2023-11,689.15
26.0,Entertainment,2023-11,1866.87
27.0,Entertainment,2023-11,1753.91
28.0,Entertainment,2023-11,458.06
29.0,Entertainment,2023-11,1136.92
30.0,Entertainment,2023-11,1491.53
31.0,Entertainment,2023-11,516.37
32.0,Entertainment,2023-11,1467.22
33.0,Entertainment,2023-11,489.18
34.0,Entertainment,2023-11,1719.61
35.0,Entertainment,2023-11,1000.91
36.0,Entertainment,2023-11,1732.11
37.0,Entertainment,2023-11,989.04
38.0,Entertainment,2023-11,717.55
39.0,Entertainment,2023-11,929.34
40.0,Entertainment,2023-11,312.84
41.0,Entertainment,2023-11,1491.71
42.0,Entertainment,2023-11,574.12
43.0,Entertainment,2023-11,1009.56
44.0,Entertainment,2023-11,1009.39
45.0,Entertainment,2023-11,1701.24
46.0,Entertainment,2023-11,748.83
47.0,Entertainment,2023-11,1012.47
48.0,Entertainment,2023-11,1103.38
49.0,Entertainment,2023-11,1652.36
50.0,Entertainment,2023-11,982.23
51.0,Entertainment,2023-11,507.52
52.0,Entertainment,2023-11,1706.95
53.0,Entertainment,2023-11,1389.23
54.0,Entertainment,2023-11,1523.97
55.0,Entertainment,2023-11,870.35
56.0,Entertainment,2023-11,1659.14
57.0,Entertainment,2023-11,1795.15
58.0,Entertainment,2023-11,861.01
59.0,Entertainment,2023-11,1742.13
60.0,Entertainment,2023-11,961.33
61.0,Entertainment,2023-11,1400.96
62.0,Entertainment,2023-11,1187.15
63.0,Entertainment,2023-11,1076.26
64.0,Entertainment,2023-11,563.67
65.0,Entertainment,2023-11,1687.0
66.0,Entertainment,2023-11,1335.34
67.0,Entertainment,2023-11,1550.18
68.0,Entertainment,2023-11,1361.56
69.0,Entertainment,2023-11,374.25
70.0,Entertainment,2023-11,1594.81
71.0,Entertainment,2023-11,558.2
72.0,Entertainment,2023-11,883.02
73.0,Entertainment,2023-11,1907.34
74.0,Entertainment,2023-11,1316.9
75.0,Entertainment,2023-11,942.47
76.0,Entertainment,2023-11,1740.31
77.0,Entertainment,2023-11,1242.01
78.0,Entertainment,2023-11,1109.25
79.0,Entertainment,2023-11,878.27
80.0,Entertainment,2023-11,817.52
81.0,Entertainment,2023-11,1096.31
82.0,Entertainment,2023-11,1218.44
83.0,Entertainment,2023-11,1994.31
84.0,Entertainment,2023-11,1377.52
85.0,Entertainment,2023-11,1825.64
86.0,Entertainment,2023-11,1831.95
87.0,Entertainment,2023-11,524.84
88.0,Entertainment,2023-11,1815.11
89.0,Entertainment,2023-11,1880.85
90.0,Entertainment,2023-11,638.71
91.0,Entertainment,2023-11,846.65
92.0,Entertainment,2023-11,1319.6
93.0,Entertainment,2023-11,1333.58
94.0,Entertainment,2023-11,1340.83
95.0,Entertainment,2023-11,938.75
96.0,Entertainment,2023-11,965.55
97.0,Entertainment,2023-11,509.18
98.0,Entertainment,2023-11,827.54
99.0,Entertainment,2023-11,1447.26
100.0,Entertainment,2023-11,1615.19
101.0,Entertainment,2023-11,890.54
102.0,Entertainment,2023-11,1361.21
103.0,Entertainment,2023-11,682.97
104.0,Entertainment,2023-11,501.39
105.0,Entertainment,2023-11,1449.27
106.0,Entertainment,2023-11,1748.06
107.0,Entertainment,2023-11,369.66
108.0,Entertainment,2023-11,1419.06
109.0,Entertainment,2023-11,882.93
110.0,Entertainment,2023-11,602.72
111.0,Entertainment,2023-11,1625.62
112.0,Entertainment,2023-11,665.84
113.0,Entertainment,2023-11,1226.69
114.0,Entertainment,2023-11,1525.3
115.0,Entertainment,2023-11,984.5
116.0,Entertainment,2023-11,1369.59
117.0,Entertainment,2023-11,1236.57
118.0,Entertainment,2023-11,457.99
119.0,Entertainment,2023-11,342.54
120.0,Entertainment,2023-11,901.93
1.0,Entertainment,2023-12,1697.4
2.0,Entertainment,2023-12,1640.37
3.0,Entertainment,2023-12,1935.95
4.0,Entertainment,2023-12,1027.74
5.0,Entertainment,2023-12,454.42
6.0,Entertainment,2023-12,1453.93
7.0,Entertainment,2023-12,1870.06
8.0,Entertainment,2023-12,1359.21
9.0,Entertainment,2023-12,986.63
10.0,Entertainment,2023-12,496.65
11.0,Entertainment,2023-12,871.25
12.0,Entertainment,2023-12,2121.04
13.0,Entertainment,2023-12,376.46
14.0,Entertainment,2023-12,571.43
15.0,Entertainment,2023-12,1088.31
16.0,Entertainment,2023-12,536.15
17.0,Entertainment,2023-12,1684.61
18.0,Entertainment,2023-12,1668.06
19.0,Entertainment,2023-12,991.77
20.0,Entertainment,2023-12,1176.42
21.0,Entertainment,2023-12,1126.52
22.0,Entertainment,2023-12,2226.11
23.0,Entertainment,2023-12,554.43
24.0,Entertainment,2023-12,612.87
25.0,Entertainment,2023-12,782.95
26.0,Entertainment,2023-12,2081.98
27.0,Entertainment,2023-12,1826.31
28.0,Entertainment,2023-12,550.46
29.0,Entertainment,2023-12,1264.6
30.0,Entertainment,2023-12,1582.29
31.0,Entertainment,2023-12,606.46
32.0,Entertainment,2023-12,1740.37
33.0,Entertainment,2023-12,525.53
34.0,Entertainment,2023-12,1877.24
35.0,Entertainment,2023-12,1031.57
36.0,Entertainment,2023-12,1766.02
37.0,Entertainment,2023-12,1004.71
38.0,Entertainment,2023-12,814.6
39.0,Entertainment,2023-12,986.37
40.0,Entertainment,2023-12,367.59
41.0,Entertainment,2023-12,1564.22
42.0,Entertainment,2023-12,526.46
43.0,Entertainment,2023-12,1125.89
44.0,Entertainment,2023-12,1035.03
45.0,Entertainment,2023-12,1917.71
46.0,Entertainment,2023-12,834.31
47.0,Entertainment,2023-12,1165.9
48.0,Entertainment,2023-12,1218.08
49.0,Entertainment,2023-12,1858.52
50.0,Entertainment,2023-12,1090.06
51.0,Entertainment,2023-12,507.22
52.0,Entertainment,2023-12,1758.01
53.0,Entertainment,2023-12,1468.56
54.0,Entertainment,2023-12,1571.25
55.0,Entertainment,2023-12,911.84
56.0,Entertainment,2023-12,1805.8
57.0,Entertainment,2023-12,1825.28
58.0,Entertainment,2023-12,868.49
59.0,Entertainment,2023-12,1735.89
60.0,Entertainment,2023-12,1114.21
61.0,Entertainment,2023-12,1721.85
62.0,Entertainment,2023-12,1253.26
63.0,Entertainment,2023-12,1318.87
64.0,Entertainment,2023-12,657.72
65.0,Entertainment,2023-12,1832.79
66.0,Entertainment,2023-12,1726.7
67.0,Entertainment,2023-12,1509.11
68.0,Entertainment,2023-12,1433.0
69.0,Entertainment,2023-12,385.3
70.0,Entertainment,2023-12,1674.21
71.0,Entertainment,2023-12,669.27
72.0,Entertainment,2023-12,1100.67
73.0,Entertainment,2023-12,1934.39
74.0,Entertainment,2023-12,1389.82
75.0,Entertainment,2023-12,984.6
76.0,Entertainment,2023-12,2126.18
77.0,Entertainment,2023-12,1368.0
78.0,Entertainment,2023-12,1105.7
79.0,Entertainment,2023-12,927.45
80.0,Entertainment,2023-12,917.55
81.0,Entertainment,2023-12,1095.98
82.0,Entertainment,2023-12,1264.32
83.0,Entertainment,2023-12,2049.17
84.0,Entertainment,2023-12,1663.4
85.0,Entertainment,2023-12,1740.79
86.0,Entertainment,2023-12,1996.89
87.0,Entertainment,2023-12,565.99
88.0,Entertainment,2023-12,1829.38
89.0,Entertainment,2023-12,1707.89
90.0,Entertainment,2023-12,650.1
91.0,Entertainment,2023-12,844.29
92.0,Entertainment,2023-12,1354.44
93.0,Entertainment,2023-12,1364.93
94.0,Entertainment,2023-12,1369.57
95.0,Entertainment,2023-12,864.39
96.0,Entertainment,2023-12,1052.52
97.0,Entertainment,2023-12,494.76
98.0,Entertainment,2023-12,805.73
99.0,Entertainment,2023-12,1583.88
100.0,Entertainment,2023-12,1941.82
101.0,Entertainment,2023-12,963.92
102.0,Entertainment,2023-12,1613.17
103.0,Entertainment,2023-12,774.91
104.0,Entertainment,2023-12,515.35
105.0,Entertainment,2023-12,1582.57
106.0,Entertainment,2023-12,1869.91
107.0,Entertainment,2023-12,454.62
108.0,Entertainment,2023-12,1674.2
109.0,Entertainment,2023-12,945.02
110.0,Entertainment,2023-12,629.16
111.0,Entertainment,2023-12,1738.56
112.0,Entertainment,2023-12,693.69
113.0,Entertainment,2023-12,1281.25
114.0,Entertainment,2023-12,1728.25
115.0,Entertainment,2023-12,971.03
116.0,Entertainment,2023-12,1455.28
117.0,Entertainment,2023-12,1355.66
118.0,Entertainment,2023-12,498.69
119.0,Entertainment,2023-12,375.82
120.0,Entertainment,2023-12,1059.52
1.0,Entertainment,2024-01,1717.83
2.0,Entertainment,2024-01,1612.23
3.0,Entertainment,2024-01,1948.36
4.0,Entertainment,2024-01,1206.34
5.0,Entertainment,2024-01,523.69
6.0,Entertainment,2024-01,1544.2
7.0,Entertainment,2024-01,1981.04
8.0,Entertainment,2024-01,1559.01
9.0,Entertainment,2024-01,1070.37
10.0,Entertainment,2024-01,516.41
11.0,Entertainment,2024-01,966.93
12.0,Entertainment,2024-01,2175.38
13.0,Entertainment,2024-01,409.93
14.0,Entertainment,2024-01,593.93
15.0,Entertainment,2024-01,1077.55
16.0,Entertainment,2024-01,569.72
17.0,Entertainment,2024-01,1697.06
18.0,Entertainment,2024-01,1761.35
19.0,Entertainment,2024-01,1068.61
20.0,Entertainment,2024-01,1348.53
21.0,Entertainment,2024-01,1193.99
22.0,Entertainment,2024-01,2261.93
23.0,Entertainment,2024-01,580.12
24.0,Entertainment,2024-01,726.05
25.0,Entertainment,2024-01,894.35
26.0,Entertainment,2024-01,2327.91
27.0,Entertainment,2024-01,2012.44
28.0,Entertainment,2024-01,571.87
29.0,Entertainment,2024-01,1367.77
30.0,Entertainment,2024-01,1751.4
31.0,Entertainment,2024-01,580.06
32.0,Entertainment,2024-01,1879.22
33.0,Entertainment,2024-01,553.59
34.0,Entertainment,2024-01,2233.68
35.0,Entertainment,2024-01,1143.9
36.0,Entertainment,2024-01,2100.5
37.0,Entertainment,2024-01,1135.31
38.0,Entertainment,2024-01,896.1
39.0,Entertainment,2024-01,1050.46
40.0,Entertainment,2024-01,394.57
41.0,Entertainment,2024-01,1664.82
42.0,Entertainment,2024-01,607.6
43.0,Entertainment,2024-01,1272.3
44.0,Entertainment,2024-01,1300.94
45.0,Entertainment,2024-01,1903.56
46.0,Entertainment,2024-01,910.29
47.0,Entertainment,2024-01,1375.52
48.0,Entertainment,2024-01,1284.4
49.0,Entertainment,2024-01,2039.84
50.0,Entertainment,2024-01,1017.61
51.0,Entertainment,2024-01,539.75
52.0,Entertainment,2024-01,1904.09
53.0,Entertainment,2024-01,1618.65
54.0,Entertainment,2024-01,1634.5
55.0,Entertainment,2024-01,1045.16
56.0,Entertainment,2024-01,1998.34
57.0,Entertainment,2024-01,2095.8
58.0,Entertainment,2024-01,1037.54
59.0,Entertainment,2024-01,2056.19
60.0,Entertainment,2024-01,1001.18
61.0,Entertainment,2024-01,1814.0
62.0,Entertainment,2024-01,1386.24
63.0,Entertainment,2024-01,1544.11
64.0,Entertainment,2024-01,672.97
65.0,Entertainment,2024-01,1986.66
66.0,Entertainment,2024-01,1992.17
67.0,Entertainment,2024-01,1707.16
68.0,Entertainment,2024-01,1376.21
69.0,Entertainment,2024-01,414.54
70.0,Entertainment,2024-01,1833.99
71.0,Entertainment,2024-01,652.51
72.0,Entertainment,2024-01,1173.49
73.0,Entertainment,2024-01,2368.75
74.0,Entertainment,2024-01,1510.16
75.0,Entertainment,2024-01,1129.43
76.0,Entertainment,2024-01,2166.99
77.0,Entertainment,2024-01,1506.11
78.0,Entertainment,2024-01,1292.88
79.0,Entertainment,2024-01,1026.41
80.0,Entertainment,2024-01,1019.27
81.0,Entertainment,2024-01,1174.03
82.0,Entertainment,2024-01,1313.02
83.0,Entertainment,2024-01,2207.93
84.0,Entertainment,2024-01,1769.19
85.0,Entertainment,2024-01,1991.16
86.0,Entertainment,2024-01,2168.57
87.0,Entertainment,2024-01,661.45
88.0,Entertainment,2024-01,2103.55
89.0,Entertainment,2024-01,1996.76
90.0,Entertainment,2024-01,785.11
91.0,Entertainment,2024-01,930.66
92.0,Entertainment,2024-01,1281.7
93.0,Entertainment,2024-01,1517.4
94.0,Entertainment,2024-01,1452.27
95.0,Entertainment,2024-01,906.94
96.0,Entertainment,2024-01,1186.14
97.0,Entertainment,2024-01,551.17
98.0,Entertainment,2024-01,960.78
99.0,Entertainment,2024-01,1623.45
100.0,Entertainment,2024-01,2021.8
101.0,Entertainment,2024-01,1002.94
102.0,Entertainment,2024-01,1710.67
103.0,Entertainment,2024-01,827.26
104.0,Entertainment,2024-01,546.73
105.0,Entertainment,2024-01,1706.9
106.0,Entertainment,2024-01,1918.31
107.0,Entertainment,2024-01,517.65
108.0,Entertainment,2024-01,1700.19
109.0,Entertainment,2024-01,1027.69
110.0,Entertainment,2024-01,686.58
111.0,Entertainment,2024-01,1884.17
112.0,Entertainment,2024-01,757.59
113.0,Entertainment,2024-01,1430.46
114.0,Entertainment,2024-01,2076.57
115.0,Entertainment,2024-01,1142.21
116.0,Entertainment,2024-01,1662.24
117.0,Entertainment,2024-01,1542.05
118.0,Entertainment,2024-01,503.41
119.0,Entertainment,2024-01,392.39
120.0,Entertainment,2024-01,1154.89
1.0,Entertainment,2024-02,1873.92
2.0,Entertainment,2024-02,1627.06
3.0,Entertainment,2024-02,2127.22
4.0,Entertainment,2024-02,1276.49
5.0,Entertainment,2024-02,519.37
6.0,Entertainment,2024-02,1666.43
7.0,Entertainment,2024-02,1999.31
8.0,Entertainment,2024-02,1621.08
9.0,Entertainment,2024-02,1095.6
10.0,Entertainment,2024-02,590.69
11.0,Entertainment,2024-02,1021.3
12.0,Entertainment,2024-02,2228.08
13.0,Entertainment,2024-02,420.6
14.0,Entertainment,2024-02,604.93
15.0,Entertainment,2024-02,1156.01
16.0,Entertainment,2024-02,637.16
17.0,Entertainment,2024-02,1795.01
18.0,Entertainment,2024-02,1784.64
19.0,Entertainment,2024-02,1136.69
20.0,Entertainment,2024-02,1434.43
21.0,Entertainment,2024-02,1321.27
22.0,Entertainment,2024-02,2433.01
23.0,Entertainment,2024-02,638.49
24.0,Entertainment,2024-02,820.87
25.0,Entertainment,2024-02,913.45
26.0,Entertainment,2024-02,2437.66
27.0,Entertainment,2024-02,2119.65
28.0,Entertainment,2024-02,580.66
29.0,Entertainment,2024-02,1505.16
30.0,Entertainment,2024-02,1969.58
31.0,Entertainment,2024-02,614.48
32.0,Entertainment,2024-02,2008.94
33.0,Entertainment,2024-02,604.96
34.0,Entertainment,2024-02,2068.53
35.0,Entertainment,2024-02,1273.6
36.0,Entertainment,2024-02,2125.98
37.0,Entertainment,2024-02,1222.25
38.0,Entertainment,2024-02,948.7
39.0,Entertainment,2024-02,1238.91
40.0,Entertainment,2024-02,423.94
41.0,Entertainment,2024-02,1764.1
42.0,Entertainment,2024-02,722.67
43.0,Entertainment,2024-02,1333.88
44.0,Entertainment,2024-02,1286.18
45.0,Entertainment,2024-02,2189.53
46.0,Entertainment,2024-02,1005.33
47.0,Entertainment,2024-02,1416.92
48.0,Entertainment,2024-02,1373.37
49.0,Entertainment,2024-02,2215.55
50.0,Entertainment,2024-02,1191.11
51.0,Entertainment,2024-02,593.42
52.0,Entertainment,2024-02,1943.07
53.0,Entertainment,2024-02,1657.26
54.0,Entertainment,2024-02,1788.83
55.0,Entertainment,2024-02,1001.7
56.0,Entertainment,2024-02,2016.54
57.0,Entertainment,2024-02,2143.12
58.0,Entertainment,2024-02,1080.83
59.0,Entertainment,2024-02,1866.74
60.0,Entertainment,2024-02,1247.95
61.0,Entertainment,2024-02,1795.38
62.0,Entertainment,2024-02,1454.82
63.0,Entertainment,2024-02,1556.88
64.0,Entertainment,2024-02,735.29
65.0,Entertainment,2024-02,2056.66
66.0,Entertainment,2024-02,1967.69
67.0,Entertainment,2024-02,1876.25
68.0,Entertainment,2024-02,1609.53
69.0,Entertainment,2024-02,488.53
70.0,Entertainment,2024-02,1964.08
71.0,Entertainment,2024-02,662.78
72.0,Entertainment,2024-02,1215.84
73.0,Entertainment,2024-02,2328.61
74.0,Entertainment,2024-02,1685.44
75.0,Entertainment,2024-02,1229.15
76.0,Entertainment,2024-02,2345.74
77.0,Entertainment,2024-02,1603.73
78.0,Entertainment,2024-02,1414.49
79.0,Entertainment,2024-02,1104.19
80.0,Entertainment,2024-02,1062.01
81.0,Entertainment,2024-02,1281.54
82.0,Entertainment,2024-02,1511.52
83.0,Entertainment,2024-02,2312.32
84.0,Entertainment,2024-02,1822.17
85.0,Entertainment,2024-02,2225.28
86.0,Entertainment,2024-02,2413.14
87.0,Entertainment,2024-02,683.26
88.0,Entertainment,2024-02,2234.12
89.0,Entertainment,2024-02,2230.72
90.0,Entertainment,2024-02,816.17
91.0,Entertainment,2024-02,956.79
92.0,Entertainment,2024-02,1566.37
93.0,Entertainment,2024-02,1534.76
94.0,Entertainment,2024-02,1607.6
95.0,Entertainment,2024-02,956.36
96.0,Entertainment,2024-02,1268.09
97.0,Entertainment,2024-02,607.66
98.0,Entertainment,2024-02,1033.0
99.0,Entertainment,2024-02,1687.51
100.0,Entertainment,2024-02,2147.85
101.0,Entertainment,2024-02,1047.02
102.0,Entertainment,2024-02,1864.33
103.0,Entertainment,2024-02,882.7
104.0,Entertainment,2024-02,581.34
105.0,Entertainment,2024-02,1852.35
106.0,Entertainment,2024-02,2098.68
107.0,Entertainment,2024-02,503.84
108.0,Entertainment,2024-02,1874.69
109.0,Entertainment,2024-02,1164.63
110.0,Entertainment,2024-02,764.36
111.0,Entertainment,2024-02,1969.25
112.0,Entertainment,2024-02,824.69
113.0,Entertainment,2024-02,1522.04
114.0,Entertainment,2024-02,2125.96
115.0,Entertainment,2024-02,1187.25
116.0,Entertainment,2024-02,1799.88
117.0,Entertainment,2024-02,1515.6
118.0,Entertainment,2024-02,572.81
119.0,Entertainment,2024-02,423.04
120.0,Entertainment,2024-02,1226.92
1.0,Entertainment,2024-03,1904.61
2.0,Entertainment,2024-03,1702.8
3.0,Entertainment,2024-03,2367.44
4.0,Entertainment,2024-03,1247.54
5.0,Entertainment,2024-03,585.26
6.0,Entertainment,2024-03,1794.64
7.0,Entertainment,2024-03,2262.49
8.0,Entertainment,2024-03,1738.47
9.0,Entertainment,2024-03,1181.72
10.0,Entertainment,2024-03,591.5
11.0,Entertainment,2024-03,1096.14
12.0,Entertainment,2024-03,2596.37
13.0,Entertainment,2024-03,441.21
14.0,Entertainment,2024-03,694.08
15.0,Entertainment,2024-03,1229.45
16.0,Entertainment,2024-03,670.11
17.0,Entertainment,2024-03,1959.8
18.0,Entertainment,2024-03,1883.95
19.0,Entertainment,2024-03,1267.73
20.0,Entertainment,2024-03,1517.54
21.0,Entertainment,2024-03,1373.76
22.0,Entertainment,2024-03,2521.1
23.0,Entertainment,2024-03,693.2
24.0,Entertainment,2024-03,831.01
25.0,Entertainment,2024-03,1002.71
26.0,Entertainment,2024-03,2596.15
27.0,Entertainment,2024-03,2091.93
28.0,Entertainment,2024-03,643.04
29.0,Entertainment,2024-03,1618.3
30.0,Entertainment,2024-03,2024.44
31.0,Entertainment,2024-03,678.34
32.0,Entertainment,2024-03,2062.12
33.0,Entertainment,2024-03,672.93
34.0,Entertainment,2024-03,2149.71
35.0,Entertainment,2024-03,1288.39
36.0,Entertainment,2024-03,2339.49
37.0,Entertainment,2024-03,1248.84
38.0,Entertainment,2024-03,990.29
39.0,Entertainment,2024-03,1171.74
40.0,Entertainment,2024-03,440.2
41.0,Entertainment,2024-03,1870.61
42.0,Entertainment,2024-03,739.17
43.0,Entertainment,2024-03,1388.14
44.0,Entertainment,2024-03,1338.19
45.0,Entertainment,2024-03,2111.2
46.0,Entertainment,2024-03,1076.32
47.0,Entertainment,2024-03,1525.06
48.0,Entertainment,2024-03,1465.65
49.0,Entertainment,2024-03,2214.41
50.0,Entertainment,2024-03,1222.37
51.0,Entertainment,2024-03,609.67
52.0,Entertainment,2024-03,1938.16
53.0,Entertainment,2024-03,1922.37
54.0,Entertainment,2024-03,2047.93
55.0,Entertainment,2024-03,1102.57
56.0,Entertainment,2024-03,2257.82
57.0,Entertainment,2024-03,2263.73
58.0,Entertainment,2024-03,1156.66
59.0,Entertainment,2024-03,2067.72
60.0,Entertainment,2024-03,1302.32
61.0,Entertainment,2024-03,1920.08
62.0,Entertainment,2024-03,1488.91
63.0,Entertainment,2024-03,1680.66
64.0,Entertainment,2024-03,766.16
65.0,Entertainment,2024-03,2122.88
66.0,Entertainment,2024-03,1938.16
67.0,Entertainment,2024-03,2013.73
68.0,Entertainment,2024-03,1712.66
69.0,Entertainment,2024-03,510.08
70.0,Entertainment,2024-03,2282.79
71.0,Entertainment,2024-03,778.69
72.0,Entertainment,2024-03,1223.38
73.0,Entertainment,2024-03,2376.84
74.0,Entertainment,2024-03,1702.64
75.0,Entertainment,2024-03,1217.67
76.0,Entertainment,2024-03,2506.83
77.0,Entertainment,2024-03,1705.29
78.0,Entertainment,2024-03,1465.48
79.0,Entertainment,2024-03,1167.5
80.0,Entertainment,2024-03,1176.24
81.0,Entertainment,2024-03,1311.97
82.0,Entertainment,2024-03,1448.46
83.0,Entertainment,2024-03,2286.42
84.0,Entertainment,2024-03,1974.15
85.0,Entertainment,2024-03,2223.17
86.0,Entertainment,2024-03,2512.16
87.0,Entertainment,2024-03,688.53
88.0,Entertainment,2024-03,2297.85
89.0,Entertainment,2024-03,2349.09
90.0,Entertainment,2024-03,829.89
91.0,Entertainment,2024-03,1063.8
92.0,Entertainment,2024-03,1601.31
93.0,Entertainment,2024-03,1621.06
94.0,Entertainment,2024-03,1710.47
95.0,Entertainment,2024-03,1008.87
96.0,Entertainment,2024-03,1291.69
97.0,Entertainment,2024-03,618.37
98.0,Entertainment,2024-03,994.74
99.0,Entertainment,2024-03,1939.01
100.0,Entertainment,2024-03,2253.62
101.0,Entertainment,2024-03,1139.8
102.0,Entertainment,2024-03,1926.96
103.0,Entertainment,2024-03,973.26
104.0,Entertainment,2024-03,624.15
105.0,Entertainment,2024-03,1986.79
106.0,Entertainment,2024-03,2124.52
107.0,Entertainment,2024-03,569.62
108.0,Entertainment,2024-03,2095.95
109.0,Entertainment,2024-03,1162.26
110.0,Entertainment,2024-03,780.39
111.0,Entertainment,2024-03,2058.71
112.0,Entertainment,2024-03,855.45
113.0,Entertainment,2024-03,1636.09
114.0,Entertainment,2024-03,2261.29
115.0,Entertainment,2024-03,1268.34
116.0,Entertainment,2024-03,1719.42
117.0,Entertainment,2024-03,1665.19
118.0,Entertainment,2024-03,631.01
119.0,Entertainment,2024-03,443.95
120.0,Entertainment,2024-03,1264.24
1.0,Entertainment,2024-04,1945.74
2.0,Entertainment,2024-04,1853.77
3.0,Entertainment,2024-04,2401.39
4.0,Entertainment,2024-04,1337.88
5.0,Entertainment,2024-04,619.69
6.0,Entertainment,2024-04,1802.25
7.0,Entertainment,2024-04,2336.68
8.0,Entertainment,2024-04,1865.15
9.0,Entertainment,2024-04,1312.94
10.0,Entertainment,2024-04,614.87
11.0,Entertainment,2024-04,1072.31
12.0,Entertainment,2024-04,2399.56
13.0,Entertainment,2024-04,467.63
14.0,Entertainment,2024-04,679.81
15.0,Entertainment,2024-04,1310.88
16.0,Entertainment,2024-04,621.61
17.0,Entertainment,2024-04,2128.11
18.0,Entertainment,2024-04,2089.19
19.0,Entertainment,2024-04,1250.44
20.0,Entertainment,2024-04,1506.62
21.0,Entertainment,2024-04,1304.93
22.0,Entertainment,2024-04,2707.76
23.0,Entertainment,2024-04,696.15
24.0,Entertainment,2024-04,800.61
25.0,Entertainment,2024-04,1006.73
26.0,Entertainment,2024-04,2617.65
27.0,Entertainment,2024-04,2210.39
28.0,Entertainment,2024-04,623.73
29.0,Entertainment,2024-04,1663.22
30.0,Entertainment,2024-04,1916.95
31.0,Entertainment,2024-04,690.93
32.0,Entertainment,2024-04,2106.36
33.0,Entertainment,2024-04,653.54
34.0,Entertainment,2024-04,2441.9
35.0,Entertainment,2024-04,1324.26
36.0,Entertainment,2024-04,2280.65
37.0,Entertainment,2024-04,1323.73
38.0,Entertainment,2024-04,1102.27
39.0,Entertainment,2024-04,1280.54
40.0,Entertainment,2024-04,459.62
41.0,Entertainment,2024-04,1853.22
42.0,Entertainment,2024-04,738.76
43.0,Entertainment,2024-04,1407.46
44.0,Entertainment,2024-04,1321.62
45.0,Entertainment,2024-04,2266.53
46.0,Entertainment,2024-04,1040.53
47.0,Entertainment,2024-04,1476.71
48.0,Entertainment,2024-04,1475.07
49.0,Entertainment,2024-04,2475.81
50.0,Entertainment,2024-04,1189.52
51.0,Entertainment,2024-04,680.34
52.0,Entertainment,2024-04,2281.28
53.0,Entertainment,2024-04,1981.41
54.0,Entertainment,2024-04,2010.29
55.0,Entertainment,2024-04,1201.51
56.0,Entertainment,2024-04,1996.18
57.0,Entertainment,2024-04,2291.13
58.0,Entertainment,2024-04,1158.39
59.0,Entertainment,2024-04,2162.97
60.0,Entertainment,2024-04,1266.64
61.0,Entertainment,2024-04,2037.54
62.0,Entertainment,2024-04,1494.65
63.0,Entertainment,2024-04,1684.48
64.0,Entertainment,2024-04,786.75
65.0,Entertainment,2024-04,2280.16
66.0,Entertainment,2024-04,2047.94
67.0,Entertainment,2024-04,2217.96
68.0,Entertainment,2024-04,1660.63
69.0,Entertainment,2024-04,526.01
70.0,Entertainment,2024-04,2010.57
71.0,Entertainment,2024-04,752.58
72.0,Entertainment,2024-04,1376.41
73.0,Entertainment,2024-04,2639.78
74.0,Entertainment,2024-04,1685.34
75.0,Entertainment,2024-04,1276.64
76.0,Entertainment,2024-04,2445.38
77.0,Entertainment,2024-04,1787.2
78.0,Entertainment,2024-04,1350.07
79.0,Entertainment,2024-04,1196.96
80.0,Entertainment,2024-04,1159.43
81.0,Entertainment,2024-04,1370.82
82.0,Entertainment,2024-04,1571.01
83.0,Entertainment,2024-04,2444.17
84.0,Entertainment,2024-04,1916.07
85.0,Entertainment,2024-04,2261.42
86.0,Entertainment,2024-04,2504.86
87.0,Entertainment,2024-04,735.36
88.0,Entertainment,2024-04,2286.53
89.0,Entertainment,2024-04,2484.89
90.0,Entertainment,2024-04,866.2
91.0,Entertainment,2024-04,1081.25
92.0,Entertainment,2024-04,1699.71
93.0,Entertainment,2024-04,1741.0
94.0,Entertainment,2024-04,1662.74
95.0,Entertainment,2024-04,1051.7
96.0,Entertainment,2024-04,1287.0
97.0,Entertainment,2024-04,655.74
98.0,Entertainment,2024-04,1151.95
99.0,Entertainment,2024-04,2023.58
100.0,Entertainment,2024-04,2261.56
101.0,Entertainment,2024-04,1205.48
102.0,Entertainment,2024-04,1860.36
103.0,Entertainment,2024-04,982.32
104.0,Entertainment,2024-04,684.35
105.0,Entertainment,2024-04,2036.86
106.0,Entertainment,2024-04,2220.2
107.0,Entertainment,2024-04,562.53
108.0,Entertainment,2024-04,2074.76
109.0,Entertainment,2024-04,1311.96
110.0,Entertainment,2024-04,811.18
111.0,Entertainment,2024-04,2150.48
112.0,Entertainment,2024-04,896.05
113.0,Entertainment,2024-04,1648.78
114.0,Entertainment,2024-04,2323.64
115.0,Entertainment,2024-04,1281.34
116.0,Entertainment,2024-04,1829.14
117.0,Entertainment,2024-04,1661.22
118.0,Entertainment,2024-04,633.61
119.0,Entertainment,2024-04,444.98
120.0,Entertainment,2024-04,1292.77
1.0,Entertainment,2024-05,2087.34
2.0,Entertainment,2024-05,1789.57
3.0,Entertainment,2024-05,2310.24
4.0,Entertainment,2024-05,1317.34
5.0,Entertainment,2024-05,531.52
6.0,Entertainment,2024-05,1777.44
7.0,Entertainment,2024-05,2316.85
8.0,Entertainment,2024-05,1769.73
9.0,Entertainment,2024-05,1278.44
10.0,Entertainment,2024-05,610.11
11.0,Entertainment,2024-05,1114.26
12.0,Entertainment,2024-05,2508.89
13.0,Entertainment,2024-05,467.17
14.0,Entertainment,2024-05,739.63
15.0,Entertainment,2024-05,1189.21
16.0,Entertainment,2024-05,694.26
17.0,Entertainment,2024-05,2102.47
18.0,Entertainment,2024-05,1866.73
19.0,Entertainment,2024-05,1216.1
20.0,Entertainment,2024-05,1421.28
21.0,Entertainment,2024-05,1406.22
22.0,Entertainment,2024-05,2681.66
23.0,Entertainment,2024-05,687.4
24.0,Entertainment,2024-05,836.88
25.0,Entertainment,2024-05,1028.28
26.0,Entertainment,2024-05,2504.03
27.0,Entertainment,2024-05,2154.88
28.0,Entertainment,2024-05,672.17
29.0,Entertainment,2024-05,1539.11
30.0,Entertainment,2024-05,2090.8
31.0,Entertainment,2024-05,707.32
32.0,Entertainment,2024-05,2228.86
33.0,Entertainment,2024-05,708.83
34.0,Entertainment,2024-05,2297.21
35.0,Entertainment,2024-05,1250.09
36.0,Entertainment,2024-05,2268.55
37.0,Entertainment,2024-05,1280.5
38.0,Entertainment,2024-05,1056.73
39.0,Entertainment,2024-05,1247.71
40.0,Entertainment,2024-05,478.64
41.0,Entertainment,2024-05,1929.61
42.0,Entertainment,2024-05,749.27
43.0,Entertainment,2024-05,1409.0
44.0,Entertainment,2024-05,1527.25
45.0,Entertainment,2024-05,2266.41
46.0,Entertainment,2024-05,998.09
47.0,Entertainment,2024-05,1502.98
48.0,Entertainment,2024-05,1490.53
49.0,Entertainment,2024-05,2307.42
50.0,Entertainment,2024-05,1277.75
51.0,Entertainment,2024-05,651.25
52.0,Entertainment,2024-05,2111.41
53.0,Entertainment,2024-05,1755.49
54.0,Entertainment,2024-05,1948.29
55.0,Entertainment,2024-05,1212.55
56.0,Entertainment,2024-05,2149.57
57.0,Entertainment,2024-05,2359.49
58.0,Entertainment,2024-05,1167.1
59.0,Entertainment,2024-05,2232.28
60.0,Entertainment,2024-05,1358.44
61.0,Entertainment,2024-05,1913.04
62.0,Entertainment,2024-05,1514.02
63.0,Entertainment,2024-05,1632.75
64.0,Entertainment,2024-05,888.57
65.0,Entertainment,2024-05,2237.75
66.0,Entertainment,2024-05,2039.45
67.0,Entertainment,2024-05,2068.92
68.0,Entertainment,2024-05,1697.26
69.0,Entertainment,2024-05,538.34
70.0,Entertainment,2024-05,1939.18
71.0,Entertainment,2024-05,809.5
72.0,Entertainment,2024-05,1304.5
73.0,Entertainment,2024-05,2732.24
74.0,Entertainment,2024-05,1774.42
75.0,Entertainment,2024-05,1231.64
76.0,Entertainment,2024-05,2545.23
77.0,Entertainment,2024-05,1754.44
78.0,Entertainment,2024-05,1498.68
79.0,Entertainment,2024-05,1231.29
80.0,Entertainment,2024-05,1239.8
81.0,Entertainment,2024-05,1305.42
82.0,Entertainment,2024-05,1432.3
83.0,Entertainment,2024-05,2516.56
84.0,Entertainment,2024-05,1949.14
85.0,Entertainment,2024-05,2339.7
86.0,Entertainment,2024-05,2578.13
87.0,Entertainment,2024-05,739.43
88.0,Entertainment,2024-05,2261.6
89.0,Entertainment,2024-05,2450.85
90.0,Entertainment,2024-05,929.1
91.0,Entertainment,2024-05,1090.66
92.0,Entertainment,2024-05,1708.86
93.0,Entertainment,2024-05,1751.52
94.0,Entertainment,2024-05,1816.03
95.0,Entertainment,2024-05,1040.56
96.0,Entertainment,2024-05,1509.37
97.0,Entertainment,2024-05,654.06
98.0,Entertainment,2024-05,1103.64
99.0,Entertainment,2024-05,1843.62
100.0,Entertainment,2024-05,2373.24
101.0,Entertainment,2024-05,1217.81
102.0,Entertainment,2024-05,1989.75
103.0,Entertainment,2024-05,959.51
104.0,Entertainment,2024-05,678.29
105.0,Entertainment,2024-05,1985.91
106.0,Entertainment,2024-05,2179.5
107.0,Entertainment,2024-05,567.55
108.0,Entertainment,2024-05,1906.54
109.0,Entertainment,2024-05,1182.79
110.0,Entertainment,2024-05,806.06
111.0,Entertainment,2024-05,2218.51
112.0,Entertainment,2024-05,846.77
113.0,Entertainment,2024-05,1633.98
114.0,Entertainment,2024-05,2183.77
115.0,Entertainment,2024-05,1316.25
116.0,Entertainment,2024-05,1852.76
117.0,Entertainment,2024-05,1669.21
118.0,Entertainment,2024-05,641.08
119.0,Entertainment,2024-05,406.54
120.0,Entertainment,2024-05,1231.52
1.0,Entertainment,2024-06,2061.24
2.0,Entertainment,2024-06,1791.92
3.0,Entertainment,2024-06,2226.17
4.0,Entertainment,2024-06,1313.45
5.0,Entertainment,2024-06,549.9
6.0,Entertainment,2024-06,1773.12
7.0,Entertainment,2024-06,2286.25
8.0,Entertainment,2024-06,1691.74
9.0,Entertainment,2024-06,1166.97
10.0,Entertainment,2024-06,601.1
11.0,Entertainment,2024-06,1029.26
12.0,Entertainment,2024-06,2388.0
13.0,Entertainment,2024-06,454.49
14.0,Entertainment,2024-06,709.64
15.0,Entertainment,2024-06,1197.95
16.0,Entertainment,2024-06,597.09
17.0,Entertainment,2024-06,1968.78
18.0,Entertainment,2024-06,2016.51
19.0,Entertainment,2024-06,1267.53
20.0,Entertainment,2024-06,1556.18
21.0,Entertainment,2024-06,1350.79
22.0,Entertainment,2024-06,2434.75
23.0,Entertainment,2024-06,696.0
24.0,Entertainment,2024-06,862.92
25.0,Entertainment,2024-06,963.02
26.0,Entertainment,2024-06,2602.63
27.0,Entertainment,2024-06,2259.43
28.0,Entertainment,2024-06,645.01
29.0,Entertainment,2024-06,1660.2
30.0,Entertainment,2024-06,1935.99
31.0,Entertainment,2024-06,612.6
32.0,Entertainment,2024-06,2079.15
33.0,Entertainment,2024-06,675.33
34.0,Entertainment,2024-06,2252.92
35.0,Entertainment,2024-06,1176.88
36.0,Entertainment,2024-06,2219.91
37.0,Entertainment,2024-06,1252.19
38.0,Entertainment,2024-06,1035.29
39.0,Entertainment,2024-06,1245.61
40.0,Entertainment,2024-06,440.89
41.0,Entertainment,2024-06,1710.1
42.0,Entertainment,2024-06,749.02
43.0,Entertainment,2024-06,1341.17
44.0,Entertainment,2024-06,1227.06
45.0,Entertainment,2024-06,2363.99
46.0,Entertainment,2024-06,1044.57
47.0,Entertainment,2024-06,1324.34
48.0,Entertainment,2024-06,1369.09
49.0,Entertainment,2024-06,2140.8
50.0,Entertainment,2024-06,1261.73
51.0,Entertainment,2024-06,640.47
52.0,Entertainment,2024-06,1991.27
53.0,Entertainment,2024-06,1903.01
54.0,Entertainment,2024-06,1964.65
55.0,Entertainment,2024-06,1165.14
56.0,Entertainment,2024-06,2050.94
57.0,Entertainment,2024-06,2187.86
58.0,Entertainment,2024-06,1170.48
59.0,Entertainment,2024-06,2073.25
60.0,Entertainment,2024-06,1339.5
61.0,Entertainment,2024-06,1810.7
62.0,Entertainment,2024-06,1492.49
63.0,Entertainment,2024-06,1489.98
64.0,Entertainment,2024-06,800.53
65.0,Entertainment,2024-06,2046.3
66.0,Entertainment,2024-06,1908.84
67.0,Entertainment,2024-06,1909.96
68.0,Entertainment,2024-06,1582.24
69.0,Entertainment,2024-06,511.55
70.0,Entertainment,2024-06,2055.15
71.0,Entertainment,2024-06,745.37
72.0,Entertainment,2024-06,1290.83
73.0,Entertainment,2024-06,2548.46
74.0,Entertainment,2024-06,1573.51
75.0,Entertainment,2024-06,1245.11
76.0,Entertainment,2024-06,2371.46
77.0,Entertainment,2024-06,1716.38
78.0,Entertainment,2024-06,1429.42
79.0,Entertainment,2024-06,1177.83
80.0,Entertainment,2024-06,1158.26
81.0,Entertainment,2024-06,1352.62
82.0,Entertainment,2024-06,1479.7
83.0,Entertainment,2024-06,2201.68
84.0,Entertainment,2024-06,1929.92
85.0,Entertainment,2024-06,2343.14
86.0,Entertainment,2024-06,2466.78
87.0,Entertainment,2024-06,742.35
88.0,Entertainment,2024-06,2245.33
89.0,Entertainment,2024-06,2231.29
90.0,Entertainment,2024-06,847.73
91.0,Entertainment,2024-06,1121.04
92.0,Entertainment,2024-06,1594.65
93.0,Entertainment,2024-06,1503.86
94.0,Entertainment,2024-06,1552.76
95.0,Entertainment,2024-06,970.45
96.0,Entertainment,2024-06,1320.49
97.0,Entertainment,2024-06,646.1
98.0,Entertainment,2024-06,1078.78
99.0,Entertainment,2024-06,1922.82
100.0,Entertainment,2024-06,2079.52
101.0,Entertainment,2024-06,1154.55
102.0,Entertainment,2024-06,2021.27
103.0,Entertainment,2024-06,956.13
104.0,Entertainment,2024-06,675.52
105.0,Entertainment,2024-06,1900.94
106.0,Entertainment,2024-06,2048.52
107.0,Entertainment,2024-06,578.89
108.0,Entertainment,2024-06,1835.34
109.0,Entertainment,2024-06,1176.6
110.0,Entertainment,2024-06,822.96
111.0,Entertainment,2024-06,2151.3
112.0,Entertainment,2024-06,884.49
113.0,Entertainment,2024-06,1602.26
114.0,Entertainment,2024-06,2276.3
115.0,Entertainment,2024-06,1277.73
116.0,Entertainment,2024-06,1846.66
117.0,Entertainment,2024-06,1514.05
118.0,Entertainment,2024-06,689.77
119.0,Entertainment,2024-06,439.4
120.0,Entertainment,2024-06,1246.1
1.0,Entertainment,2024-07,1850.93
2.0,Entertainment,2024-07,1683.27
3.0,Entertainment,2024-07,2201.85
4.0,Entertainment,2024-07,1146.41
5.0,Entertainment,2024-07,552.97
6.0,Entertainment,2024-07,1657.9
7.0,Entertainment,2024-07,2154.3
8.0,Entertainment,2024-07,1496.12
9.0,Entertainment,2024-07,1079.54
10.0,Entertainment,2024-07,557.36
11.0,Entertainment,2024-07,1037.84
12.0,Entertainment,2024-07,2363.71
13.0,Entertainment,2024-07,457.32
14.0,Entertainment,2024-07,654.34
15.0,Entertainment,2024-07,1164.35
16.0,Entertainment,2024-07,632.93
17.0,Entertainment,2024-07,1857.12
18.0,Entertainment,2024-07,1683.1
19.0,Entertainment,2024-07,1207.02
20.0,Entertainment,2024-07,1415.71
21.0,Entertainment,2024-07,1178.82
22.0,Entertainment,2024-07,2248.24
23.0,Entertainment,2024-07,662.94
24.0,Entertainment,2024-07,797.43
25.0,Entertainment,2024-07,972.28
26.0,Entertainment,2024-07,2620.88
27.0,Entertainment,2024-07,1931.19
28.0,Entertainment,2024-07,594.29
29.0,Entertainment,2024-07,1552.18
30.0,Entertainment,2024-07,1861.94
31.0,Entertainment,2024-07,629.29
32.0,Entertainment,2024-07,2049.78
33.0,Entertainment,2024-07,696.26
34.0,Entertainment,2024-07,2099.42
35.0,Entertainment,2024-07,1263.67
36.0,Entertainment,2024-07,2058.39
37.0,Entertainment,2024-07,1181.53
38.0,Entertainment,2024-07,982.4
39.0,Entertainment,2024-07,1084.3
40.0,Entertainment,2024-07,431.89
41.0,Entertainment,2024-07,1745.38
42.0,Entertainment,2024-07,642.46
43.0,Entertainment,2024-07,1191.5
44.0,Entertainment,2024-07,1177.81
45.0,Entertainment,2024-07,2066.17
46.0,Entertainment,2024-07,1017.83
47.0,Entertainment,2024-07,1241.28
48.0,Entertainment,2024-07,1470.8
49.0,Entertainment,2024-07,2170.36
50.0,Entertainment,2024-07,1150.84
51.0,Entertainment,2024-07,620.85
52.0,Entertainment,2024-07,1985.68
53.0,Entertainment,2024-07,1690.33
54.0,Entertainment,2024-07,1773.56
55.0,Entertainment,2024-07,1069.56
56.0,Entertainment,2024-07,1906.28
57.0,Entertainment,2024-07,2199.49
58.0,Entertainment,2024-07,1078.65
59.0,Entertainment,2024-07,1936.44
60.0,Entertainment,2024-07,1300.62
61.0,Entertainment,2024-07,1829.11
62.0,Entertainment,2024-07,1375.04
63.0,Entertainment,2024-07,1566.39
64.0,Entertainment,2024-07,767.07
65.0,Entertainment,2024-07,2123.32
66.0,Entertainment,2024-07,1950.93
67.0,Entertainment,2024-07,1890.04
68.0,Entertainment,2024-07,1627.48
69.0,Entertainment,2024-07,500.69
70.0,Entertainment,2024-07,1889.73
71.0,Entertainment,2024-07,738.06
72.0,Entertainment,2024-07,1281.85
73.0,Entertainment,2024-07,2385.77
74.0,Entertainment,2024-07,1510.69
75.0,Entertainment,2024-07,1207.44
76.0,Entertainment,2024-07,2187.0
77.0,Entertainment,2024-07,1545.69
78.0,Entertainment,2024-07,1332.19
79.0,Entertainment,2024-07,1103.05
80.0,Entertainment,2024-07,1150.95
81.0,Entertainment,2024-07,1192.83
82.0,Entertainment,2024-07,1389.43
83.0,Entertainment,2024-07,2252.91
84.0,Entertainment,2024-07,1731.4
85.0,Entertainment,2024-07,2033.43
86.0,Entertainment,2024-07,2274.63
87.0,Entertainment,2024-07,713.2
88.0,Entertainment,2024-07,2024.43
89.0,Entertainment,2024-07,2256.05
90.0,Entertainment,2024-07,805.98
91.0,Entertainment,2024-07,1028.1
92.0,Entertainment,2024-07,1601.46
93.0,Entertainment,2024-07,1574.31
94.0,Entertainment,2024-07,1819.36
95.0,Entertainment,2024-07,915.68
96.0,Entertainment,2024-07,1262.61
97.0,Entertainment,2024-07,574.74
98.0,Entertainment,2024-07,966.59
99.0,Entertainment,2024-07,1895.24
100.0,Entertainment,2024-07,1987.66
101.0,Entertainment,2024-07,1104.68
102.0,Entertainment,2024-07,1780.66
103.0,Entertainment,2024-07,974.86
104.0,Entertainment,2024-07,669.11
105.0,Entertainment,2024-07,1835.02
106.0,Entertainment,2024-07,1979.47
107.0,Entertainment,2024-07,539.49
108.0,Entertainment,2024-07,1871.98
109.0,Entertainment,2024-07,1090.52
110.0,Entertainment,2024-07,804.74
111.0,Entertainment,2024-07,1947.19
112.0,Entertainment,2024-07,859.97
113.0,Entertainment,2024-07,1465.93
114.0,Entertainment,2024-07,1977.33
115.0,Entertainment,2024-07,1143.36
116.0,Entertainment,2024-07,1695.05
117.0,Entertainment,2024-07,1462.47
118.0,Entertainment,2024-07,677.78
119.0,Entertainment,2024-07,413.9
120.0,Entertainment,2024-07,1183.56
1.0,Entertainment,2024-08,1834.91
2.0,Entertainment,2024-08,1553.17
3.0,Entertainment,2024-08,1885.59
4.0,Entertainment,2024-08,1167.33
5.0,Entertainment,2024-08,509.13
6.0,Entertainment,2024-08,1691.28
7.0,Entertainment,2024-08,2011.27
8.0,Entertainment,2024-08,1548.87
9.0,Entertainment,2024-08,1015.61
10.0,Entertainment,2024-08,529.29
11.0,Entertainment,2024-08,967.48
12.0,Entertainment,2024-08,2270.66
13.0,Entertainment,2024-08,446.75
14.0,Entertainment,2024-08,671.58
15.0,Entertainment,2024-08,1069.03
16.0,Entertainment,2024-08,603.0
17.0,Entertainment,2024-08,1708.39
18.0,Entertainment,2024-08,1691.13
19.0,Entertainment,2024-08,1042.24
20.0,Entertainment,2024-08,1338.02
21.0,Entertainment,2024-08,1144.84
22.0,Entertainment,2024-08,2236.15
23.0,Entertainment,2024-08,645.35
24.0,Entertainment,2024-08,702.13
25.0,Entertainment,2024-08,842.09
26.0,Entertainment,2024-08,2322.55
27.0,Entertainment,2024-08,1999.49
28.0,Entertainment,2024-08,553.05
29.0,Entertainment,2024-08,1554.01
30.0,Entertainment,2024-08,1819.53
31.0,Entertainment,2024-08,587.2
32.0,Entertainment,2024-08,1852.22
33.0,Entertainment,2024-08,642.28
34.0,Entertainment,2024-08,2033.66
35.0,Entertainment,2024-08,1200.19
36.0,Entertainment,2024-08,1693.74
37.0,Entertainment,2024-08,1088.7
38.0,Entertainment,2024-08,895.68
39.0,Entertainment,2024-08,1014.65
40.0,Entertainment,2024-08,398.09
41.0,Entertainment,2024-08,1606.85
42.0,Entertainment,2024-08,604.45
43.0,Entertainment,2024-08,1173.43
44.0,Entertainment,2024-08,1140.39
45.0,Entertainment,2024-08,1770.47
46.0,Entertainment,2024-08,978.16
47.0,Entertainment,2024-08,1025.77
48.0,Entertainment,2024-08,1383.13
49.0,Entertainment,2024-08,2075.44
50.0,Entertainment,2024-08,1179.46
51.0,Entertainment,2024-08,644.41
52.0,Entertainment,2024-08,1947.31
53.0,Entertainment,2024-08,1720.98
54.0,Entertainment,2024-08,1853.43
55.0,Entertainment,2024-08,1055.84
56.0,Entertainment,2024-08,1881.02
57.0,Entertainment,2024-08,1905.33
58.0,Entertainment,2024-08,1072.51
59.0,Entertainment,2024-08,1678.32
60.0,Entertainment,2024-08,1114.34
61.0,Entertainment,2024-08,1676.07
62.0,Entertainment,2024-08,1333.39
63.0,Entertainment,2024-08,1435.22
64.0,Entertainment,2024-08,706.3
65.0,Entertainment,2024-08,1902.38
66.0,Entertainment,2024-08,1829.39
67.0,Entertainment,2024-08,1739.43
68.0,Entertainment,2024-08,1599.14
69.0,Entertainment,2024-08,528.98
70.0,Entertainment,2024-08,1839.17
71.0,Entertainment,2024-08,725.32
72.0,Entertainment,2024-08,970.2
73.0,Entertainment,2024-08,2286.61
74.0,Entertainment,2024-08,1521.2
75.0,Entertainment,2024-08,1186.99
76.0,Entertainment,2024-08,2200.47
77.0,Entertainment,2024-08,1605.95
78.0,Entertainment,2024-08,1213.28
79.0,Entertainment,2024-08,1080.53
80.0,Entertainment,2024-08,1115.86
81.0,Entertainment,2024-08,1096.38
82.0,Entertainment,2024-08,1394.22
83.0,Entertainment,2024-08,2283.59
84.0,Entertainment,2024-08,1588.78
85.0,Entertainment,2024-08,2012.86
86.0,Entertainment,2024-08,2187.8
87.0,Entertainment,2024-08,720.2
88.0,Entertainment,2024-08,1773.67
89.0,Entertainment,2024-08,1951.11
90.0,Entertainment,2024-08,743.44
91.0,Entertainment,2024-08,947.48
92.0,Entertainment,2024-08,1387.56
93.0,Entertainment,2024-08,1402.62
94.0,Entertainment,2024-08,1678.57
95.0,Entertainment,2024-08,923.7
96.0,Entertainment,2024-08,1233.48
97.0,Entertainment,2024-08,536.12
98.0,Entertainment,2024-08,971.96
99.0,Entertainment,2024-08,1684.67
100.0,Entertainment,2024-08,1650.2
101.0,Entertainment,2024-08,1015.3
102.0,Entertainment,2024-08,1595.56
103.0,Entertainment,2024-08,965.97
104.0,Entertainment,2024-08,677.49
105.0,Entertainment,2024-08,1758.32
106.0,Entertainment,2024-08,1790.92
107.0,Entertainment,2024-08,469.54
108.0,Entertainment,2024-08,1695.59
109.0,Entertainment,2024-08,974.97
110.0,Entertainment,2024-08,801.18
111.0,Entertainment,2024-08,1930.15
112.0,Entertainment,2024-08,889.82
113.0,Entertainment,2024-08,1289.44
114.0,Entertainment,2024-08,2039.43
115.0,Entertainment,2024-08,1234.7
116.0,Entertainment,2024-08,1569.82
117.0,Entertainment,2024-08,1427.58
118.0,Entertainment,2024-08,651.81
119.0,Entertainment,2024-08,348.57
120.0,Entertainment,2024-08,1091.05
1.0,Entertainment,2024-09,1716.8
2.0,Entertainment,2024-09,1435.31
3.0,Entertainment,2024-09,1897.92
4.0,Entertainment,2024-09,1146.9
5.0,Entertainment,2024-09,503.53
6.0,Entertainment,2024-09,1338.36
7.0,Entertainment,2024-09,1889.67
8.0,Entertainment,2024-09,1473.99
9.0,Entertainment,2024-09,991.5
10.0,Entertainment,2024-09,578.33
11.0,Entertainment,2024-09,948.47
12.0,Entertainment,2024-09,2049.18
13.0,Entertainment,2024-09,425.28
14.0,Entertainment,2024-09,632.23
15.0,Entertainment,2024-09,1002.48
16.0,Entertainment,2024-09,524.78
17.0,Entertainment,2024-09,1511.5
18.0,Entertainment,2024-09,1523.17
19.0,Entertainment,2024-09,934.35
20.0,Entertainment,2024-09,1383.69
21.0,Entertainment,2024-09,1124.7
22.0,Entertainment,2024-09,2097.67
23.0,Entertainment,2024-09,630.7
24.0,Entertainment,2024-09,702.17
25.0,Entertainment,2024-09,915.21
26.0,Entertainment,2024-09,2258.45
27.0,Entertainment,2024-09,1922.72
28.0,Entertainment,2024-09,563.9
29.0,Entertainment,2024-09,1461.42
30.0,Entertainment,2024-09,1546.56
31.0,Entertainment,2024-09,539.89
32.0,Entertainment,2024-09,1871.74
33.0,Entertainment,2024-09,676.0
34.0,Entertainment,2024-09,2122.89
35.0,Entertainment,2024-09,1156.67
36.0,Entertainment,2024-09,1676.39
37.0,Entertainment,2024-09,1126.05
38.0,Entertainment,2024-09,864.99
39.0,Entertainment,2024-09,1058.0
40.0,Entertainment,2024-09,392.03
41.0,Entertainment,2024-09,1535.47
42.0,Entertainment,2024-09,573.94
43.0,Entertainment,2024-09,1053.06
44.0,Entertainment,2024-09,1087.71
45.0,Entertainment,2024-09,1704.48
46.0,Entertainment,2024-09,933.8
47.0,Entertainment,2024-09,1201.44
48.0,Entertainment,2024-09,1295.69
49.0,Entertainment,2024-09,2014.19
50.0,Entertainment,2024-09,1025.17
51.0,Entertainment,2024-09,637.5
52.0,Entertainment,2024-09,1787.52
53.0,Entertainment,2024-09,1597.38
54.0,Entertainment,2024-09,1779.82
55.0,Entertainment,2024-09,1077.38
56.0,Entertainment,2024-09,1852.62
57.0,Entertainment,2024-09,1833.01
58.0,Entertainment,2024-09,1032.0
59.0,Entertainment,2024-09,1582.98
60.0,Entertainment,2024-09,1264.63
61.0,Entertainment,2024-09,1618.99
62.0,Entertainment,2024-09,1285.51
63.0,Entertainment,2024-09,1386.3
64.0,Entertainment,2024-09,611.3
65.0,Entertainment,2024-09,1855.89
66.0,Entertainment,2024-09,1579.35
67.0,Entertainment,2024-09,1720.9
68.0,Entertainment,2024-09,1559.47
69.0,Entertainment,2024-09,486.48
70.0,Entertainment,2024-09,1786.74
71.0,Entertainment,2024-09,625.08
72.0,Entertainment,2024-09,991.8
73.0,Entertainment,2024-09,2302.75
74.0,Entertainment,2024-09,1477.66
75.0,Entertainment,2024-09,1173.09
76.0,Entertainment,2024-09,2199.11
77.0,Entertainment,2024-09,1531.75
78.0,Entertainment,2024-09,1138.14
79.0,Entertainment,2024-09,1007.15
80.0,Entertainment,2024-09,1040.5
81.0,Entertainment,2024-09,1007.22
82.0,Entertainment,2024-09,1124.06
83.0,Entertainment,2024-09,2063.93
84.0,Entertainment,2024-09,1404.38
85.0,Entertainment,2024-09,1799.95
86.0,Entertainment,2024-09,2108.12
87.0,Entertainment,2024-09,761.38
88.0,Entertainment,2024-09,1902.8
89.0,Entertainment,2024-09,2018.14
90.0,Entertainment,2024-09,687.55
91.0,Entertainment,2024-09,922.73
92.0,Entertainment,2024-09,1376.75
93.0,Entertainment,2024-09,1358.05
94.0,Entertainment,2024-09,1528.76
95.0,Entertainment,2024-09,880.26
96.0,Entertainment,2024-09,1186.22
97.0,Entertainment,2024-09,530.76
98.0,Entertainment,2024-09,957.99
99.0,Entertainment,2024-09,1565.47
100.0,Entertainment,2024-09,1605.75
101.0,Entertainment,2024-09,1013.21
102.0,Entertainment,2024-09,1429.68
103.0,Entertainment,2024-09,944.75
104.0,Entertainment,2024-09,674.11
105.0,Entertainment,2024-09,1642.8
106.0,Entertainment,2024-09,1766.08
107.0,Entertainment,2024-09,475.59
108.0,Entertainment,2024-09,1773.89
109.0,Entertainment,2024-09,894.33
110.0,Entertainment,2024-09,759.82
111.0,Entertainment,2024-09,1789.54
112.0,Entertainment,2024-09,866.24
113.0,Entertainment,2024-09,1146.63
114.0,Entertainment,2024-09,1870.2
115.0,Entertainment,2024-09,1272.34
116.0,Entertainment,2024-09,1530.48
117.0,Entertainment,2024-09,1203.35
118.0,Entertainment,2024-09,663.8
119.0,Entertainment,2024-09,326.08
120.0,Entertainment,2024-09,1187.11
1.0,Entertainment,2024-10,1624.41
2.0,Entertainment,2024-10,1373.77
3.0,Entertainment,2024-10,1795.4
4.0,Entertainment,2024-10,1008.83
5.0,Entertainment,2024-10,479.36
6.0,Entertainment,2024-10,1587.7
7.0,Entertainment,2024-10,1736.41
8.0,Entertainment,2024-10,1562.78
9.0,Entertainment,2024-10,897.21
10.0,Entertainment,2024-10,529.87
11.0,Entertainment,2024-10,1023.64
12.0,Entertainment,2024-10,1961.02
13.0,Entertainment,2024-10,448.24
14.0,Entertainment,2024-10,652.91
15.0,Entertainment,2024-10,1028.65
16.0,Entertainment,2024-10,537.43
17.0,Entertainment,2024-10,1572.41
18.0,Entertainment,2024-10,1572.25
19.0,Entertainment,2024-10,1064.51
20.0,Entertainment,2024-10,1326.89
21.0,Entertainment,2024-10,1057.19
22.0,Entertainment,2024-10,2154.8
23.0,Entertainment,2024-10,675.34
24.0,Entertainment,2024-10,644.99
25.0,Entertainment,2024-10,873.39
26.0,Entertainment,2024-10,2289.9
27.0,Entertainment,2024-10,1986.23
28.0,Entertainment,2024-10,509.64
29.0,Entertainment,2024-10,1498.48
30.0,Entertainment,2024-10,1612.92
31.0,Entertainment,2024-10,545.25
32.0,Entertainment,2024-10,1952.41
33.0,Entertainment,2024-10,664.91
34.0,Entertainment,2024-10,2037.54
35.0,Entertainment,2024-10,1193.57
36.0,Entertainment,2024-10,1841.58
37.0,Entertainment,2024-10,1142.26
38.0,Entertainment,2024-10,814.84
39.0,Entertainment,2024-10,1012.62
40.0,Entertainment,2024-10,407.69
41.0,Entertainment,2024-10,1451.18
42.0,Entertainment,2024-10,631.94
43.0,Entertainment,2024-10,1102.09
44.0,Entertainment,2024-10,1086.36
45.0,Entertainment,2024-10,1867.84
46.0,Entertainment,2024-10,951.53
47.0,Entertainment,2024-10,1201.99
48.0,Entertainment,2024-10,1433.44
49.0,Entertainment,2024-10,2108.03
50.0,Entertainment,2024-10,1032.13
51.0,Entertainment,2024-10,623.0
52.0,Entertainment,2024-10,1879.32
53.0,Entertainment,2024-10,1594.78
54.0,Entertainment,2024-10,1633.61
55.0,Entertainment,2024-10,1085.54
56.0,Entertainment,2024-10,1860.21
57.0,Entertainment,2024-10,1974.31
58.0,Entertainment,2024-10,1035.77
59.0,Entertainment,2024-10,1685.99
60.0,Entertainment,2024-10,1176.55
61.0,Entertainment,2024-10,1530.54
62.0,Entertainment,2024-10,1295.67
63.0,Entertainment,2024-10,1399.26
64.0,Entertainment,2024-10,667.37
65.0,Entertainment,2024-10,1891.27
66.0,Entertainment,2024-10,1714.87
67.0,Entertainment,2024-10,1724.37
68.0,Entertainment,2024-10,1500.56
69.0,Entertainment,2024-10,506.58
70.0,Entertainment,2024-10,1826.82
71.0,Entertainment,2024-10,639.78
72.0,Entertainment,2024-10,998.84
73.0,Entertainment,2024-10,2069.9
74.0,Entertainment,2024-10,1353.44
75.0,Entertainment,2024-10,1189.81
76.0,Entertainment,2024-10,2099.85
77.0,Entertainment,2024-10,1634.98
78.0,Entertainment,2024-10,1165.89
79.0,Entertainment,2024-10,1165.84
80.0,Entertainment,2024-10,989.91
81.0,Entertainment,2024-10,1055.76
82.0,Entertainment,2024-10,1165.65
83.0,Entertainment,2024-10,2071.43
84.0,Entertainment,2024-10,1507.82
85.0,Entertainment,2024-10,1903.4
86.0,Entertainment,2024-10,2156.52
87.0,Entertainment,2024-10,750.38
88.0,Entertainment,2024-10,1738.02
89.0,Entertainment,2024-10,2078.84
90.0,Entertainment,2024-10,739.72
91.0,Entertainment,2024-10,971.55
92.0,Entertainment,2024-10,1370.79
93.0,Entertainment,2024-10,1257.47
94.0,Entertainment,2024-10,1545.05
95.0,Entertainment,2024-10,815.94
96.0,Entertainment,2024-10,1204.31
97.0,Entertainment,2024-10,510.89
98.0,Entertainment,2024-10,902.01
99.0,Entertainment,2024-10,1622.86
100.0,Entertainment,2024-10,1531.99
101.0,Entertainment,2024-10,1049.76
102.0,Entertainment,2024-10,1445.44
103.0,Entertainment,2024-10,993.24
104.0,Entertainment,2024-10,686.77
105.0,Entertainment,2024-10,1742.69
106.0,Entertainment,2024-10,1522.68
107.0,Entertainment,2024-10,514.37
108.0,Entertainment,2024-10,1719.94
109.0,Entertainment,2024-10,922.74
110.0,Entertainment,2024-10,771.78
111.0,Entertainment,2024-10,1797.58
112.0,Entertainment,2024-10,839.94
113.0,Entertainment,2024-10,1313.61
114.0,Entertainment,2024-10,1650.16
115.0,Entertainment,2024-10,1196.73
116.0,Entertainment,2024-10,1514.49
117.0,Entertainment,2024-10,1147.52
118.0,Entertainment,2024-10,623.5
119.0,Entertainment,2024-10,337.35
120.0,Entertainment,2024-10,1115.34
1.0,Entertainment,2024-11,1750.62
2.0,Entertainment,2024-11,1490.67
3.0,Entertainment,2024-11,1841.05
4.0,Entertainment,2024-11,1068.74
5.0,Entertainment,2024-11,508.98
6.0,Entertainment,2024-11,1641.93
7.0,Entertainment,2024-11,1971.77
8.0,Entertainment,2024-11,1426.36
9.0,Entertainment,2024-11,959.84
10.0,Entertainment,2024-11,544.66
11.0,Entertainment,2024-11,1049.36
12.0,Entertainment,2024-11,2132.32
13.0,Entertainment,2024-11,422.98
14.0,Entertainment,2024-11,665.82
15.0,Entertainment,2024-11,865.63
16.0,Entertainment,2024-11,535.64
17.0,Entertainment,2024-11,1642.03
18.0,Entertainment,2024-11,1514.67
19.0,Entertainment,2024-11,1009.49
20.0,Entertainment,2024-11,1446.06
21.0,Entertainment,2024-11,1157.32
22.0,Entertainment,2024-11,2343.8
23.0,Entertainment,2024-11,650.63
24.0,Entertainment,2024-11,615.25
25.0,Entertainment,2024-11,996.1
26.0,Entertainment,2024-11,2158.99
27.0,Entertainment,2024-11,1846.04
28.0,Entertainment,2024-11,491.93
29.0,Entertainment,2024-11,1507.95
30.0,Entertainment,2024-11,1619.4
31.0,Entertainment,2024-11,578.58
32.0,Entertainment,2024-11,1948.88
33.0,Entertainment,2024-11,678.59
34.0,Entertainment,2024-11,2100.19
35.0,Entertainment,2024-11,1219.38
36.0,Entertainment,2024-11,1781.74
37.0,Entertainment,2024-11,1172.5
38.0,Entertainment,2024-11,783.7
39.0,Entertainment,2024-11,942.84
40.0,Entertainment,2024-11,436.03
41.0,Entertainment,2024-11,1786.15
42.0,Entertainment,2024-11,501.98
43.0,Entertainment,2024-11,1099.08
44.0,Entertainment,2024-11,1161.49
45.0,Entertainment,2024-11,1972.27
46.0,Entertainment,2024-11,1032.03
47.0,Entertainment,2024-11,1102.41
48.0,Entertainment,2024-11,1384.56
49.0,Entertainment,2024-11,2027.11
50.0,Entertainment,2024-11,1137.7
51.0,Entertainment,2024-11,664.6
52.0,Entertainment,2024-11,1916.4
53.0,Entertainment,2024-11,1626.88
54.0,Entertainment,2024-11,1670.64
55.0,Entertainment,2024-11,1094.33
56.0,Entertainment,2024-11,1870.0
57.0,Entertainment,2024-11,1962.25
58.0,Entertainment,2024-11,1024.95
59.0,Entertainment,2024-11,1576.54
60.0,Entertainment,2024-11,1278.78
61.0,Entertainment,2024-11,1511.2
62.0,Entertainment,2024-11,1357.51
63.0,Entertainment,2024-11,1578.51
64.0,Entertainment,2024-11,707.07
65.0,Entertainment,2024-11,1817.55
66.0,Entertainment,2024-11,1827.06
67.0,Entertainment,2024-11,1821.95
68.0,Entertainment,2024-11,1449.62
69.0,Entertainment,2024-11,512.86
70.0,Entertainment,2024-11,1646.6
71.0,Entertainment,2024-11,673.44
72.0,Entertainment,2024-11,1118.56
73.0,Entertainment,2024-11,2206.45
74.0,Entertainment,2024-11,1451.17
75.0,Entertainment,2024-11,1216.59
76.0,Entertainment,2024-11,2175.7
77.0,Entertainment,2024-11,1525.68
78.0,Entertainment,2024-11,1248.31
79.0,Entertainment,2024-11,1157.56
80.0,Entertainment,2024-11,1118.03
81.0,Entertainment,2024-11,1077.61
82.0,Entertainment,2024-11,1287.6
83.0,Entertainment,2024-11,2005.73
84.0,Entertainment,2024-11,1618.05
85.0,Entertainment,2024-11,1997.41
86.0,Entertainment,2024-11,2137.58
87.0,Entertainment,2024-11,719.83
88.0,Entertainment,2024-11,1804.33
89.0,Entertainment,2024-11,2078.04
90.0,Entertainment,2024-11,777.68
91.0,Entertainment,2024-11,1028.07
92.0,Entertainment,2024-11,1346.27
93.0,Entertainment,2024-11,1327.42
94.0,Entertainment,2024-11,1611.66
95.0,Entertainment,2024-11,766.65
96.0,Entertainment,2024-11,1296.26
97.0,Entertainment,2024-11,563.56
98.0,Entertainment,2024-11,1014.03
99.0,Entertainment,2024-11,1621.88
100.0,Entertainment,2024-11,1808.64
101.0,Entertainment,2024-11,1042.6
102.0,Entertainment,2024-11,1595.88
103.0,Entertainment,2024-11,1019.61
104.0,Entertainment,2024-11,739.45
105.0,Entertainment,2024-11,1735.35
106.0,Entertainment,2024-11,1709.45
107.0,Entertainment,2024-11,518.68
108.0,Entertainment,2024-11,1780.46
109.0,Entertainment,2024-11,954.33
110.0,Entertainment,2024-11,828.59
111.0,Entertainment,2024-11,1810.97
112.0,Entertainment,2024-11,895.08
113.0,Entertainment,2024-11,1209.57
114.0,Entertainment,2024-11,1792.65
115.0,Entertainment,2024-11,1195.85
116.0,Entertainment,2024-11,1441.14
117.0,Entertainment,2024-11,1180.2
118.0,Entertainment,2024-11,670.99
119.0,Entertainment,2024-11,344.15
120.0,Entertainment,2024-11,1233.09
1.0,Entertainment,2024-12,1944.05
2.0,Entertainment,2024-12,1672.94
3.0,Entertainment,2024-12,2082.14
4.0,Entertainment,2024-12,1093.97
5.0,Entertainment,2024-12,533.44
6.0,Entertainment,2024-12,1501.48
7.0,Entertainment,2024-12,2067.08
8.0,Entertainment,2024-12,1551.16
9.0,Entertainment,2024-12,949.99
10.0,Entertainment,2024-12,552.9
11.0,Entertainment,2024-12,1088.59
12.0,Entertainment,2024-12,2150.42
13.0,Entertainment,2024-12,461.87
14.0,Entertainment,2024-12,672.78
15.0,Entertainment,2024-12,1099.22
16.0,Entertainment,2024-12,591.55
17.0,Entertainment,2024-12,1736.45
18.0,Entertainment,2024-12,1643.16
19.0,Entertainment,2024-12,1144.64
20.0,Entertainment,2024-12,1502.09
21.0,Entertainment,2024-12,1297.11
22.0,Entertainment,2024-12,2311.18
23.0,Entertainment,2024-12,733.73
24.0,Entertainment,2024-12,683.94
25.0,Entertainment,2024-12,1035.67
26.0,Entertainment,2024-12,2590.35
27.0,Entertainment,2024-12,2054.27
28.0,Entertainment,2024-12,566.92
29.0,Entertainment,2024-12,1642.38
30.0,Entertainment,2024-12,1638.0
31.0,Entertainment,2024-12,607.72
32.0,Entertainment,2024-12,1979.08
33.0,Entertainment,2024-12,743.74
34.0,Entertainment,2024-12,2016.44
35.0,Entertainment,2024-12,1339.08
36.0,Entertainment,2024-12,1855.08
37.0,Entertainment,2024-12,1253.9
38.0,Entertainment,2024-12,939.09
39.0,Entertainment,2024-12,1053.74
40.0,Entertainment,2024-12,439.26
41.0,Entertainment,2024-12,1739.25
42.0,Entertainment,2024-12,626.49
43.0,Entertainment,2024-12,1340.0
44.0,Entertainment,2024-12,1150.74
45.0,Entertainment,2024-12,2065.62
46.0,Entertainment,2024-12,1046.69
47.0,Entertainment,2024-12,1190.99
48.0,Entertainment,2024-12,1405.91
49.0,Entertainment,2024-12,2157.3
50.0,Entertainment,2024-12,1197.68
51.0,Entertainment,2024-12,663.6
52.0,Entertainment,2024-12,1853.44
53.0,Entertainment,2024-12,1821.4
54.0,Entertainment,2024-12,1623.44
55.0,Entertainment,2024-12,1205.55
56.0,Entertainment,2024-12,1901.72
57.0,Entertainment,2024-12,2046.71
58.0,Entertainment,2024-12,1217.76
59.0,Entertainment,2024-12,1756.25
60.0,Entertainment,2024-12,1351.42
61.0,Entertainment,2024-12,1752.28
62.0,Entertainment,2024-12,1361.73
63.0,Entertainment,2024-12,1704.01
64.0,Entertainment,2024-12,686.67
65.0,Entertainment,2024-12,1953.56
66.0,Entertainment,2024-12,1962.17
67.0,Entertainment,2024-12,1826.28
68.0,Entertainment,2024-12,1473.63
69.0,Entertainment,2024-12,512.6
70.0,Entertainment,2024-12,1830.14
71.0,Entertainment,2024-12,760.04
72.0,Entertainment,2024-12,1007.02
73.0,Entertainment,2024-12,2303.99
74.0,Entertainment,2024-12,1523.69
75.0,Entertainment,2024-12,1226.39
76.0,Entertainment,2024-12,2157.93
77.0,Entertainment,2024-12,1563.02
78.0,Entertainment,2024-12,1140.48
79.0,Entertainment,2024-12,1155.68
80.0,Entertainment,2024-12,1168.93
81.0,Entertainment,2024-12,1154.89
82.0,Entertainment,2024-12,1332.28
83.0,Entertainment,2024-12,2199.87
84.0,Entertainment,2024-12,1721.53
85.0,Entertainment,2024-12,2037.19
86.0,Entertainment,2024-12,2262.76
87.0,Entertainment,2024-12,830.61
88.0,Entertainment,2024-12,2003.25
89.0,Entertainment,2024-12,2093.97
90.0,Entertainment,2024-12,847.08
91.0,Entertainment,2024-12,1045.34
92.0,Entertainment,2024-12,1486.56
93.0,Entertainment,2024-12,1539.08
94.0,Entertainment,2024-12,1648.48
95.0,Entertainment,2024-12,899.93
96.0,Entertainment,2024-12,1301.58
97.0,Entertainment,2024-12,554.2
98.0,Entertainment,2024-12,989.26
99.0,Entertainment,2024-12,1714.75
100.0,Entertainment,2024-12,1547.84
101.0,Entertainment,2024-12,1107.27
102.0,Entertainment,2024-12,1742.65
103.0,Entertainment,2024-12,1039.48
104.0,Entertainment,2024-12,780.12
105.0,Entertainment,2024-12,1666.98
106.0,Entertainment,2024-12,1841.16
107.0,Entertainment,2024-12,574.9
108.0,Entertainment,2024-12,1818.64
109.0,Entertainment,2024-12,957.48
110.0,Entertainment,2024-12,860.01
111.0,Entertainment,2024-12,1942.17
112.0,Entertainment,2024-12,937.82
113.0,Entertainment,2024-12,1270.3
114.0,Entertainment,2024-12,1812.24
115.0,Entertainment,2024-12,1271.78
116.0,Entertainment,2024-12,1611.39
117.0,Entertainment,2024-12,1268.74
118.0,Entertainment,2024-12,711.83
119.0,Entertainment,2024-12,351.04
120.0,Entertainment,2024-12,1286.53
1.0,Food,2023-01,4855.67
2.0,Food,2023-01,3394.38
3.0,Food,2023-01,5109.54
4.0,Food,2023-01,5463.22
5.0,Food,2023-01,4934.24
6.0,Food,2023-01,3939.3
7.0,Food,2023-01,6055.11
8.0,Food,2023-01,3230.43
9.0,Food,2023-01,4608.27
10.0,Food,2023-01,2833.5
11.0,Food,2023-01,2556.09
12.0,Food,2023-01,5581.25
13.0,Food,2023-01,5340.1
14.0,Food,2023-01,3572.48
15.0,Food,2023-01,4247.53
16.0,Food,2023-01,6551.77
17.0,Food,2023-01,2476.47
18.0,Food,2023-01,5573.73
19.0,Food,2023-01,4771.02
20.0,Food,2023-01,3633.44
21.0,Food,2023-01,5678.88
22.0,Food,2023-01,3458.24
23.0,Food,2023-01,6423.37
24.0,Food,2023-01,2867.91
25.0,Food,2023-01,3523.3
26.0,Food,2023-01,3262.58
27.0,Food,2023-01,5448.04
28.0,Food,2023-01,5363.21
29.0,Food,2023-01,4722.64
30.0,Food,2023-01,2474.45
31.0,Food,2023-01,5430.42
32.0,Food,2023-01,5927.3
33.0,Food,2023-01,5356.38
34.0,Food,2023-01,5142.36
35.0,Food,2023-01,5451.11
36.0,Food,2023-01,6006.32
37.0,Food,2023-01,5044.89
38.0,Food,2023-01,4087.1
39.0,Food,2023-01,4750.57
40.0,Food,2023-01,5594.36
41.0,Food,2023-01,4150.17
42.0,Food,2023-01,5810.74
43.0,Food,2023-01,4049.13
44.0,Food,2023-01,2912.27
45.0,Food,2023-01,4681.49
46.0,Food,2023-01,5305.27
47.0,Food,2023-01,2667.83
48.0,Food,2023-01,4080.99
49.0,Food,2023-01,3836.97
50.0,Food,2023-01,2878.66
51.0,Food,2023-01,4417.32
52.0,Food,2023-01,3222.26
53.0,Food,2023-01,5934.72
54.0,Food,2023-01,3073.91
55.0,Food,2023-01,5553.6
56.0,Food,2023-01,4600.12
57.0,Food,2023-01,4112.96
58.0,Food,2023-01,4817.3
59.0,Food,2023-01,3631.42
60.0,Food,2023-01,5572.27
61.0,Food,2023-01,2819.19
62.0,Food,2023-01,5077.59
63.0,Food,2023-01,3678.18
64.0,Food,2023-01,5464.59
65.0,Food,2023-01,6067.47
66.0,Food,2023-01,3014.18
67.0,Food,2023-01,4762.85
68.0,Food,2023-01,4008.55
69.0,Food,2023-01,4777.41
70.0,Food,2023-01,4881.91
71.0,Food,2023-01,4822.46
72.0,Food,2023-01,4853.02
73.0,Food,2023-01,3047.62
74.0,Food,2023-01,4348.16
75.0,Food,2023-01,4323.02
76.0,Food,2023-01,3770.43
77.0,Food,2023-01,4583.38
78.0,Food,2023-01,4812.11
79.0,Food,2023-01,5797.86
80.0,Food,2023-01,5893.71
81.0,Food,2023-01,3106.48
82.0,Food,2023-01,4027.26
83.0,Food,2023-01,5044.4
84.0,Food,2023-01,5262.04
85.0,Food,2023-01,4025.58
86.0,Food,2023-01,5634.35
87.0,Food,2023-01,5624.01
88.0,Food,2023-01,4409.44
89.0,Food,2023-01,3314.63
90.0,Food,2023-01,4539.14
91.0,Food,2023-01,5804.81
92.0,Food,2023-01,4583.0
93.0,Food,2023-01,4685.49
94.0,Food,2023-01,3766.94
95.0,Food,2023-01,5961.5
96.0,Food,2023-01,4994.69
97.0,Food,2023-01,5172.62
98.0,Food,2023-01,3334.91
99.0,Food,2023-01,2849.86
100.0,Food,2023-01,3968.57
101.0,Food,2023-01,3015.02
102.0,Food,2023-01,5047.54
103.0,Food,2023-01,3049.83
104.0,Food,2023-01,3637.36
105.0,Food,2023-01,5035.66
106.0,Food,2023-01,5569.44
107.0,Food,2023-01,5297.44
108.0,Food,2023-01,4173.28
109.0,Food,2023-01,4302.92
110.0,Food,2023-01,6025.44
111.0,Food,2023-01,3684.26
112.0,Food,2023-01,4354.41
113.0,Food,2023-01,5805.42
114.0,Food,2023-01,4972.07
115.0,Food,2023-01,4678.2
116.0,Food,2023-01,3067.88
117.0,Food,2023-01,4185.45
118.0,Food,2023-01,3099.65
119.0,Food,2023-01,5703.32
120.0,Food,2023-01,4588.49
1.0,Food,2023-02,5071.59
2.0,Food,2023-02,3391.87
3.0,Food,2023-02,5726.8
4.0,Food,2023-02,6171.6
5.0,Food,2023-02,5113.02
6.0,Food,2023-02,3923.68
7.0,Food,2023-02,5936.27
8.0,Food,2023-02,3638.31
9.0,Food,2023-02,5116.88
10.0,Food,2023-02,3084.79
11.0,Food,2023-02,2714.99
12.0,Food,2023-02,6150.83
13.0,Food,2023-02,5891.29
14.0,Food,2023-02,3723.23
15.0,Food,2023-02,4502.71
16.0,Food,2023-02,6449.6
17.0,Food,2023-02,3092.64
18.0,Food,2023-02,6122.05
19.0,Food,2023-02,5529.85
20.0,Food,2023-02,4161.25
21.0,Food,2023-02,6432.49
22.0,Food,2023-02,4238.39
23.0,Food,2023-02,6301.22
24.0,Food,2023-02,2894.54
25.0,Food,2023-02,3877.51
26.0,Food,2023-02,3762.04
27.0,Food,2023-02,5876.04
28.0,Food,2023-02,6552.54
29.0,Food,2023-02,4982.84
30.0,Food,2023-02,2414.68
31.0,Food,2023-02,5916.71
32.0,Food,2023-02,6568.93
33.0,Food,2023-02,5793.51
34.0,Food,2023-02,6263.14
35.0,Food,2023-02,5514.64
36.0,Food,2023-02,6087.06
37.0,Food,2023-02,5424.11
38.0,Food,2023-02,4801.12
39.0,Food,2023-02,5848.99
40.0,Food,2023-02,5955.8
41.0,Food,2023-02,4358.06
42.0,Food,2023-02,5888.74
43.0,Food,2023-02,3947.76
44.0,Food,2023-02,2817.51
45.0,Food,2023-02,5408.15
46.0,Food,2023-02,5990.94
47.0,Food,2023-02,2908.8
48.0,Food,2023-02,4142.94
49.0,Food,2023-02,4227.89
50.0,Food,2023-02,3763.85
51.0,Food,2023-02,4892.25
52.0,Food,2023-02,3530.89
53.0,Food,2023-02,6191.89
54.0,Food,2023-02,3364.63
55.0,Food,2023-02,5274.53
56.0,Food,2023-02,5335.4
57.0,Food,2023-02,4541.33
58.0,Food,2023-02,5235.59
59.0,Food,2023-02,3781.32
60.0,Food,2023-02,6247.09
61.0,Food,2023-02,3057.52
62.0,Food,2023-02,5283.64
63.0,Food,2023-02,4120.1
64.0,Food,2023-02,6059.01
65.0,Food,2023-02,6147.38
66.0,Food,2023-02,3286.3
67.0,Food,2023-02,5089.08
68.0,Food,2023-02,4360.54
69.0,Food,2023-02,5399.83
70.0,Food,2023-02,5701.56
71.0,Food,2023-02,5448.22
72.0,Food,2023-02,5366.23
73.0,Food,2023-02,2970.98
74.0,Food,2023-02,4225.26
75.0,Food,2023-02,5163.24
76.0,Food,2023-02,4147.53
77.0,Food,2023-02,5202.58
78.0,Food,2023-02,4982.81
79.0,Food,2023-02,6230.98
80.0,Food,2023-02,6061.74
81.0,Food,2023-02,3995.01
82.0,Food,2023-02,4472.27
83.0,Food,2023-02,6122.18
84.0,Food,2023-02,5786.23
85.0,Food,2023-02,3758.11
86.0,Food,2023-02,6040.73
87.0,Food,2023-02,6164.69
88.0,Food,2023-02,4737.16
89.0,Food,2023-02,3766.94
90.0,Food,2023-02,5141.06
91.0,Food,2023-02,6597.42
92.0,Food,2023-02,4314.03
93.0,Food,2023-02,4938.87
94.0,Food,2023-02,3665.99
95.0,Food,2023-02,5729.03
96.0,Food,2023-02,5281.22
97.0,Food,2023-02,4544.75
98.0,Food,2023-02,3527.77
99.0,Food,2023-02,3214.84
100.0,Food,2023-02,4196.59
101.0,Food,2023-02,2831.21
102.0,Food,2023-02,5197.7
103.0,Food,2023-02,3502.15
104.0,Food,2023-02,3811.11
105.0,Food,2023-02,5475.06
106.0,Food,2023-02,5646.84
107.0,Food,2023-02,6062.69
108.0,Food,2023-02,4457.6
109.0,Food,2023-02,4618.81
110.0,Food,2023-02,6066.6
111.0,Food,2023-02,4209.53
112.0,Food,2023-02,4693.69
113.0,Food,2023-02,5899.16
114.0,Food,2023-02,5396.02
115.0,Food,2023-02,5607.23
116.0,Food,2023-02,3049.69
117.0,Food,2023-02,4391.18
118.0,Food,2023-02,3402.69
119.0,Food,2023-02,5780.59
120.0,Food,2023-02,5738.58
1.0,Food,2023-03,5528.92
2.0,Food,2023-03,3978.85
3.0,Food,2023-03,6221.69
4.0,Food,2023-03,6066.1
5.0,Food,2023-03,5235.89
6.0,Food,2023-03,4490.5
7.0,Food,2023-03,6407.21
8.0,Food,2023-03,3572.77
9.0,Food,2023-03,5129.67
10.0,Food,2023-03,3282.2
11.0,Food,2023-03,2963.35
12.0,Food,2023-03,6309.92
13.0,Food,2023-03,5950.17
14.0,Food,2023-03,3632.02
15.0,Food,2023-03,4580.2
16.0,Food,2023-03,6620.31
17.0,Food,2023-03,3028.58
18.0,Food,2023-03,6438.77
19.0,Food,2023-03,5907.72
20.0,Food,2023-03,4772.87
21.0,Food,2023-03,6589.88
22.0,Food,2023-03,4019.26
23.0,Food,2023-03,6472.36
24.0,Food,2023-03,3300.91
25.0,Food,2023-03,4428.97
26.0,Food,2023-03,4080.7
27.0,Food,2023-03,6535.74
28.0,Food,2023-03,5652.91
29.0,Food,2023-03,5249.44
30.0,Food,2023-03,2875.08
31.0,Food,2023-03,7043.62
32.0,Food,2023-03,5954.08
33.0,Food,2023-03,6612.55
34.0,Food,2023-03,6085.5
35.0,Food,2023-03,6451.77
36.0,Food,2023-03,6475.36
37.0,Food,2023-03,6059.12
38.0,Food,2023-03,5152.7
39.0,Food,2023-03,5490.23
40.0,Food,2023-03,6880.58
41.0,Food,2023-03,4328.04
42.0,Food,2023-03,6298.99
43.0,Food,2023-03,4500.46
44.0,Food,2023-03,3287.08
45.0,Food,2023-03,5812.17
46.0,Food,2023-03,6603.1
47.0,Food,2023-03,3278.43
48.0,Food,2023-03,3943.88
49.0,Food,2023-03,4161.52
50.0,Food,2023-03,3844.45
51.0,Food,2023-03,5087.39
52.0,Food,2023-03,3584.51
53.0,Food,2023-03,7226.8
54.0,Food,2023-03,3322.08
55.0,Food,2023-03,5924.2
56.0,Food,2023-03,5850.46
57.0,Food,2023-03,4635.16
58.0,Food,2023-03,6142.25
59.0,Food,2023-03,4060.1
60.0,Food,2023-03,6011.05
61.0,Food,2023-03,3354.78
62.0,Food,2023-03,5492.97
63.0,Food,2023-03,3864.04
64.0,Food,2023-03,7036.63
65.0,Food,2023-03,6678.47
66.0,Food,2023-03,3452.79
67.0,Food,2023-03,4814.07
68.0,Food,2023-03,4372.43
69.0,Food,2023-03,5659.33
70.0,Food,2023-03,5861.24
71.0,Food,2023-03,5627.65
72.0,Food,2023-03,5502.7
73.0,Food,2023-03,3444.07
74.0,Food,2023-03,4511.33
75.0,Food,2023-03,5801.24
76.0,Food,2023-03,4291.36
77.0,Food,2023-03,6061.71
78.0,Food,2023-03,5268.66
79.0,Food,2023-03,6167.58
80.0,Food,2023-03,6127.67
81.0,Food,2023-03,4020.37
82.0,Food,2023-03,4692.33
83.0,Food,2023-03,5938.4
84.0,Food,2023-03,6528.5
85.0,Food,2023-03,4289.49
86.0,Food,2023-03,6433.43
87.0,Food,2023-03,6618.99
88.0,Food,2023-03,5126.72
89.0,Food,2023-03,3875.95
90.0,Food,2023-03,5362.95
91.0,Food,2023-03,6880.8
92.0,Food,2023-03,5240.13
93.0,Food,2023-03,5464.66
94.0,Food,2023-03,3728.48
95.0,Food,2023-03,6061.67
96.0,Food,2023-03,5626.33
97.0,Food,2023-03,5253.69
98.0,Food,2023-03,3972.42
99.0,Food,2023-03,3053.34
100.0,Food,2023-03,4427.9
101.0,Food,2023-03,3245.85
102.0,Food,2023-03,5585.81
103.0,Food,2023-03,3785.94
104.0,Food,2023-03,3937.92
105.0,Food,2023-03,5585.58
106.0,Food,2023-03,5915.41
107.0,Food,2023-03,6174.95
108.0,Food,2023-03,5040.57
109.0,Food,2023-03,4457.42
110.0,Food,2023-03,6354.6
111.0,Food,2023-03,4046.6
112.0,Food,2023-03,5457.31
113.0,Food,2023-03,6282.07
114.0,Food,2023-03,5180.77
115.0,Food,2023-03,5634.64
116.0,Food,2023-03,3889.18
117.0,Food,2023-03,4563.31
118.0,Food,2023-03,3900.65
119.0,Food,2023-03,6234.69
120.0,Food,2023-03,5723.54
1.0,Food,2023-04,5842.5
2.0,Food,2023-04,3616.79
3.0,Food,2023-04,6462.51
4.0,Food,2023-04,6348.21
5.0,Food,2023-04,5796.92
6.0,Food,2023-04,4677.39
7.0,Food,2023-04,7186.25
8.0,Food,2023-04,3929.28
9.0,Food,2023-04,5354.31
10.0,Food,2023-04,3721.07
11.0,Food,2023-04,3106.7
12.0,Food,2023-04,6597.3
13.0,Food,2023-04,5703.68
14.0,Food,2023-04,4307.78
15.0,Food,2023-04,4951.51
16.0,Food,2023-04,6535.63
17.0,Food,2023-04,3299.36
18.0,Food,2023-04,6782.96
19.0,Food,2023-04,6208.32
20.0,Food,2023-04,4441.41
21.0,Food,2023-04,6836.35
22.0,Food,2023-04,4012.79
23.0,Food,2023-04,6681.5
24.0,Food,2023-04,3161.95
25.0,Food,2023-04,4753.21
26.0,Food,2023-04,4608.25
27.0,Food,2023-04,6456.05
28.0,Food,2023-04,6513.5
29.0,Food,2023-04,5478.17
30.0,Food,2023-04,3003.74
31.0,Food,2023-04,6608.98
32.0,Food,2023-04,6044.07
33.0,Food,2023-04,6123.16
34.0,Food,2023-04,6405.47
35.0,Food,2023-04,5628.55
36.0,Food,2023-04,6630.75
37.0,Food,2023-04,5603.18
38.0,Food,2023-04,5307.73
39.0,Food,2023-04,5893.09
40.0,Food,2023-04,6414.7
41.0,Food,2023-04,4567.07
42.0,Food,2023-04,6668.61
43.0,Food,2023-04,4488.14
44.0,Food,2023-04,3387.33
45.0,Food,2023-04,5855.54
46.0,Food,2023-04,6631.19
47.0,Food,2023-04,3166.01
48.0,Food,2023-04,4877.55
49.0,Food,2023-04,4167.63
50.0,Food,2023-04,3573.53
51.0,Food,2023-04,5284.65
52.0,Food,2023-04,3830.24
53.0,Food,2023-04,7250.29
54.0,Food,2023-04,3593.87
55.0,Food,2023-04,6229.2
56.0,Food,2023-04,5863.67
57.0,Food,2023-04,4175.21
58.0,Food,2023-04,5592.49
59.0,Food,2023-04,4028.66
60.0,Food,2023-04,6173.34
61.0,Food,2023-04,3217.88
62.0,Food,2023-04,5786.46
63.0,Food,2023-04,4064.58
64.0,Food,2023-04,7157.06
65.0,Food,2023-04,7348.69
66.0,Food,2023-04,3683.41
67.0,Food,2023-04,5495.02
68.0,Food,2023-04,4981.7
69.0,Food,2023-04,5576.77
70.0,Food,2023-04,5059.04
71.0,Food,2023-04,5580.39
72.0,Food,2023-04,5511.45
73.0,Food,2023-04,3414.08
74.0,Food,2023-04,4996.98
75.0,Food,2023-04,5611.47
76.0,Food,2023-04,3969.89
77.0,Food,2023-04,6028.36
78.0,Food,2023-04,5128.16
79.0,Food,2023-04,6351.88
80.0,Food,2023-04,6755.25
81.0,Food,2023-04,4013.01
82.0,Food,2023-04,4781.28
83.0,Food,2023-04,5883.14
84.0,Food,2023-04,6411.26
85.0,Food,2023-04,4639.52
86.0,Food,2023-04,6435.97
87.0,Food,2023-04,6393.87
88.0,Food,2023-04,5147.32
89.0,Food,2023-04,3932.14
90.0,Food,2023-04,5712.15
91.0,Food,2023-04,6949.13
92.0,Food,2023-04,4957.78
93.0,Food,2023-04,5917.19
94.0,Food,2023-04,4599.33
95.0,Food,2023-04,6188.81
96.0,Food,2023-04,5665.62
97.0,Food,2023-04,5459.13
98.0,Food,2023-04,3317.82
99.0,Food,2023-04,3414.79
100.0,Food,2023-04,4602.67
101.0,Food,2023-04,3381.25
102.0,Food,2023-04,5575.81
103.0,Food,2023-04,3913.16
104.0,Food,2023-04,3851.59
105.0,Food,2023-04,6222.88
106.0,Food,2023-04,6070.63
107.0,Food,2023-04,6560.67
108.0,Food,2023-04,5055.32
109.0,Food,2023-04,5076.09
110.0,Food,2023-04,6413.81
111.0,Food,2023-04,4265.98
112.0,Food,2023-04,5260.71
113.0,Food,2023-04,6516.35
114.0,Food,2023-04,5678.06
115.0,Food,2023-04,6155.05
116.0,Food,2023-04,3541.3
117.0,Food,2023-04,5006.32
118.0,Food,2023-04,3646.08
119.0,Food,2023-04,6798.83
120.0,Food,2023-04,5712.17
1.0,Food,2023-05,5342.01
2.0,Food,2023-05,3906.07
3.0,Food,2023-05,5843.9
4.0,Food,2023-05,6357.19
5.0,Food,2023-05,5470.63
6.0,Food,2023-05,4440.68
7.0,Food,2023-05,6931.34
8.0,Food,2023-05,3876.94
9.0,Food,2023-05,5106.79
10.0,Food,2023-05,3453.85
11.0,Food,2023-05,3031.68
12.0,Food,2023-05,6388.55
13.0,Food,2023-05,6069.83
14.0,Food,2023-05,4221.9
15.0,Food,2023-05,4586.86
16.0,Food,2023-05,6364.81
17.0,Food,2023-05,3531.52
18.0,Food,2023-05,6418.33
19.0,Food,2023-05,6254.97
20.0,Food,2023-05,4485.39
21.0,Food,2023-05,7337.99
22.0,Food,2023-05,4197.01
23.0,Food,2023-05,6467.42
24.0,Food,2023-05,3246.5
25.0,Food,2023-05,4071.03
26.0,Food,2023-05,4335.8
27.0,Food,2023-05,6450.05
28.0,Food,2023-05,6097.72
29.0,Food,2023-05,5557.58
30.0,Food,2023-05,2875.21
31.0,Food,2023-05,6748.28
32.0,Food,2023-05,6277.71
33.0,Food,2023-05,6884.69
34.0,Food,2023-05,5951.36
35.0,Food,2023-05,6392.89
36.0,Food,2023-05,6863.47
37.0,Food,2023-05,5603.57
38.0,Food,2023-05,4684.67
39.0,Food,2023-05,5957.92
40.0,Food,2023-05,6240.05
41.0,Food,2023-05,4594.37
42.0,Food,2023-05,6341.53
43.0,Food,2023-05,4768.06
44.0,Food,2023-05,3468.45
45.0,Food,2023-05,6054.33
46.0,Food,2023-05,6291.76
47.0,Food,2023-05,3098.24
48.0,Food,2023-05,4712.81
49.0,Food,2023-05,4390.52
50.0,Food,2023-05,3530.1
51.0,Food,2023-05,5279.8
52.0,Food,2023-05,4002.08
53.0,Food,2023-05,6693.59
54.0,Food,2023-05,3675.53
55.0,Food,2023-05,6447.88
56.0,Food,2023-05,5681.6
57.0,Food,2023-05,4518.33
58.0,Food,2023-05,6338.93
59.0,Food,2023-05,4095.99
60.0,Food,2023-05,6174.46
61.0,Food,2023-05,3074.46
62.0,Food,2023-05,5766.33
63.0,Food,2023-05,3577.36
64.0,Food,2023-05,6918.27
65.0,Food,2023-05,7100.14
66.0,Food,2023-05,3576.83
67.0,Food,2023-05,5068.11
68.0,Food,2023-05,4946.19
69.0,Food,2023-05,5076.29
70.0,Food,2023-05,5468.45
71.0,Food,2023-05,5893.6
72.0,Food,2023-05,5271.84
73.0,Food,2023-05,3415.39
74.0,Food,2023-05,4816.33
75.0,Food,2023-05,6073.22
76.0,Food,2023-05,4270.21
77.0,Food,2023-05,6112.15
78.0,Food,2023-05,5241.53
79.0,Food,2023-05,6535.99
80.0,Food,2023-05,6164.53
81.0,Food,2023-05,4180.63
82.0,Food,2023-05,4563.34
83.0,Food,2023-05,6020.31
84.0,Food,2023-05,6834.09
85.0,Food,2023-05,4424.87
86.0,Food,2023-05,6320.32
87.0,Food,2023-05,6437.12
88.0,Food,2023-05,5338.67
89.0,Food,2023-05,4299.73
90.0,Food,2023-05,5085.93
91.0,Food,2023-05,7115.73
92.0,Food,2023-05,4981.31
93.0,Food,2023-05,5604.71
94.0,Food,2023-05,4552.22
95.0,Food,2023-05,6029.54
96.0,Food,2023-05,5981.26
97.0,Food,2023-05,5418.26
98.0,Food,2023-05,3833.8
99.0,Food,2023-05,3381.14
100.0,Food,2023-05,4529.34
101.0,Food,2023-05,3369.65
102.0,Food,2023-05,5805.04
103.0,Food,2023-05,3970.47
104.0,Food,2023-05,4010.57
105.0,Food,2023-05,5611.52
106.0,Food,2023-05,6325.82
107.0,Food,2023-05,6669.54
108.0,Food,2023-05,5505.47
109.0,Food,2023-05,4389.84
110.0,Food,2023-05,6489.7
111.0,Food,2023-05,4324.43
112.0,Food,2023-05,5312.09
113.0,Food,2023-05,7232.61
114.0,Food,2023-05,5524.18
115.0,Food,2023-05,6027.73
116.0,Food,2023-05,3699.97
117.0,Food,2023-05,5040.4
118.0,Food,2023-05,3742.3
119.0,Food,2023-05,6006.96
120.0,Food,2023-05,5643.24
1.0,Food,2023-06,5092.88
2.0,Food,2023-06,4018.81
3.0,Food,2023-06,5820.04
4.0,Food,2023-06,5813.44
5.0,Food,2023-06,5044.47
6.0,Food,2023-06,4528.39
7.0,Food,2023-06,6533.72
8.0,Food,2023-06,3799.64
9.0,Food,2023-06,5223.69
10.0,Food,2023-06,3337.55
11.0,Food,2023-06,2930.0
12.0,Food,2023-06,5535.85
13.0,Food,2023-06,5545.99
14.0,Food,2023-06,3855.8
15.0,Food,2023-06,4882.96
16.0,Food,2023-06,6137.83
17.0,Food,2023-06,3004.49
18.0,Food,2023-06,6695.24
19.0,Food,2023-06,5358.92
20.0,Food,2023-06,4472.41
21.0,Food,2023-06,6963.49
22.0,Food,2023-06,3974.88
23.0,Food,2023-06,6266.97
24.0,Food,2023-06,3190.13
25.0,Food,2023-06,4332.44
26.0,Food,2023-06,3836.66
27.0,Food,2023-06,6434.08
28.0,Food,2023-06,6078.6
29.0,Food,2023-06,5967.69
30.0,Food,2023-06,2840.34
31.0,Food,2023-06,6023.68
32.0,Food,2023-06,6326.23
33.0,Food,2023-06,6414.66
34.0,Food,2023-06,5938.21
35.0,Food,2023-06,5716.24
36.0,Food,2023-06,6350.49
37.0,Food,2023-06,5803.05
38.0,Food,2023-06,4740.4
39.0,Food,2023-06,5362.43
40.0,Food,2023-06,6445.7
41.0,Food,2023-06,4120.89
42.0,Food,2023-06,5832.6
43.0,Food,2023-06,4634.35
44.0,Food,2023-06,3363.43
45.0,Food,2023-06,5547.4
46.0,Food,2023-06,6263.75
47.0,Food,2023-06,3001.43
48.0,Food,2023-06,4037.42
49.0,Food,2023-06,4108.78
50.0,Food,2023-06,3884.73
51.0,Food,2023-06,5279.94
52.0,Food,2023-06,3473.16
53.0,Food,2023-06,6718.97
54.0,Food,2023-06,3609.2
55.0,Food,2023-06,6683.59
56.0,Food,2023-06,5043.02
57.0,Food,2023-06,4662.78
58.0,Food,2023-06,5594.59
59.0,Food,2023-06,4010.11
60.0,Food,2023-06,5399.1
61.0,Food,2023-06,3225.59
62.0,Food,2023-06,5575.7
63.0,Food,2023-06,3961.49
64.0,Food,2023-06,6007.63
65.0,Food,2023-06,6780.58
66.0,Food,2023-06,3354.12
67.0,Food,2023-06,5050.21
68.0,Food,2023-06,4735.04
69.0,Food,2023-06,5973.77
70.0,Food,2023-06,5707.53
71.0,Food,2023-06,4792.28
72.0,Food,2023-06,5209.5
73.0,Food,2023-06,2995.72
74.0,Food,2023-06,4543.69
75.0,Food,2023-06,5534.35
76.0,Food,2023-06,3938.01
77.0,Food,2023-06,5725.28
78.0,Food,2023-06,4899.46
79.0,Food,2023-06,5561.96
80.0,Food,2023-06,6678.53
81.0,Food,2023-06,4127.44
82.0,Food,2023-06,4453.78
83.0,Food,2023-06,5803.93
84.0,Food,2023-06,6254.01
85.0,Food,2023-06,4182.25
86.0,Food,2023-06,6359.28
87.0,Food,2023-06,5744.36
88.0,Food,2023-06,5069.51
89.0,Food,2023-06,3499.93
90.0,Food,2023-06,5025.03
91.0,Food,2023-06,6334.14
92.0,Food,2023-06,4556.96
93.0,Food,2023-06,5591.9
94.0,Food,2023-06,4030.64
95.0,Food,2023-06,5740.31
96.0,Food,2023-06,5802.12
97.0,Food,2023-06,5465.69
98.0,Food,2023-06,3700.56
99.0,Food,2023-06,3383.65
100.0,Food,2023-06,4468.72
101.0,Food,2023-06,3274.16
102.0,Food,2023-06,5213.04
103.0,Food,2023-06,4035.05
104.0,Food,2023-06,3430.63
105.0,Food,2023-06,5598.81
106.0,Food,2023-06,5953.49
107.0,Food,2023-06,6457.81
108.0,Food,2023-06,4832.44
109.0,Food,2023-06,4354.71
110.0,Food,2023-06,6102.74
111.0,Food,2023-06,3760.87
112.0,Food,2023-06,5296.89
113.0,Food,2023-06,6479.2
114.0,Food,2023-06,5279.77
115.0,Food,2023-06,5963.82
116.0,Food,2023-06,3447.93
117.0,Food,2023-06,4294.19
118.0,Food,2023-06,3432.97
119.0,Food,2023-06,6089.28
120.0,Food,2023-06,4988.41
1.0,Food,2023-07,5178.11
2.0,Food,2023-07,3284.8
3.0,Food,2023-07,5421.58
4.0,Food,2023-07,5619.75
5.0,Food,2023-07,4876.46
6.0,Food,2023-07,3759.06
7.0,Food,2023-07,6182.43
8.0,Food,2023-07,3571.56
9.0,Food,2023-07,4436.85
10.0,Food,2023-07,3242.91
11.0,Food,2023-07,2684.0
12.0,Food,2023-07,5427.31
13.0,Food,2023-07,5221.62
14.0,Food,2023-07,3662.18
15.0,Food,2023-07,4258.72
16.0,Food,2023-07,6278.9
17.0,Food,2023-07,2612.22
18.0,Food,2023-07,5971.41
19.0,Food,2023-07,5068.56
20.0,Food,2023-07,4259.2
21.0,Food,2023-07,5790.99
22.0,Food,2023-07,3748.4
23.0,Food,2023-07,5980.36
24.0,Food,2023-07,2880.32
25.0,Food,2023-07,4062.98
26.0,Food,2023-07,3934.72
27.0,Food,2023-07,5321.05
28.0,Food,2023-07,5609.98
29.0,Food,2023-07,4988.73
30.0,Food,2023-07,2949.7
31.0,Food,2023-07,5633.85
32.0,Food,2023-07,5896.93
33.0,Food,2023-07,6121.82
34.0,Food,2023-07,5544.69
35.0,Food,2023-07,5625.42
36.0,Food,2023-07,6269.31
37.0,Food,2023-07,5034.82
38.0,Food,2023-07,4424.7
39.0,Food,2023-07,5365.15
40.0,Food,2023-07,5642.24
41.0,Food,2023-07,4009.28
42.0,Food,2023-07,5484.45
43.0,Food,2023-07,3751.92
44.0,Food,2023-07,2962.75
45.0,Food,2023-07,4839.34
46.0,Food,2023-07,5446.8
47.0,Food,2023-07,3054.76
48.0,Food,2023-07,3997.54
49.0,Food,2023-07,4012.75
50.0,Food,2023-07,3263.92
51.0,Food,2023-07,4669.25
52.0,Food,2023-07,3569.13
53.0,Food,2023-07,6304.88
54.0,Food,2023-07,3126.21
55.0,Food,2023-07,5597.9
56.0,Food,2023-07,4928.61
57.0,Food,2023-07,3986.77
58.0,Food,2023-07,5163.0
59.0,Food,2023-07,3604.32
60.0,Food,2023-07,5619.8
61.0,Food,2023-07,3071.83
62.0,Food,2023-07,5344.67
63.0,Food,2023-07,3600.05
64.0,Food,2023-07,5997.98
65.0,Food,2023-07,5955.13
66.0,Food,2023-07,3284.91
67.0,Food,2023-07,4400.32
68.0,Food,2023-07,4188.56
69.0,Food,2023-07,5329.2
70.0,Food,2023-07,5167.04
71.0,Food,2023-07,5533.82
72.0,Food,2023-07,5058.78
73.0,Food,2023-07,2799.93
74.0,Food,2023-07,4573.69
75.0,Food,2023-07,5193.4
76.0,Food,2023-07,3887.51
77.0,Food,2023-07,5504.6
78.0,Food,2023-07,4837.27
79.0,Food,2023-07,5504.68
80.0,Food,2023-07,5862.11
81.0,Food,2023-07,3132.67
82.0,Food,2023-07,4231.38
83.0,Food,2023-07,5564.26
84.0,Food,2023-07,5590.06
85.0,Food,2023-07,3732.77
86.0,Food,2023-07,6042.93
87.0,Food,2023-07,5759.01
88.0,Food,2023-07,4904.26
89.0,Food,2023-07,3728.64
90.0,Food,2023-07,4510.16
91.0,Food,2023-07,5933.46
92.0,Food,2023-07,4352.09
93.0,Food,2023-07,5418.15
94.0,Food,2023-07,3547.86
95.0,Food,2023-07,5421.01
96.0,Food,2023-07,5135.95
97.0,Food,2023-07,5123.87
98.0,Food,2023-07,3537.76
99.0,Food,2023-07,3086.46
100.0,Food,2023-07,4012.02
101.0,Food,2023-07,3159.22
102.0,Food,2023-07,5001.02
103.0,Food,2023-07,3377.28
104.0,Food,2023-07,3436.56
105.0,Food,2023-07,5356.97
106.0,Food,2023-07,5585.71
107.0,Food,2023-07,5993.14
108.0,Food,2023-07,4921.07
109.0,Food,2023-07,4293.01
110.0,Food,2023-07,6152.76
111.0,Food,2023-07,4308.81
112.0,Food,2023-07,4100.44
113.0,Food,2023-07,5943.27
114.0,Food,2023-07,5242.28
115.0,Food,2023-07,5454.96
116.0,Food,2023-07,3136.71
117.0,Food,2023-07,3732.21
118.0,Food,2023-07,3281.41
119.0,Food,2023-07,5788.86
120.0,Food,2023-07,5291.33
1.0,Food,2023-08,4641.45
2.0,Food,2023-08,3139.39
3.0,Food,2023-08,5013.02
4.0,Food,2023-08,5203.26
5.0,Food,2023-08,4407.83
6.0,Food,2023-08,3403.41
7.0,Food,2023-08,5868.92
8.0,Food,2023-08,3727.14
9.0,Food,2023-08,4675.54
10.0,Food,2023-08,2947.6
11.0,Food,2023-08,2537.28
12.0,Food,2023-08,5251.73
13.0,Food,2023-08,5153.69
14.0,Food,2023-08,3486.55
15.0,Food,2023-08,4117.05
16.0,Food,2023-08,5938.45
17.0,Food,2023-08,2749.75
18.0,Food,2023-08,5568.43
19.0,Food,2023-08,4613.78
20.0,Food,2023-08,3776.32
21.0,Food,2023-08,6023.43
22.0,Food,2023-08,3564.66
23.0,Food,2023-08,5266.89
24.0,Food,2023-08,2757.11
25.0,Food,2023-08,4178.57
26.0,Food,2023-08,3337.62
27.0,Food,2023-08,5848.5
28.0,Food,2023-08,4915.22
29.0,Food,2023-08,4807.32
30.0,Food,2023-08,2693.42
31.0,Food,2023-08,5768.14
32.0,Food,2023-08,5653.6
33.0,Food,2023-08,5327.09
34.0,Food,2023-08,4577.69
35.0,Food,2023-08,5042.24
36.0,Food,2023-08,4862.14
37.0,Food,2023-08,5056.37
38.0,Food,2023-08,4349.08
39.0,Food,2023-08,4488.32
40.0,Food,2023-08,5208.82
41.0,Food,2023-08,4005.85
42.0,Food,2023-08,5306.45
43.0,Food,2023-08,3896.23
44.0,Food,2023-08,2824.98
45.0,Food,2023-08,5150.09
46.0,Food,2023-08,5819.82
47.0,Food,2023-08,2715.16
48.0,Food,2023-08,4161.92
49.0,Food,2023-08,3600.33
50.0,Food,2023-08,3021.46
51.0,Food,2023-08,4033.74
52.0,Food,2023-08,3402.02
53.0,Food,2023-08,5910.37
54.0,Food,2023-08,2640.07
55.0,Food,2023-08,4927.51
56.0,Food,2023-08,4840.16
57.0,Food,2023-08,3828.45
58.0,Food,2023-08,4912.83
59.0,Food,2023-08,3476.58
60.0,Food,2023-08,4671.73
61.0,Food,2023-08,3069.81
62.0,Food,2023-08,4808.33
63.0,Food,2023-08,3148.42
64.0,Food,2023-08,5328.68
65.0,Food,2023-08,5852.19
66.0,Food,2023-08,3264.74
67.0,Food,2023-08,4321.5
68.0,Food,2023-08,3913.56
69.0,Food,2023-08,4738.47
70.0,Food,2023-08,4531.64
71.0,Food,2023-08,4326.98
72.0,Food,2023-08,4860.04
73.0,Food,2023-08,2916.41
74.0,Food,2023-08,4127.04
75.0,Food,2023-08,4761.12
76.0,Food,2023-08,3878.69
77.0,Food,2023-08,4796.99
78.0,Food,2023-08,4191.24
79.0,Food,2023-08,5577.55
80.0,Food,2023-08,5851.57
81.0,Food,2023-08,3457.56
82.0,Food,2023-08,3665.32
83.0,Food,2023-08,5184.54
84.0,Food,2023-08,5333.14
85.0,Food,2023-08,3417.96
86.0,Food,2023-08,4798.29
87.0,Food,2023-08,5470.03
88.0,Food,2023-08,4201.15
89.0,Food,2023-08,3387.47
90.0,Food,2023-08,4508.39
91.0,Food,2023-08,5675.45
92.0,Food,2023-08,4137.24
93.0,Food,2023-08,4610.0
94.0,Food,2023-08,3717.36
95.0,Food,2023-08,4819.51
96.0,Food,2023-08,5384.34
97.0,Food,2023-08,4818.49
98.0,Food,2023-08,3106.26
99.0,Food,2023-08,2798.08
100.0,Food,2023-08,3684.28
101.0,Food,2023-08,2891.11
102.0,Food,2023-08,4897.3
103.0,Food,2023-08,3006.71
104.0,Food,2023-08,3341.42
105.0,Food,2023-08,5275.98
106.0,Food,2023-08,5369.35
107.0,Food,2023-08,5261.37
108.0,Food,2023-08,3972.25
109.0,Food,2023-08,3734.24
110.0,Food,2023-08,5253.27
111.0,Food,2023-08,3489.17
112.0,Food,2023-08,4602.28
113.0,Food,2023-08,5142.46
114.0,Food,2023-08,4530.62
115.0,Food,2023-08,5136.91
116.0,Food,2023-08,2924.45
117.0,Food,2023-08,3433.52
118.0,Food,2023-08,3097.32
119.0,Food,2023-08,5447.06
120.0,Food,2023-08,4861.7
1.0,Food,2023-09,4099.3
2.0,Food,2023-09,3099.05
3.0,Food,2023-09,5402.28
4.0,Food,2023-09,4972.74
5.0,Food,2023-09,4834.48
6.0,Food,2023-09,3112.04
7.0,Food,2023-09,5312.53
8.0,Food,2023-09,3096.22
9.0,Food,2023-09,4039.91
10.0,Food,2023-09,2752.59
11.0,Food,2023-09,2342.69
12.0,Food,2023-09,4670.17
13.0,Food,2023-09,5069.96
14.0,Food,2023-09,2930.85
15.0,Food,2023-09,3937.55
16.0,Food,2023-09,5020.75
17.0,Food,2023-09,2824.69
18.0,Food,2023-09,5192.26
19.0,Food,2023-09,4631.89
20.0,Food,2023-09,3510.34
21.0,Food,2023-09,5741.61
22.0,Food,2023-09,3666.29
23.0,Food,2023-09,5395.22
24.0,Food,2023-09,2486.88
25.0,Food,2023-09,3642.32
26.0,Food,2023-09,3653.95
27.0,Food,2023-09,5239.42
28.0,Food,2023-09,4900.77
29.0,Food,2023-09,4606.12
30.0,Food,2023-09,2396.65
31.0,Food,2023-09,4800.41
32.0,Food,2023-09,4721.3
33.0,Food,2023-09,5159.21
34.0,Food,2023-09,5347.46
35.0,Food,2023-09,5051.22
36.0,Food,2023-09,5160.53
37.0,Food,2023-09,5003.38
38.0,Food,2023-09,4230.62
39.0,Food,2023-09,4907.66
40.0,Food,2023-09,4793.03
41.0,Food,2023-09,3959.01
42.0,Food,2023-09,4641.82
43.0,Food,2023-09,3940.48
44.0,Food,2023-09,2605.83
45.0,Food,2023-09,4458.02
46.0,Food,2023-09,5167.62
47.0,Food,2023-09,2557.8
48.0,Food,2023-09,3954.4
49.0,Food,2023-09,3454.8
50.0,Food,2023-09,2626.36
51.0,Food,2023-09,4425.51
52.0,Food,2023-09,2872.16
53.0,Food,2023-09,4904.03
54.0,Food,2023-09,2733.11
55.0,Food,2023-09,5166.96
56.0,Food,2023-09,4365.58
57.0,Food,2023-09,3469.45
58.0,Food,2023-09,5177.98
59.0,Food,2023-09,3335.1
60.0,Food,2023-09,4919.4
61.0,Food,2023-09,2568.56
62.0,Food,2023-09,4121.46
63.0,Food,2023-09,3268.54
64.0,Food,2023-09,5745.36
65.0,Food,2023-09,5330.25
66.0,Food,2023-09,3090.93
67.0,Food,2023-09,4136.62
68.0,Food,2023-09,3616.9
69.0,Food,2023-09,4135.52
70.0,Food,2023-09,4384.22
71.0,Food,2023-09,4368.74
72.0,Food,2023-09,4824.48
73.0,Food,2023-09,2875.98
74.0,Food,2023-09,3907.43
75.0,Food,2023-09,4553.95
76.0,Food,2023-09,3605.58
77.0,Food,2023-09,4905.83
78.0,Food,2023-09,4493.95
79.0,Food,2023-09,5212.79
80.0,Food,2023-09,5087.78
81.0,Food,2023-09,2963.17
82.0,Food,2023-09,3650.21
83.0,Food,2023-09,4628.68
84.0,Food,2023-09,5075.96
85.0,Food,2023-09,3649.82
86.0,Food,2023-09,4926.21
87.0,Food,2023-09,5197.85
88.0,Food,2023-09,4156.04
89.0,Food,2023-09,3029.14
90.0,Food,2023-09,4623.69
91.0,Food,2023-09,5181.57
92.0,Food,2023-09,3835.66
93.0,Food,2023-09,4486.09
94.0,Food,2023-09,3374.07
95.0,Food,2023-09,4709.39
96.0,Food,2023-09,4695.11
97.0,Food,2023-09,4634.45
98.0,Food,2023-09,2983.65
99.0,Food,2023-09,2836.19
100.0,Food,2023-09,3514.66
101.0,Food,2023-09,2724.82
102.0,Food,2023-09,4761.61
103.0,Food,2023-09,3028.24
104.0,Food,2023-09,3199.44
105.0,Food,2023-09,4679.68
106.0,Food,2023-09,4380.36
107.0,Food,2023-09,5063.2
108.0,Food,2023-09,3673.43
109.0,Food,2023-09,3757.32
110.0,Food,2023-09,4857.53
111.0,Food,2023-09,3324.18
112.0,Food,2023-09,4095.8
113.0,Food,2023-09,5180.06
114.0,Food,2023-09,4344.13
115.0,Food,2023-09,4425.24
116.0,Food,2023-09,3174.2
117.0,Food,2023-09,3919.8
118.0,Food,2023-09,2815.64
119.0,Food,2023-09,4928.98
120.0,Food,2023-09,4501.21
1.0,Food,2023-10,4254.83
2.0,Food,2023-10,2965.18
3.0,Food,2023-10,4971.38
4.0,Food,2023-10,4673.1
5.0,Food,2023-10,4546.51
6.0,Food,2023-10,3675.63
7.0,Food,2023-10,5157.17
8.0,Food,2023-10,3096.14
9.0,Food,2023-10,3660.25
10.0,Food,2023-10,2738.78
11.0,Food,2023-10,2730.83
12.0,Food,2023-10,5082.43
13.0,Food,2023-10,4683.14
14.0,Food,2023-10,3056.11
15.0,Food,2023-10,3773.0
16.0,Food,2023-10,5677.28
17.0,Food,2023-10,2922.53
18.0,Food,2023-10,5248.54
19.0,Food,2023-10,4744.21
20.0,Food,2023-10,3853.18
21.0,Food,2023-10,5093.01
22.0,Food,2023-10,3092.4
23.0,Food,2023-10,5571.16
24.0,Food,2023-10,2492.92
25.0,Food,2023-10,3748.29
26.0,Food,2023-10,3341.34
27.0,Food,2023-10,5037.24
28.0,Food,2023-10,4255.76
29.0,Food,2023-10,4456.03
30.0,Food,2023-10,2302.46
31.0,Food,2023-10,4983.02
32.0,Food,2023-10,4311.05
33.0,Food,2023-10,4742.65
34.0,Food,2023-10,5067.48
35.0,Food,2023-10,4560.75
36.0,Food,2023-10,4992.86
37.0,Food,2023-10,4393.89
38.0,Food,2023-10,4404.01
39.0,Food,2023-10,4467.94
40.0,Food,2023-10,4985.77
41.0,Food,2023-10,3522.47
42.0,Food,2023-10,4881.79
43.0,Food,2023-10,3637.8
44.0,Food,2023-10,2523.1
45.0,Food,2023-10,4776.85
46.0,Food,2023-10,5467.35
47.0,Food,2023-10,2533.13
48.0,Food,2023-10,3807.23
49.0,Food,2023-10,3037.77
50.0,Food,2023-10,2892.71
51.0,Food,2023-10,3880.13
52.0,Food,2023-10,2726.58
53.0,Food,2023-10,5617.68
54.0,Food,2023-10,2768.73
55.0,Food,2023-10,5354.25
56.0,Food,2023-10,4545.38
57.0,Food,2023-10,3979.55
58.0,Food,2023-10,4228.83
59.0,Food,2023-10,3462.21
60.0,Food,2023-10,5049.06
61.0,Food,2023-10,2890.56
62.0,Food,2023-10,4266.75
63.0,Food,2023-10,2963.36
64.0,Food,2023-10,5136.55
65.0,Food,2023-10,5254.79
66.0,Food,2023-10,2479.6
67.0,Food,2023-10,3667.02
68.0,Food,2023-10,3858.74
69.0,Food,2023-10,4208.99
70.0,Food,2023-10,3997.05
71.0,Food,2023-10,4458.99
72.0,Food,2023-10,4406.28
73.0,Food,2023-10,2674.35
74.0,Food,2023-10,4010.97
75.0,Food,2023-10,4453.61
76.0,Food,2023-10,3734.47
77.0,Food,2023-10,4946.51
78.0,Food,2023-10,3724.56
79.0,Food,2023-10,4969.97
80.0,Food,2023-10,5217.5
81.0,Food,2023-10,3251.02
82.0,Food,2023-10,3764.84
83.0,Food,2023-10,4951.0
84.0,Food,2023-10,4771.75
85.0,Food,2023-10,3749.1
86.0,Food,2023-10,4632.04
87.0,Food,2023-10,5266.52
88.0,Food,2023-10,4133.37
89.0,Food,2023-10,3338.58
90.0,Food,2023-10,4148.9
91.0,Food,2023-10,5426.3
92.0,Food,2023-10,3973.98
93.0,Food,2023-10,4999.73
94.0,Food,2023-10,3342.09
95.0,Food,2023-10,5366.81
96.0,Food,2023-10,5107.53
97.0,Food,2023-10,4195.1
98.0,Food,2023-10,3057.76
99.0,Food,2023-10,2669.79
100.0,Food,2023-10,3343.71
101.0,Food,2023-10,2699.39
102.0,Food,2023-10,4291.53
103.0,Food,2023-10,2866.11
104.0,Food,2023-10,3136.63
105.0,Food,2023-10,4849.53
106.0,Food,2023-10,4938.47
107.0,Food,2023-10,5063.73
108.0,Food,2023-10,3712.74
109.0,Food,2023-10,3689.82
110.0,Food,2023-10,5541.64
111.0,Food,2023-10,3469.32
112.0,Food,2023-10,4109.27
113.0,Food,2023-10,4858.27
114.0,Food,2023-10,3899.23
115.0,Food,2023-10,4717.6
116.0,Food,2023-10,3051.54
117.0,Food,2023-10,3586.54
118.0,Food,2023-10,2737.27
119.0,Food,2023-10,5549.5
120.0,Food,2023-10,4794.68
1.0,Food,2023-11,4122.73
2.0,Food,2023-11,2890.04
3.0,Food,2023-11,4673.07
4.0,Food,2023-11,5031.64
5.0,Food,2023-11,4437.25
6.0,Food,2023-11,3610.56
7.0,Food,2023-11,5603.07
8.0,Food,2023-11,3194.02
9.0,Food,2023-11,4118.49
10.0,Food,2023-11,2849.81
11.0,Food,2023-11,2440.51
12.0,Food,2023-11,5473.83
13.0,Food,2023-11,4892.91
14.0,Food,2023-11,3376.92
15.0,Food,2023-11,4064.69
16.0,Food,2023-11,5421.25
17.0,Food,2023-11,2574.91
18.0,Food,2023-11,5590.83
19.0,Food,2023-11,5014.26
20.0,Food,2023-11,4017.17
21.0,Food,2023-11,5837.9
22.0,Food,2023-11,3477.69
23.0,Food,2023-11,5189.6
24.0,Food,2023-11,2564.92
25.0,Food,2023-11,3813.41
26.0,Food,2023-11,3521.97
27.0,Food,2023-11,5284.57
28.0,Food,2023-11,5045.02
29.0,Food,2023-11,4522.64
30.0,Food,2023-11,2553.41
31.0,Food,2023-11,5255.88
32.0,Food,2023-11,5339.03
33.0,Food,2023-11,5153.77
34.0,Food,2023-11,4744.96
35.0,Food,2023-11,4498.13
36.0,Food,2023-11,5401.6
37.0,Food,2023-11,4791.42
38.0,Food,2023-11,4094.27
39.0,Food,2023-11,4437.59
40.0,Food,2023-11,5247.39
41.0,Food,2023-11,3860.34
42.0,Food,2023-11,5362.19
43.0,Food,2023-11,3933.27
44.0,Food,2023-11,2814.41
45.0,Food,2023-11,5083.97
46.0,Food,2023-11,5156.52
47.0,Food,2023-11,2804.52
48.0,Food,2023-11,3698.99
49.0,Food,2023-11,3797.75
50.0,Food,2023-11,2997.37
51.0,Food,2023-11,4167.27
52.0,Food,2023-11,3099.49
53.0,Food,2023-11,5289.38
54.0,Food,2023-11,2889.32
55.0,Food,2023-11,5185.17
56.0,Food,2023-11,4796.9
57.0,Food,2023-11,4064.27
58.0,Food,2023-11,4324.69
59.0,Food,2023-11,3249.96
60.0,Food,2023-11,4808.79
61.0,Food,2023-11,3155.39
62.0,Food,2023-11,5228.62
63.0,Food,2023-11,3011.71
64.0,Food,2023-11,5137.91
65.0,Food,2023-11,5584.7
66.0,Food,2023-11,2947.99
67.0,Food,2023-11,4246.76
68.0,Food,2023-11,3748.78
69.0,Food,2023-11,4218.56
70.0,Food,2023-11,4575.77
71.0,Food,2023-11,4575.96
72.0,Food,2023-11,4435.85
73.0,Food,2023-11,2784.64
74.0,Food,2023-11,3890.9
75.0,Food,2023-11,4585.88
76.0,Food,2023-11,3709.85
77.0,Food,2023-11,5143.17
78.0,Food,2023-11,4038.43
79.0,Food,2023-11,4601.23
80.0,Food,2023-11,5345.88
81.0,Food,2023-11,3278.33
82.0,Food,2023-11,3529.16
83.0,Food,2023-11,4730.02
84.0,Food,2023-11,4859.88
85.0,Food,2023-11,3502.5
86.0,Food,2023-11,4859.95
87.0,Food,2023-11,4894.85
88.0,Food,2023-11,4417.77
89.0,Food,2023-11,2837.66
90.0,Food,2023-11,4269.81
91.0,Food,2023-11,5203.37
92.0,Food,2023-11,4063.35
93.0,Food,2023-11,4965.16
94.0,Food,2023-11,3630.94
95.0,Food,2023-11,5177.56
96.0,Food,2023-11,4711.05
97.0,Food,2023-11,4260.97
98.0,Food,2023-11,3218.83
99.0,Food,2023-11,2652.72
100.0,Food,2023-11,3507.19
101.0,Food,2023-11,2765.01
102.0,Food,2023-11,5022.53
103.0,Food,2023-11,3141.8
104.0,Food,2023-11,3158.15
105.0,Food,2023-11,4922.97
106.0,Food,2023-11,5064.5
107.0,Food,2023-11,4575.42
108.0,Food,2023-11,4331.5
109.0,Food,2023-11,3703.61
110.0,Food,2023-11,4983.56
111.0,Food,2023-11,3495.17
112.0,Food,2023-11,3932.96
113.0,Food,2023-11,5463.2
114.0,Food,2023-11,4465.85
115.0,Food,2023-11,5136.53
116.0,Food,2023-11,3298.23
117.0,Food,2023-11,3734.46
118.0,Food,2023-11,3019.78
119.0,Food,2023-11,4784.85
120.0,Food,2023-11,4258.18
1.0,Food,2023-12,4393.32
2.0,Food,2023-12,3363.89
3.0,Food,2023-12,5582.69
4.0,Food,2023-12,5489.25
5.0,Food,2023-12,5091.18
6.0,Food,2023-12,3702.6
7.0,Food,2023-12,5615.96
8.0,Food,2023-12,3430.49
9.0,Food,2023-12,4203.5
10.0,Food,2023-12,3048.2
11.0,Food,2023-12,2688.78
12.0,Food,2023-12,5713.12
13.0,Food,2023-12,5568.37
14.0,Food,2023-12,3219.28
15.0,Food,2023-12,4104.28
16.0,Food,2023-12,5974.16
17.0,Food,2023-12,2998.28
18.0,Food,2023-12,5452.13
19.0,Food,2023-12,5059.98
20.0,Food,2023-12,4105.53
21.0,Food,2023-12,6420.26
22.0,Food,2023-12,3467.29
23.0,Food,2023-12,6261.0
24.0,Food,2023-12,2659.83
25.0,Food,2023-12,3613.93
26.0,Food,2023-12,4016.03
27.0,Food,2023-12,5650.69
28.0,Food,2023-12,5279.51
29.0,Food,2023-12,4535.83
30.0,Food,2023-12,2746.46
31.0,Food,2023-12,5620.57
32.0,Food,2023-12,5191.39
33.0,Food,2023-12,5787.59
34.0,Food,2023-12,4870.52
35.0,Food,2023-12,5472.85
36.0,Food,2023-12,5675.27
37.0,Food,2023-12,4627.88
38.0,Food,2023-12,4373.21
39.0,Food,2023-12,4809.76
40.0,Food,2023-12,5684.95
41.0,Food,2023-12,3560.66
42.0,Food,2023-12,4814.9
43.0,Food,2023-12,4110.71
44.0,Food,2023-12,2771.69
45.0,Food,2023-12,5128.89
46.0,Food,2023-12,5506.77
47.0,Food,2023-12,2695.27
48.0,Food,2023-12,3997.14
49.0,Food,2023-12,3625.11
50.0,Food,2023-12,3350.09
51.0,Food,2023-12,4553.36
52.0,Food,2023-12,3162.86
53.0,Food,2023-12,5706.34
54.0,Food,2023-12,3098.07
55.0,Food,2023-12,5256.14
56.0,Food,2023-12,5170.99
57.0,Food,2023-12,3795.68
58.0,Food,2023-12,4716.23
59.0,Food,2023-12,3657.32
60.0,Food,2023-12,5716.86
61.0,Food,2023-12,2963.62
62.0,Food,2023-12,4975.16
63.0,Food,2023-12,3369.84
64.0,Food,2023-12,5823.92
65.0,Food,2023-12,5643.85
66.0,Food,2023-12,3013.99
67.0,Food,2023-12,4679.19
68.0,Food,2023-12,3995.88
69.0,Food,2023-12,4933.79
70.0,Food,2023-12,5446.5
71.0,Food,2023-12,5158.78
72.0,Food,2023-12,4605.76
73.0,Food,2023-12,3220.57
74.0,Food,2023-12,4557.62
75.0,Food,2023-12,5098.07
76.0,Food,2023-12,3660.24
77.0,Food,2023-12,5664.91
78.0,Food,2023-12,4887.37
79.0,Food,2023-12,5322.34
80.0,Food,2023-12,5617.78
81.0,Food,2023-12,3580.49
82.0,Food,2023-12,4275.0
83.0,Food,2023-12,5177.59
84.0,Food,2023-12,5641.4
85.0,Food,2023-12,3613.51
86.0,Food,2023-12,5374.4
87.0,Food,2023-12,5294.79
88.0,Food,2023-12,4425.69
89.0,Food,2023-12,3268.68
90.0,Food,2023-12,4884.2
91.0,Food,2023-12,5833.84
92.0,Food,2023-12,4820.71
93.0,Food,2023-12,4523.49
94.0,Food,2023-12,3765.88
95.0,Food,2023-12,5553.81
96.0,Food,2023-12,4688.16
97.0,Food,2023-12,4952.58
98.0,Food,2023-12,3117.78
99.0,Food,2023-12,3230.81
100.0,Food,2023-12,4210.62
101.0,Food,2023-12,3158.0
102.0,Food,2023-12,4926.05
103.0,Food,2023-12,2979.02
104.0,Food,2023-12,3277.72
105.0,Food,2023-12,5086.75
106.0,Food,2023-12,5777.0
107.0,Food,2023-12,5562.15
108.0,Food,2023-12,4722.37
109.0,Food,2023-12,4154.77
110.0,Food,2023-12,5484.19
111.0,Food,2023-12,3550.47
112.0,Food,2023-12,4216.36
113.0,Food,2023-12,5625.82
114.0,Food,2023-12,4563.69
115.0,Food,2023-12,4756.7
116.0,Food,2023-12,3212.42
117.0,Food,2023-12,3580.42
118.0,Food,2023-12,3029.93
119.0,Food,2023-12,5870.33
120.0,Food,2023-12,4754.6
1.0,Food,2024-01,4927.32
2.0,Food,2024-01,3454.37
3.0,Food,2024-01,6340.01
4.0,Food,2024-01,6181.58
5.0,Food,2024-01,5127.21
6.0,Food,2024-01,4069.33
7.0,Food,2024-01,6512.26
8.0,Food,2024-01,3707.83
9.0,Food,2024-01,4898.57
10.0,Food,2024-01,3409.86
11.0,Food,2024-01,2914.89
12.0,Food,2024-01,5752.52
13.0,Food,2024-01,5609.91
14.0,Food,2024-01,3776.6
15.0,Food,2024-01,4728.78
16.0,Food,2024-01,6897.26
17.0,Food,2024-01,3107.46
18.0,Food,2024-01,5978.39
19.0,Food,2024-01,5414.19
20.0,Food,2024-01,4247.25
21.0,Food,2024-01,6125.47
22.0,Food,2024-01,4019.79
23.0,Food,2024-01,6438.93
24.0,Food,2024-01,2965.01
25.0,Food,2024-01,4519.83
26.0,Food,2024-01,3855.4
27.0,Food,2024-01,5641.81
28.0,Food,2024-01,5794.72
29.0,Food,2024-01,5592.95
30.0,Food,2024-01,3064.88
31.0,Food,2024-01,5994.92
32.0,Food,2024-01,5297.23
33.0,Food,2024-01,6472.81
34.0,Food,2024-01,5678.45
35.0,Food,2024-01,5482.98
36.0,Food,2024-01,6548.13
37.0,Food,2024-01,5511.04
38.0,Food,2024-01,5101.95
39.0,Food,2024-01,5486.3
40.0,Food,2024-01,6344.48
41.0,Food,2024-01,4403.59
42.0,Food,2024-01,6256.61
43.0,Food,2024-01,4440.32
44.0,Food,2024-01,3137.56
45.0,Food,2024-01,5068.9
46.0,Food,2024-01,5901.67
47.0,Food,2024-01,3210.62
48.0,Food,2024-01,4281.35
49.0,Food,2024-01,4087.8
50.0,Food,2024-01,3268.33
51.0,Food,2024-01,4857.53
52.0,Food,2024-01,3820.49
53.0,Food,2024-01,7078.98
54.0,Food,2024-01,3547.69
55.0,Food,2024-01,6207.72
56.0,Food,2024-01,5036.76
57.0,Food,2024-01,4326.65
58.0,Food,2024-01,5312.61
59.0,Food,2024-01,4297.01
60.0,Food,2024-01,5285.56
61.0,Food,2024-01,3084.57
62.0,Food,2024-01,5771.23
63.0,Food,2024-01,3378.13
64.0,Food,2024-01,6100.52
65.0,Food,2024-01,6736.83
66.0,Food,2024-01,3314.33
67.0,Food,2024-01,4696.75
68.0,Food,2024-01,4496.62
69.0,Food,2024-01,5070.04
70.0,Food,2024-01,5498.03
71.0,Food,2024-01,5070.64
72.0,Food,2024-01,5484.11
73.0,Food,2024-01,3480.71
74.0,Food,2024-01,4416.09
75.0,Food,2024-01,5150.45
76.0,Food,2024-01,3759.43
77.0,Food,2024-01,5630.57
78.0,Food,2024-01,4765.16
79.0,Food,2024-01,5612.08
80.0,Food,2024-01,5966.61
81.0,Food,2024-01,3666.13
82.0,Food,2024-01,4628.03
83.0,Food,2024-01,5828.62
84.0,Food,2024-01,6125.99
85.0,Food,2024-01,3684.55
86.0,Food,2024-01,5876.45
87.0,Food,2024-01,6413.38
88.0,Food,2024-01,5186.3
89.0,Food,2024-01,3426.7
90.0,Food,2024-01,5313.0
91.0,Food,2024-01,6206.21
92.0,Food,2024-01,4545.44
93.0,Food,2024-01,5422.59
94.0,Food,2024-01,3802.21
95.0,Food,2024-01,6054.75
96.0,Food,2024-01,5726.38
97.0,Food,2024-01,5100.85
98.0,Food,2024-01,3468.84
99.0,Food,2024-01,3468.29
100.0,Food,2024-01,3939.28
101.0,Food,2024-01,3204.81
102.0,Food,2024-01,4996.38
103.0,Food,2024-01,3830.61
104.0,Food,2024-01,3671.89
105.0,Food,2024-01,5190.93
106.0,Food,2024-01,5376.86
107.0,Food,2024-01,5425.07
108.0,Food,2024-01,4524.34
109.0,Food,2024-01,4263.53
110.0,Food,2024-01,6011.99
111.0,Food,2024-01,3856.21
112.0,Food,2024-01,4855.37
113.0,Food,2024-01,5738.94
114.0,Food,2024-01,5247.4
115.0,Food,2024-01,5794.61
116.0,Food,2024-01,3511.42
117.0,Food,2024-01,4109.84
118.0,Food,2024-01,3293.89
119.0,Food,2024-01,6252.8
120.0,Food,2024-01,5091.95
1.0,Food,2024-02,4783.09
2.0,Food,2024-02,3980.23
3.0,Food,2024-02,6487.08
4.0,Food,2024-02,6489.18
5.0,Food,2024-02,5278.42
6.0,Food,2024-02,4105.65
7.0,Food,2024-02,6365.73
8.0,Food,2024-02,4294.16
9.0,Food,2024-02,4920.58
10.0,Food,2024-02,3563.82
11.0,Food,2024-02,3349.14
12.0,Food,2024-02,6664.69
13.0,Food,2024-02,6639.3
14.0,Food,2024-02,3762.07
15.0,Food,2024-02,4611.45
16.0,Food,2024-02,7167.98
17.0,Food,2024-02,3398.23
18.0,Food,2024-02,6546.62
19.0,Food,2024-02,5949.13
20.0,Food,2024-02,4388.97
21.0,Food,2024-02,6674.79
22.0,Food,2024-02,4065.57
23.0,Food,2024-02,7066.97
24.0,Food,2024-02,3000.26
25.0,Food,2024-02,4741.07
26.0,Food,2024-02,4146.14
27.0,Food,2024-02,7006.29
28.0,Food,2024-02,6331.1
29.0,Food,2024-02,6076.24
30.0,Food,2024-02,3164.58
31.0,Food,2024-02,6614.33
32.0,Food,2024-02,6349.9
33.0,Food,2024-02,6272.29
34.0,Food,2024-02,6029.82
35.0,Food,2024-02,5986.87
36.0,Food,2024-02,6236.24
37.0,Food,2024-02,5772.12
38.0,Food,2024-02,5282.55
39.0,Food,2024-02,5535.07
40.0,Food,2024-02,6683.48
41.0,Food,2024-02,4429.55
42.0,Food,2024-02,6588.46
43.0,Food,2024-02,4650.72
44.0,Food,2024-02,3296.65
45.0,Food,2024-02,5620.92
46.0,Food,2024-02,6827.04
47.0,Food,2024-02,3286.78
48.0,Food,2024-02,4854.76
49.0,Food,2024-02,4091.58
50.0,Food,2024-02,3512.67
51.0,Food,2024-02,5428.69
52.0,Food,2024-02,3789.47
53.0,Food,2024-02,6852.19
54.0,Food,2024-02,3827.98
55.0,Food,2024-02,6579.86
56.0,Food,2024-02,6282.16
57.0,Food,2024-02,4485.89
58.0,Food,2024-02,5275.87
59.0,Food,2024-02,4470.41
60.0,Food,2024-02,6440.07
61.0,Food,2024-02,3457.09
62.0,Food,2024-02,5922.94
63.0,Food,2024-02,3998.8
64.0,Food,2024-02,7203.84
65.0,Food,2024-02,6723.71
66.0,Food,2024-02,3475.25
67.0,Food,2024-02,5397.17
68.0,Food,2024-02,4831.48
69.0,Food,2024-02,5195.38
70.0,Food,2024-02,6241.86
71.0,Food,2024-02,5788.75
72.0,Food,2024-02,6112.11
73.0,Food,2024-02,3641.89
74.0,Food,2024-02,5062.75
75.0,Food,2024-02,5524.24
76.0,Food,2024-02,4565.33
77.0,Food,2024-02,6059.33
78.0,Food,2024-02,4928.35
79.0,Food,2024-02,6297.18
80.0,Food,2024-02,6662.68
81.0,Food,2024-02,3710.06
82.0,Food,2024-02,4443.19
83.0,Food,2024-02,5899.82
84.0,Food,2024-02,6503.44
85.0,Food,2024-02,4270.84
86.0,Food,2024-02,6087.37
87.0,Food,2024-02,6289.55
88.0,Food,2024-02,5624.72
89.0,Food,2024-02,3975.69
90.0,Food,2024-02,5421.17
91.0,Food,2024-02,6770.23
92.0,Food,2024-02,5178.36
93.0,Food,2024-02,5733.74
94.0,Food,2024-02,4259.18
95.0,Food,2024-02,6664.93
96.0,Food,2024-02,6114.5
97.0,Food,2024-02,5270.06
98.0,Food,2024-02,3958.12
99.0,Food,2024-02,3710.89
100.0,Food,2024-02,4374.93
101.0,Food,2024-02,3668.44
102.0,Food,2024-02,5733.79
103.0,Food,2024-02,3847.26
104.0,Food,2024-02,3690.42
105.0,Food,2024-02,5516.25
106.0,Food,2024-02,6623.31
107.0,Food,2024-02,6858.33
108.0,Food,2024-02,4949.32
109.0,Food,2024-02,4682.53
110.0,Food,2024-02,5999.45
111.0,Food,2024-02,3846.56
112.0,Food,2024-02,5641.79
113.0,Food,2024-02,6526.3
114.0,Food,2024-02,5386.23
115.0,Food,2024-02,5596.22
116.0,Food,2024-02,3690.27
117.0,Food,2024-02,4523.17
118.0,Food,2024-02,3531.54
119.0,Food,2024-02,6887.05
120.0,Food,2024-02,5634.73
1.0,Food,2024-03,5098.85
2.0,Food,2024-03,3962.29
3.0,Food,2024-03,6138.28
4.0,Food,2024-03,7138.61
5.0,Food,2024-03,6154.96
6.0,Food,2024-03,5010.18
7.0,Food,2024-03,7543.25
8.0,Food,2024-03,4557.17
9.0,Food,2024-03,5232.31
10.0,Food,2024-03,3855.39
11.0,Food,2024-03,3376.31
12.0,Food,2024-03,6617.33
13.0,Food,2024-03,6428.44
14.0,Food,2024-03,4296.72
15.0,Food,2024-03,5178.54
16.0,Food,2024-03,7183.84
17.0,Food,2024-03,3962.33
18.0,Food,2024-03,6595.61
19.0,Food,2024-03,6014.15
20.0,Food,2024-03,4624.03
21.0,Food,2024-03,7615.36
22.0,Food,2024-03,4381.09
23.0,Food,2024-03,6926.27
24.0,Food,2024-03,3317.36
25.0,Food,2024-03,5050.33
26.0,Food,2024-03,4530.94
27.0,Food,2024-03,6952.21
28.0,Food,2024-03,6462.3
29.0,Food,2024-03,5495.04
30.0,Food,2024-03,3474.86
31.0,Food,2024-03,7041.23
32.0,Food,2024-03,6861.27
33.0,Food,2024-03,6829.67
34.0,Food,2024-03,6415.33
35.0,Food,2024-03,6563.74
36.0,Food,2024-03,7158.65
37.0,Food,2024-03,6141.01
38.0,Food,2024-03,5774.94
39.0,Food,2024-03,5791.27
40.0,Food,2024-03,6825.72
41.0,Food,2024-03,4895.23
42.0,Food,2024-03,6498.67
43.0,Food,2024-03,4716.1
44.0,Food,2024-03,3703.32
45.0,Food,2024-03,6477.9
46.0,Food,2024-03,6729.29
47.0,Food,2024-03,3408.96
48.0,Food,2024-03,4708.59
49.0,Food,2024-03,4531.34
50.0,Food,2024-03,4033.57
51.0,Food,2024-03,5552.71
52.0,Food,2024-03,3854.85
53.0,Food,2024-03,6999.15
54.0,Food,2024-03,3813.57
55.0,Food,2024-03,6469.69
56.0,Food,2024-03,6235.85
57.0,Food,2024-03,4989.34
58.0,Food,2024-03,6011.36
59.0,Food,2024-03,4735.15
60.0,Food,2024-03,6616.75
61.0,Food,2024-03,3708.53
62.0,Food,2024-03,5931.52
63.0,Food,2024-03,3848.09
64.0,Food,2024-03,6903.27
65.0,Food,2024-03,7310.38
66.0,Food,2024-03,3741.12
67.0,Food,2024-03,5318.35
68.0,Food,2024-03,5088.34
69.0,Food,2024-03,5551.23
70.0,Food,2024-03,6217.95
71.0,Food,2024-03,5896.84
72.0,Food,2024-03,6391.01
73.0,Food,2024-03,3974.59
74.0,Food,2024-03,5487.56
75.0,Food,2024-03,5823.12
76.0,Food,2024-03,4747.66
77.0,Food,2024-03,5914.44
78.0,Food,2024-03,5557.38
79.0,Food,2024-03,6315.67
80.0,Food,2024-03,6629.87
81.0,Food,2024-03,4171.9
82.0,Food,2024-03,5223.57
83.0,Food,2024-03,6237.8
84.0,Food,2024-03,7089.69
85.0,Food,2024-03,4670.63
86.0,Food,2024-03,5903.57
87.0,Food,2024-03,6719.53
88.0,Food,2024-03,5425.08
89.0,Food,2024-03,3923.53
90.0,Food,2024-03,5891.31
91.0,Food,2024-03,6918.52
92.0,Food,2024-03,5488.0
93.0,Food,2024-03,6239.71
94.0,Food,2024-03,4667.2
95.0,Food,2024-03,6018.88
96.0,Food,2024-03,6386.22
97.0,Food,2024-03,6186.7
98.0,Food,2024-03,3527.81
99.0,Food,2024-03,4031.01
100.0,Food,2024-03,4584.37
101.0,Food,2024-03,3744.36
102.0,Food,2024-03,5852.84
103.0,Food,2024-03,3633.38
104.0,Food,2024-03,3911.09
105.0,Food,2024-03,6219.75
106.0,Food,2024-03,6567.43
107.0,Food,2024-03,6488.51
108.0,Food,2024-03,5062.35
109.0,Food,2024-03,5112.37
110.0,Food,2024-03,7006.44
111.0,Food,2024-03,4235.19
112.0,Food,2024-03,5596.25
113.0,Food,2024-03,6621.0
114.0,Food,2024-03,5942.65
115.0,Food,2024-03,5818.12
116.0,Food,2024-03,3889.46
117.0,Food,2024-03,4865.16
118.0,Food,2024-03,3864.35
119.0,Food,2024-03,6281.72
120.0,Food,2024-03,6021.31
1.0,Food,2024-04,5480.49
2.0,Food,2024-04,4461.28
3.0,Food,2024-04,6558.49
4.0,Food,2024-04,6507.23
5.0,Food,2024-04,6022.21
6.0,Food,2024-04,4665.21
7.0,Food,2024-04,7532.74
8.0,Food,2024-04,4347.54
9.0,Food,2024-04,5020.33
10.0,Food,2024-04,3831.17
11.0,Food,2024-04,3662.12
12.0,Food,2024-04,6614.54
13.0,Food,2024-04,5962.68
14.0,Food,2024-04,4291.13
15.0,Food,2024-04,5671.53
16.0,Food,2024-04,7153.8
17.0,Food,2024-04,3482.87
18.0,Food,2024-04,6896.54
19.0,Food,2024-04,6891.34
20.0,Food,2024-04,4994.09
21.0,Food,2024-04,7561.01
22.0,Food,2024-04,4512.3
23.0,Food,2024-04,7523.24
24.0,Food,2024-04,3419.34
25.0,Food,2024-04,5841.41
26.0,Food,2024-04,4935.98
27.0,Food,2024-04,7221.71
28.0,Food,2024-04,6533.16
29.0,Food,2024-04,5778.94
30.0,Food,2024-04,3745.04
31.0,Food,2024-04,7198.71
32.0,Food,2024-04,6734.76
33.0,Food,2024-04,7048.96
34.0,Food,2024-04,6499.48
35.0,Food,2024-04,6090.2
36.0,Food,2024-04,7461.52
37.0,Food,2024-04,5982.6
38.0,Food,2024-04,5687.22
39.0,Food,2024-04,6046.61
40.0,Food,2024-04,6972.01
41.0,Food,2024-04,4882.77
42.0,Food,2024-04,6915.59
43.0,Food,2024-04,4849.45
44.0,Food,2024-04,3967.88
45.0,Food,2024-04,6263.84
46.0,Food,2024-04,7264.24
47.0,Food,2024-04,3854.83
48.0,Food,2024-04,4832.95
49.0,Food,2024-04,4309.99
50.0,Food,2024-04,4209.02
51.0,Food,2024-04,5344.31
52.0,Food,2024-04,3887.15
53.0,Food,2024-04,6598.05
54.0,Food,2024-04,4096.29
55.0,Food,2024-04,7003.89
56.0,Food,2024-04,6180.65
57.0,Food,2024-04,5073.48
58.0,Food,2024-04,6554.53
59.0,Food,2024-04,4620.52
60.0,Food,2024-04,6089.14
61.0,Food,2024-04,3880.56
62.0,Food,2024-04,6067.33
63.0,Food,2024-04,3931.84
64.0,Food,2024-04,6856.59
65.0,Food,2024-04,7708.68
66.0,Food,2024-04,3821.7
67.0,Food,2024-04,5662.61
68.0,Food,2024-04,5417.5
69.0,Food,2024-04,6047.19
70.0,Food,2024-04,6381.78
71.0,Food,2024-04,6247.12
72.0,Food,2024-04,6391.07
73.0,Food,2024-04,3804.2
74.0,Food,2024-04,5024.11
75.0,Food,2024-04,6732.53
76.0,Food,2024-04,4730.9
77.0,Food,2024-04,6308.16
78.0,Food,2024-04,5509.21
79.0,Food,2024-04,6395.82
80.0,Food,2024-04,6694.17
81.0,Food,2024-04,4413.55
82.0,Food,2024-04,5021.44
83.0,Food,2024-04,6680.54
84.0,Food,2024-04,6657.2
85.0,Food,2024-04,5097.97
86.0,Food,2024-04,6289.92
87.0,Food,2024-04,6784.73
88.0,Food,2024-04,5668.4
89.0,Food,2024-04,4273.84
90.0,Food,2024-04,5596.28
91.0,Food,2024-04,7096.43
92.0,Food,2024-04,5339.99
93.0,Food,2024-04,6002.15
94.0,Food,2024-04,4751.44
95.0,Food,2024-04,6302.25
96.0,Food,2024-04,6366.26
97.0,Food,2024-04,6420.44
98.0,Food,2024-04,3840.95
99.0,Food,2024-04,3854.11
100.0,Food,2024-04,4705.48
101.0,Food,2024-04,3762.09
102.0,Food,2024-04,6182.27
103.0,Food,2024-04,3874.05
104.0,Food,2024-04,4149.01
105.0,Food,2024-04,6187.79
106.0,Food,2024-04,6825.82
107.0,Food,2024-04,6678.1
108.0,Food,2024-04,5038.06
109.0,Food,2024-04,5140.92
110.0,Food,2024-04,6962.84
111.0,Food,2024-04,4519.65
112.0,Food,2024-04,5764.95
113.0,Food,2024-04,7052.74
114.0,Food,2024-04,6002.88
115.0,Food,2024-04,6232.88
116.0,Food,2024-04,3870.34
117.0,Food,2024-04,4845.54
118.0,Food,2024-04,4110.41
119.0,Food,2024-04,6627.66
120.0,Food,2024-04,6238.49
1.0,Food,2024-05,5289.54
2.0,Food,2024-05,4044.95
3.0,Food,2024-05,6955.33
4.0,Food,2024-05,6875.96
5.0,Food,2024-05,5542.88
6.0,Food,2024-05,4603.55
7.0,Food,2024-05,7383.93
8.0,Food,2024-05,4287.81
9.0,Food,2024-05,5271.96
10.0,Food,2024-05,3831.29
11.0,Food,2024-05,3405.89
12.0,Food,2024-05,6446.34
13.0,Food,2024-05,6540.13
14.0,Food,2024-05,3949.14
15.0,Food,2024-05,5007.97
16.0,Food,2024-05,6692.44
17.0,Food,2024-05,3704.29
18.0,Food,2024-05,6912.38
19.0,Food,2024-05,5892.89
20.0,Food,2024-05,4914.62
21.0,Food,2024-05,7572.14
22.0,Food,2024-05,4702.62
23.0,Food,2024-05,6864.75
24.0,Food,2024-05,3384.89
25.0,Food,2024-05,4602.79
26.0,Food,2024-05,4442.34
27.0,Food,2024-05,7296.64
28.0,Food,2024-05,6171.61
29.0,Food,2024-05,5882.86
30.0,Food,2024-05,3594.74
31.0,Food,2024-05,6629.5
32.0,Food,2024-05,6544.9
33.0,Food,2024-05,6643.09
34.0,Food,2024-05,6496.86
35.0,Food,2024-05,6433.06
36.0,Food,2024-05,7758.92
37.0,Food,2024-05,5647.25
38.0,Food,2024-05,5320.92
39.0,Food,2024-05,5727.98
40.0,Food,2024-05,7093.35
41.0,Food,2024-05,5137.34
42.0,Food,2024-05,6702.92
43.0,Food,2024-05,5166.9
44.0,Food,2024-05,3491.39
45.0,Food,2024-05,6276.3
46.0,Food,2024-05,6901.0
47.0,Food,2024-05,3327.78
48.0,Food,2024-05,5142.3
49.0,Food,2024-05,4579.41
50.0,Food,2024-05,3740.31
51.0,Food,2024-05,5972.39
52.0,Food,2024-05,4207.59
53.0,Food,2024-05,7579.94
54.0,Food,2024-05,3964.98
55.0,Food,2024-05,7109.88
56.0,Food,2024-05,6385.21
57.0,Food,2024-05,5078.33
58.0,Food,2024-05,6098.31
59.0,Food,2024-05,4646.47
60.0,Food,2024-05,7208.9
61.0,Food,2024-05,3701.39
62.0,Food,2024-05,5907.52
63.0,Food,2024-05,3902.46
64.0,Food,2024-05,6545.62
65.0,Food,2024-05,7496.77
66.0,Food,2024-05,3655.69
67.0,Food,2024-05,4909.21
68.0,Food,2024-05,5302.08
69.0,Food,2024-05,6081.99
70.0,Food,2024-05,6545.04
71.0,Food,2024-05,6111.88
72.0,Food,2024-05,6312.85
73.0,Food,2024-05,3911.37
74.0,Food,2024-05,5191.21
75.0,Food,2024-05,6312.35
76.0,Food,2024-05,4575.33
77.0,Food,2024-05,6326.8
78.0,Food,2024-05,5352.24
79.0,Food,2024-05,6035.76
80.0,Food,2024-05,7311.57
81.0,Food,2024-05,4471.55
82.0,Food,2024-05,5077.1
83.0,Food,2024-05,6211.69
84.0,Food,2024-05,7189.1
85.0,Food,2024-05,4891.01
86.0,Food,2024-05,6706.64
87.0,Food,2024-05,6491.29
88.0,Food,2024-05,5610.85
89.0,Food,2024-05,4120.97
90.0,Food,2024-05,6109.43
91.0,Food,2024-05,7128.15
92.0,Food,2024-05,5673.37
93.0,Food,2024-05,5926.33
94.0,Food,2024-05,4676.49
95.0,Food,2024-05,6338.05
96.0,Food,2024-05,6467.25
97.0,Food,2024-05,6395.62
98.0,Food,2024-05,4140.67
99.0,Food,2024-05,3733.74
100.0,Food,2024-05,4623.41
101.0,Food,2024-05,3904.56
102.0,Food,2024-05,6006.15
103.0,Food,2024-05,4073.8
104.0,Food,2024-05,4116.94
105.0,Food,2024-05,6488.93
106.0,Food,2024-05,7076.23
107.0,Food,2024-05,6410.61
108.0,Food,2024-05,5529.82
109.0,Food,2024-05,5077.11
110.0,Food,2024-05,7124.33
111.0,Food,2024-05,4447.72
112.0,Food,2024-05,5362.97
113.0,Food,2024-05,6716.33
114.0,Food,2024-05,6376.07
115.0,Food,2024-05,6256.03
116.0,Food,2024-05,4015.49
117.0,Food,2024-05,4658.49
118.0,Food,2024-05,4151.96
119.0,Food,2024-05,7200.44
120.0,Food,2024-05,5971.46
1.0,Food,2024-06,5354.8
2.0,Food,2024-06,3971.19
3.0,Food,2024-06,6175.88
4.0,Food,2024-06,6439.35
5.0,Food,2024-06,5492.35
6.0,Food,2024-06,4530.51
7.0,Food,2024-06,7308.79
8.0,Food,2024-06,4368.83
9.0,Food,2024-06,4607.21
10.0,Food,2024-06,3408.6
11.0,Food,2024-06,3426.22
12.0,Food,2024-06,6247.83
13.0,Food,2024-06,6191.73
14.0,Food,2024-06,4262.18
15.0,Food,2024-06,4878.53
16.0,Food,2024-06,6828.53
17.0,Food,2024-06,3618.03
18.0,Food,2024-06,7018.13
19.0,Food,2024-06,6105.2
20.0,Food,2024-06,4912.92
21.0,Food,2024-06,7233.61
22.0,Food,2024-06,4545.93
23.0,Food,2024-06,7158.31
24.0,Food,2024-06,3251.71
25.0,Food,2024-06,5173.85
26.0,Food,2024-06,4047.66
27.0,Food,2024-06,6484.6
28.0,Food,2024-06,5944.56
29.0,Food,2024-06,5454.27
30.0,Food,2024-06,3389.16
31.0,Food,2024-06,6549.06
32.0,Food,2024-06,6337.57
33.0,Food,2024-06,6937.79
34.0,Food,2024-06,6475.63
35.0,Food,2024-06,5848.91
36.0,Food,2024-06,6770.76
37.0,Food,2024-06,5939.02
38.0,Food,2024-06,5080.38
39.0,Food,2024-06,6226.67
40.0,Food,2024-06,7032.98
41.0,Food,2024-06,4489.48
42.0,Food,2024-06,6777.51
43.0,Food,2024-06,4848.92
44.0,Food,2024-06,3281.44
45.0,Food,2024-06,6224.53
46.0,Food,2024-06,6181.69
47.0,Food,2024-06,3294.32
48.0,Food,2024-06,4751.36
49.0,Food,2024-06,4224.5
50.0,Food,2024-06,4013.41
51.0,Food,2024-06,5262.53
52.0,Food,2024-06,3783.57
53.0,Food,2024-06,6454.09
54.0,Food,2024-06,3797.13
55.0,Food,2024-06,6913.32
56.0,Food,2024-06,6464.01
57.0,Food,2024-06,4787.63
58.0,Food,2024-06,5742.07
59.0,Food,2024-06,4618.86
60.0,Food,2024-06,6165.4
61.0,Food,2024-06,3886.97
62.0,Food,2024-06,5240.96
63.0,Food,2024-06,4013.8
64.0,Food,2024-06,6879.63
65.0,Food,2024-06,6483.23
66.0,Food,2024-06,3445.14
67.0,Food,2024-06,5722.38
68.0,Food,2024-06,5049.81
69.0,Food,2024-06,5816.84
70.0,Food,2024-06,5904.8
71.0,Food,2024-06,5934.1
72.0,Food,2024-06,6341.27
73.0,Food,2024-06,4087.54
74.0,Food,2024-06,5307.61
75.0,Food,2024-06,6035.91
76.0,Food,2024-06,4600.13
77.0,Food,2024-06,6399.22
78.0,Food,2024-06,5057.35
79.0,Food,2024-06,6657.98
80.0,Food,2024-06,6879.84
81.0,Food,2024-06,3920.22
82.0,Food,2024-06,4687.89
83.0,Food,2024-06,6070.22
84.0,Food,2024-06,6195.61
85.0,Food,2024-06,4658.59
86.0,Food,2024-06,5403.33
87.0,Food,2024-06,6893.14
88.0,Food,2024-06,6115.47
89.0,Food,2024-06,3905.49
90.0,Food,2024-06,6058.88
91.0,Food,2024-06,6853.62
92.0,Food,2024-06,5256.85
93.0,Food,2024-06,5745.24
94.0,Food,2024-06,4641.02
95.0,Food,2024-06,6161.54
96.0,Food,2024-06,6120.02
97.0,Food,2024-06,5830.06
98.0,Food,2024-06,3912.27
99.0,Food,2024-06,3816.58
100.0,Food,2024-06,4541.02
101.0,Food,2024-06,3594.0
102.0,Food,2024-06,5805.43
103.0,Food,2024-06,3973.46
104.0,Food,2024-06,3610.96
105.0,Food,2024-06,6196.0
106.0,Food,2024-06,6540.89
107.0,Food,2024-06,6151.19
108.0,Food,2024-06,5210.83
109.0,Food,2024-06,4477.39
110.0,Food,2024-06,6181.27
111.0,Food,2024-06,4404.0
112.0,Food,2024-06,5040.85
113.0,Food,2024-06,6707.59
114.0,Food,2024-06,5834.81
115.0,Food,2024-06,6044.05
116.0,Food,2024-06,3749.49
117.0,Food,2024-06,4510.56
118.0,Food,2024-06,3628.01
119.0,Food,2024-06,6032.84
120.0,Food,2024-06,5592.42
1.0,Food,2024-07,4720.89
2.0,Food,2024-07,3941.9
3.0,Food,2024-07,6121.09
4.0,Food,2024-07,6613.39
5.0,Food,2024-07,4961.58
6.0,Food,2024-07,4217.77
7.0,Food,2024-07,7100.72
8.0,Food,2024-07,4007.92
9.0,Food,2024-07,4480.37
10.0,Food,2024-07,3647.66
11.0,Food,2024-07,3133.01
12.0,Food,2024-07,5827.11
13.0,Food,2024-07,6070.46
14.0,Food,2024-07,3666.65
15.0,Food,2024-07,4846.33
16.0,Food,2024-07,6567.78
17.0,Food,2024-07,3532.08
18.0,Food,2024-07,6441.26
19.0,Food,2024-07,6227.73
20.0,Food,2024-07,4486.47
21.0,Food,2024-07,6853.56
22.0,Food,2024-07,3959.21
23.0,Food,2024-07,6538.1
24.0,Food,2024-07,3085.6
25.0,Food,2024-07,4510.51
26.0,Food,2024-07,4246.6
27.0,Food,2024-07,6528.27
28.0,Food,2024-07,6073.45
29.0,Food,2024-07,5465.02
30.0,Food,2024-07,3224.61
31.0,Food,2024-07,6574.92
32.0,Food,2024-07,5872.87
33.0,Food,2024-07,6208.95
34.0,Food,2024-07,5861.34
35.0,Food,2024-07,5592.66
36.0,Food,2024-07,6596.37
37.0,Food,2024-07,4934.76
38.0,Food,2024-07,4742.43
39.0,Food,2024-07,5273.23
40.0,Food,2024-07,6318.74
41.0,Food,2024-07,4508.44
42.0,Food,2024-07,6348.88
43.0,Food,2024-07,4556.61
44.0,Food,2024-07,3341.22
45.0,Food,2024-07,5896.19
46.0,Food,2024-07,6194.83
47.0,Food,2024-07,2986.15
48.0,Food,2024-07,4767.91
49.0,Food,2024-07,4021.17
50.0,Food,2024-07,3616.01
51.0,Food,2024-07,4842.85
52.0,Food,2024-07,3663.24
53.0,Food,2024-07,6130.63
54.0,Food,2024-07,3737.13
55.0,Food,2024-07,6224.32
56.0,Food,2024-07,5195.04
57.0,Food,2024-07,5033.12
58.0,Food,2024-07,5315.35
59.0,Food,2024-07,4500.93
60.0,Food,2024-07,5548.9
61.0,Food,2024-07,3342.08
62.0,Food,2024-07,5326.16
63.0,Food,2024-07,3542.55
64.0,Food,2024-07,6309.58
65.0,Food,2024-07,6619.92
66.0,Food,2024-07,3291.7
67.0,Food,2024-07,5202.93
68.0,Food,2024-07,4885.9
69.0,Food,2024-07,5286.7
70.0,Food,2024-07,5420.92
71.0,Food,2024-07,5469.71
72.0,Food,2024-07,5675.71
73.0,Food,2024-07,3701.85
74.0,Food,2024-07,5035.78
75.0,Food,2024-07,5386.83
76.0,Food,2024-07,4474.68
77.0,Food,2024-07,5620.59
78.0,Food,2024-07,5624.37
79.0,Food,2024-07,5843.14
80.0,Food,2024-07,6291.34
81.0,Food,2024-07,4064.12
82.0,Food,2024-07,4694.32
83.0,Food,2024-07,5946.29
84.0,Food,2024-07,5775.18
85.0,Food,2024-07,4289.99
86.0,Food,2024-07,6088.9
87.0,Food,2024-07,5906.93
88.0,Food,2024-07,5135.05
89.0,Food,2024-07,3818.61
90.0,Food,2024-07,5345.22
91.0,Food,2024-07,6365.73
92.0,Food,2024-07,4541.33
93.0,Food,2024-07,5453.27
94.0,Food,2024-07,4187.18
95.0,Food,2024-07,5832.4
96.0,Food,2024-07,5844.2
97.0,Food,2024-07,5605.96
98.0,Food,2024-07,3585.85
99.0,Food,2024-07,3609.65
100.0,Food,2024-07,3865.45
101.0,Food,2024-07,3612.3
102.0,Food,2024-07,5242.04
103.0,Food,2024-07,3355.38
104.0,Food,2024-07,3759.79
105.0,Food,2024-07,5607.76
106.0,Food,2024-07,6150.44
107.0,Food,2024-07,6563.16
108.0,Food,2024-07,4865.91
109.0,Food,2024-07,4532.03
110.0,Food,2024-07,5987.19
111.0,Food,2024-07,3899.75
112.0,Food,2024-07,4679.32
113.0,Food,2024-07,6544.52
114.0,Food,2024-07,4905.74
115.0,Food,2024-07,5200.49
116.0,Food,2024-07,3743.19
117.0,Food,2024-07,4630.58
118.0,Food,2024-07,3866.41
119.0,Food,2024-07,5742.12
120.0,Food,2024-07,5884.08
1.0,Food,2024-08,4257.08
2.0,Food,2024-08,3393.46
3.0,Food,2024-08,5847.99
4.0,Food,2024-08,5454.97
5.0,Food,2024-08,4475.03
6.0,Food,2024-08,3902.68
7.0,Food,2024-08,6494.93
8.0,Food,2024-08,4004.65
9.0,Food,2024-08,4689.37
10.0,Food,2024-08,3384.31
11.0,Food,2024-08,3359.87
12.0,Food,2024-08,5585.67
13.0,Food,2024-08,5555.03
14.0,Food,2024-08,3397.21
15.0,Food,2024-08,4496.46
16.0,Food,2024-08,5922.89
17.0,Food,2024-08,3225.44
18.0,Food,2024-08,6021.11
19.0,Food,2024-08,5376.36
20.0,Food,2024-08,3781.18
21.0,Food,2024-08,5952.92
22.0,Food,2024-08,3966.4
23.0,Food,2024-08,6241.82
24.0,Food,2024-08,2969.74
25.0,Food,2024-08,4360.33
26.0,Food,2024-08,4197.04
27.0,Food,2024-08,5947.83
28.0,Food,2024-08,5760.33
29.0,Food,2024-08,4798.01
30.0,Food,2024-08,3055.22
31.0,Food,2024-08,6096.97
32.0,Food,2024-08,5191.86
33.0,Food,2024-08,5989.59
34.0,Food,2024-08,5049.94
35.0,Food,2024-08,5269.5
36.0,Food,2024-08,5551.29
37.0,Food,2024-08,5019.43
38.0,Food,2024-08,4937.65
39.0,Food,2024-08,5269.65
40.0,Food,2024-08,5760.36
41.0,Food,2024-08,4039.84
42.0,Food,2024-08,5347.48
43.0,Food,2024-08,4239.14
44.0,Food,2024-08,3172.94
45.0,Food,2024-08,5482.0
46.0,Food,2024-08,5639.87
47.0,Food,2024-08,3102.48
48.0,Food,2024-08,4102.65
49.0,Food,2024-08,3872.17
50.0,Food,2024-08,3561.87
51.0,Food,2024-08,4763.01
52.0,Food,2024-08,3591.03
53.0,Food,2024-08,5906.27
54.0,Food,2024-08,3430.56
55.0,Food,2024-08,5792.07
56.0,Food,2024-08,5159.69
57.0,Food,2024-08,3965.46
58.0,Food,2024-08,5346.91
59.0,Food,2024-08,3683.12
60.0,Food,2024-08,5010.23
61.0,Food,2024-08,3083.47
62.0,Food,2024-08,5272.78
63.0,Food,2024-08,3180.31
64.0,Food,2024-08,5640.17
65.0,Food,2024-08,6328.72
66.0,Food,2024-08,3175.26
67.0,Food,2024-08,4492.0
68.0,Food,2024-08,4388.78
69.0,Food,2024-08,4699.22
70.0,Food,2024-08,5379.61
71.0,Food,2024-08,5168.04
72.0,Food,2024-08,5422.53
73.0,Food,2024-08,3547.03
74.0,Food,2024-08,4485.34
75.0,Food,2024-08,5474.95
76.0,Food,2024-08,4407.34
77.0,Food,2024-08,5631.76
78.0,Food,2024-08,4597.34
79.0,Food,2024-08,5617.86
80.0,Food,2024-08,6350.09
81.0,Food,2024-08,3532.04
82.0,Food,2024-08,4304.35
83.0,Food,2024-08,5971.29
84.0,Food,2024-08,5178.08
85.0,Food,2024-08,4017.6
86.0,Food,2024-08,5498.85
87.0,Food,2024-08,5351.62
88.0,Food,2024-08,5312.86
89.0,Food,2024-08,3473.28
90.0,Food,2024-08,4399.94
91.0,Food,2024-08,6450.14
92.0,Food,2024-08,4937.65
93.0,Food,2024-08,5469.71
94.0,Food,2024-08,4057.57
95.0,Food,2024-08,5418.26
96.0,Food,2024-08,5803.78
97.0,Food,2024-08,5455.88
98.0,Food,2024-08,3193.77
99.0,Food,2024-08,3371.86
100.0,Food,2024-08,4125.9
101.0,Food,2024-08,3375.57
102.0,Food,2024-08,5374.5
103.0,Food,2024-08,3452.27
104.0,Food,2024-08,3577.1
105.0,Food,2024-08,5008.65
106.0,Food,2024-08,5760.6
107.0,Food,2024-08,5770.76
108.0,Food,2024-08,4260.0
109.0,Food,2024-08,3958.83
110.0,Food,2024-08,5552.96
111.0,Food,2024-08,3409.18
112.0,Food,2024-08,4424.78
113.0,Food,2024-08,5964.87
114.0,Food,2024-08,4698.66
115.0,Food,2024-08,5192.59
116.0,Food,2024-08,3507.61
117.0,Food,2024-08,4158.63
118.0,Food,2024-08,3127.94
119.0,Food,2024-08,5680.94
120.0,Food,2024-08,5717.84
1.0,Food,2024-09,4689.73
2.0,Food,2024-09,3482.49
3.0,Food,2024-09,5141.16
4.0,Food,2024-09,5193.43
5.0,Food,2024-09,4787.53
6.0,Food,2024-09,3520.15
7.0,Food,2024-09,5351.78
8.0,Food,2024-09,3804.94
9.0,Food,2024-09,4470.41
10.0,Food,2024-09,3355.02
11.0,Food,2024-09,2835.95
12.0,Food,2024-09,5297.9
13.0,Food,2024-09,5093.06
14.0,Food,2024-09,3393.93
15.0,Food,2024-09,4335.47
16.0,Food,2024-09,5886.44
17.0,Food,2024-09,3138.65
18.0,Food,2024-09,5926.7
19.0,Food,2024-09,5086.21
20.0,Food,2024-09,4092.01
21.0,Food,2024-09,6375.77
22.0,Food,2024-09,3688.5
23.0,Food,2024-09,5442.39
24.0,Food,2024-09,2889.44
25.0,Food,2024-09,4109.83
26.0,Food,2024-09,4156.04
27.0,Food,2024-09,5997.56
28.0,Food,2024-09,5039.29
29.0,Food,2024-09,5266.01
30.0,Food,2024-09,3151.25
31.0,Food,2024-09,5175.7
32.0,Food,2024-09,5079.07
33.0,Food,2024-09,5664.34
34.0,Food,2024-09,5421.33
35.0,Food,2024-09,4583.07
36.0,Food,2024-09,5082.45
37.0,Food,2024-09,5082.49
38.0,Food,2024-09,4851.13
39.0,Food,2024-09,4859.96
40.0,Food,2024-09,5336.03
41.0,Food,2024-09,3860.69
42.0,Food,2024-09,5626.04
43.0,Food,2024-09,4080.88
44.0,Food,2024-09,3071.36
45.0,Food,2024-09,5148.09
46.0,Food,2024-09,5712.03
47.0,Food,2024-09,3073.84
48.0,Food,2024-09,4039.85
49.0,Food,2024-09,3302.23
50.0,Food,2024-09,3210.9
51.0,Food,2024-09,4350.14
52.0,Food,2024-09,3202.82
53.0,Food,2024-09,6125.17
54.0,Food,2024-09,3597.87
55.0,Food,2024-09,5971.44
56.0,Food,2024-09,4395.43
57.0,Food,2024-09,3634.19
58.0,Food,2024-09,4672.17
59.0,Food,2024-09,3647.75
60.0,Food,2024-09,5051.88
61.0,Food,2024-09,3366.94
62.0,Food,2024-09,4579.38
63.0,Food,2024-09,3135.02
64.0,Food,2024-09,6120.95
65.0,Food,2024-09,6048.53
66.0,Food,2024-09,3071.99
67.0,Food,2024-09,3891.59
68.0,Food,2024-09,4432.92
69.0,Food,2024-09,3732.29
70.0,Food,2024-09,5239.88
71.0,Food,2024-09,5142.7
72.0,Food,2024-09,4953.53
73.0,Food,2024-09,3747.99
74.0,Food,2024-09,4176.96
75.0,Food,2024-09,5073.97
76.0,Food,2024-09,4170.12
77.0,Food,2024-09,5178.77
78.0,Food,2024-09,3975.03
79.0,Food,2024-09,5307.49
80.0,Food,2024-09,5512.56
81.0,Food,2024-09,3538.67
82.0,Food,2024-09,3852.69
83.0,Food,2024-09,5316.76
84.0,Food,2024-09,5265.77
85.0,Food,2024-09,4219.43
86.0,Food,2024-09,5426.12
87.0,Food,2024-09,5262.31
88.0,Food,2024-09,4448.92
89.0,Food,2024-09,3168.48
90.0,Food,2024-09,4528.27
91.0,Food,2024-09,5338.55
92.0,Food,2024-09,4374.56
93.0,Food,2024-09,4769.43
94.0,Food,2024-09,3275.66
95.0,Food,2024-09,5331.24
96.0,Food,2024-09,5411.05
97.0,Food,2024-09,4734.75
98.0,Food,2024-09,2955.56
99.0,Food,2024-09,3369.69
100.0,Food,2024-09,3842.92
101.0,Food,2024-09,3141.44
102.0,Food,2024-09,4628.35
103.0,Food,2024-09,2864.85
104.0,Food,2024-09,3265.11
105.0,Food,2024-09,5185.03
106.0,Food,2024-09,5327.31
107.0,Food,2024-09,4764.1
108.0,Food,2024-09,4711.2
109.0,Food,2024-09,3671.74
110.0,Food,2024-09,5315.36
111.0,Food,2024-09,3669.96
112.0,Food,2024-09,3841.18
113.0,Food,2024-09,5621.99
114.0,Food,2024-09,4776.07
115.0,Food,2024-09,4644.3
116.0,Food,2024-09,3392.76
117.0,Food,2024-09,4033.64
118.0,Food,2024-09,3303.8
119.0,Food,2024-09,5610.04
120.0,Food,2024-09,4905.76
1.0,Food,2024-10,4204.82
2.0,Food,2024-10,3623.35
3.0,Food,2024-10,5302.91
4.0,Food,2024-10,5189.59
5.0,Food,2024-10,4943.7
6.0,Food,2024-10,3701.75
7.0,Food,2024-10,5434.9
8.0,Food,2024-10,3509.29
9.0,Food,2024-10,4320.75
10.0,Food,2024-10,2770.65
11.0,Food,2024-10,3013.91
12.0,Food,2024-10,5162.76
13.0,Food,2024-10,4740.14
14.0,Food,2024-10,3503.91
15.0,Food,2024-10,4312.64
16.0,Food,2024-10,5864.46
17.0,Food,2024-10,3022.51
18.0,Food,2024-10,5558.17
19.0,Food,2024-10,4979.34
20.0,Food,2024-10,3625.63
21.0,Food,2024-10,6340.44
22.0,Food,2024-10,3566.88
23.0,Food,2024-10,5439.8
24.0,Food,2024-10,2639.09
25.0,Food,2024-10,3988.33
26.0,Food,2024-10,3823.67
27.0,Food,2024-10,5100.34
28.0,Food,2024-10,5029.69
29.0,Food,2024-10,4939.25
30.0,Food,2024-10,2914.49
31.0,Food,2024-10,5582.02
32.0,Food,2024-10,5332.93
33.0,Food,2024-10,5509.12
34.0,Food,2024-10,5408.95
35.0,Food,2024-10,4686.58
36.0,Food,2024-10,5954.99
37.0,Food,2024-10,4814.36
38.0,Food,2024-10,4946.65
39.0,Food,2024-10,4481.46
40.0,Food,2024-10,5128.9
41.0,Food,2024-10,3792.73
42.0,Food,2024-10,5345.61
43.0,Food,2024-10,4303.76
44.0,Food,2024-10,2945.1
45.0,Food,2024-10,5075.26
46.0,Food,2024-10,5293.16
47.0,Food,2024-10,3036.91
48.0,Food,2024-10,3822.3
49.0,Food,2024-10,3340.46
50.0,Food,2024-10,2762.79
51.0,Food,2024-10,4302.24
52.0,Food,2024-10,3231.8
53.0,Food,2024-10,5835.65
54.0,Food,2024-10,3061.28
55.0,Food,2024-10,5258.01
56.0,Food,2024-10,4963.83
57.0,Food,2024-10,3842.1
58.0,Food,2024-10,5264.4
59.0,Food,2024-10,4074.1
60.0,Food,2024-10,4984.43
61.0,Food,2024-10,2876.15
62.0,Food,2024-10,4751.65
63.0,Food,2024-10,3178.86
64.0,Food,2024-10,5878.54
65.0,Food,2024-10,5369.37
66.0,Food,2024-10,3060.84
67.0,Food,2024-10,4329.04
68.0,Food,2024-10,4405.13
69.0,Food,2024-10,4503.19
70.0,Food,2024-10,4688.73
71.0,Food,2024-10,5249.7
72.0,Food,2024-10,4637.19
73.0,Food,2024-10,3217.42
74.0,Food,2024-10,4480.21
75.0,Food,2024-10,5101.03
76.0,Food,2024-10,4403.68
77.0,Food,2024-10,5065.16
78.0,Food,2024-10,4693.28
79.0,Food,2024-10,4940.39
80.0,Food,2024-10,5883.21
81.0,Food,2024-10,3338.26
82.0,Food,2024-10,3721.44
83.0,Food,2024-10,5199.44
84.0,Food,2024-10,5165.55
85.0,Food,2024-10,3961.08
86.0,Food,2024-10,4905.36
87.0,Food,2024-10,4747.74
88.0,Food,2024-10,4462.63
89.0,Food,2024-10,3779.74
90.0,Food,2024-10,4737.39
91.0,Food,2024-10,5517.07
92.0,Food,2024-10,4350.2
93.0,Food,2024-10,4850.62
94.0,Food,2024-10,3761.41
95.0,Food,2024-10,5202.71
96.0,Food,2024-10,5466.24
97.0,Food,2024-10,5095.76
98.0,Food,2024-10,2949.86
99.0,Food,2024-10,3282.59
100.0,Food,2024-10,3406.86
101.0,Food,2024-10,3281.82
102.0,Food,2024-10,4578.57
103.0,Food,2024-10,3118.29
104.0,Food,2024-10,3628.24
105.0,Food,2024-10,4724.15
106.0,Food,2024-10,5385.9
107.0,Food,2024-10,5530.59
108.0,Food,2024-10,4184.87
109.0,Food,2024-10,3855.68
110.0,Food,2024-10,4720.49
111.0,Food,2024-10,3680.73
112.0,Food,2024-10,4069.08
113.0,Food,2024-10,5723.43
114.0,Food,2024-10,4454.5
115.0,Food,2024-10,4354.87
116.0,Food,2024-10,3577.81
117.0,Food,2024-10,3671.93
118.0,Food,2024-10,2961.81
119.0,Food,2024-10,5922.67
120.0,Food,2024-10,4608.06
1.0,Food,2024-11,4380.52
2.0,Food,2024-11,3243.34
3.0,Food,2024-11,4601.36
4.0,Food,2024-11,4929.9
5.0,Food,2024-11,4233.96
6.0,Food,2024-11,4064.11
7.0,Food,2024-11,5785.57
8.0,Food,2024-11,4118.09
9.0,Food,2024-11,4120.14
10.0,Food,2024-11,3582.43
11.0,Food,2024-11,3144.93
12.0,Food,2024-11,5415.88
13.0,Food,2024-11,5137.98
14.0,Food,2024-11,3201.05
15.0,Food,2024-11,4458.6
16.0,Food,2024-11,5930.43
17.0,Food,2024-11,3203.79
18.0,Food,2024-11,5859.45
19.0,Food,2024-11,5162.52
20.0,Food,2024-11,3848.79
21.0,Food,2024-11,6093.79
22.0,Food,2024-11,3855.66
23.0,Food,2024-11,6030.86
24.0,Food,2024-11,2635.46
25.0,Food,2024-11,4072.52
26.0,Food,2024-11,3945.55
27.0,Food,2024-11,5823.86
28.0,Food,2024-11,4904.62
29.0,Food,2024-11,4813.04
30.0,Food,2024-11,3090.3
31.0,Food,2024-11,5067.92
32.0,Food,2024-11,5408.45
33.0,Food,2024-11,5885.37
34.0,Food,2024-11,5940.26
35.0,Food,2024-11,5374.55
36.0,Food,2024-11,5853.39
37.0,Food,2024-11,5381.89
38.0,Food,2024-11,4852.94
39.0,Food,2024-11,4849.92
40.0,Food,2024-11,5874.79
41.0,Food,2024-11,3758.68
42.0,Food,2024-11,5570.83
43.0,Food,2024-11,4145.33
44.0,Food,2024-11,3065.14
45.0,Food,2024-11,5505.05
46.0,Food,2024-11,6043.09
47.0,Food,2024-11,3052.23
48.0,Food,2024-11,4115.46
49.0,Food,2024-11,3646.43
50.0,Food,2024-11,3235.09
51.0,Food,2024-11,4896.86
52.0,Food,2024-11,3324.76
53.0,Food,2024-11,5700.91
54.0,Food,2024-11,3292.97
55.0,Food,2024-11,5856.95
56.0,Food,2024-11,5140.2
57.0,Food,2024-11,3712.35
58.0,Food,2024-11,5413.44
59.0,Food,2024-11,3914.49
60.0,Food,2024-11,5174.81
61.0,Food,2024-11,3261.05
62.0,Food,2024-11,4980.97
63.0,Food,2024-11,3067.45
64.0,Food,2024-11,5822.67
65.0,Food,2024-11,5655.1
66.0,Food,2024-11,2924.18
67.0,Food,2024-11,4053.94
68.0,Food,2024-11,4196.09
69.0,Food,2024-11,4544.24
70.0,Food,2024-11,4756.66
71.0,Food,2024-11,5024.32
72.0,Food,2024-11,4940.36
73.0,Food,2024-11,3632.13
74.0,Food,2024-11,4646.8
75.0,Food,2024-11,4954.22
76.0,Food,2024-11,4045.44
77.0,Food,2024-11,5313.28
78.0,Food,2024-11,4601.54
79.0,Food,2024-11,5027.23
80.0,Food,2024-11,5700.16
81.0,Food,2024-11,3551.1
82.0,Food,2024-11,3766.18
83.0,Food,2024-11,5347.73
84.0,Food,2024-11,5591.12
85.0,Food,2024-11,3648.45
86.0,Food,2024-11,4511.15
87.0,Food,2024-11,5262.11
88.0,Food,2024-11,4662.27
89.0,Food,2024-11,3310.83
90.0,Food,2024-11,4614.6
91.0,Food,2024-11,5208.05
92.0,Food,2024-11,4849.38
93.0,Food,2024-11,4710.41
94.0,Food,2024-11,4086.67
95.0,Food,2024-11,5136.05
96.0,Food,2024-11,5404.7
97.0,Food,2024-11,5023.98
98.0,Food,2024-11,3378.48
99.0,Food,2024-11,3211.28
100.0,Food,2024-11,3297.46
101.0,Food,2024-11,3379.03
102.0,Food,2024-11,5066.82
103.0,Food,2024-11,3395.46
104.0,Food,2024-11,3196.8
105.0,Food,2024-11,4923.72
106.0,Food,2024-11,5355.86
107.0,Food,2024-11,5569.37
108.0,Food,2024-11,4526.48
109.0,Food,2024-11,3786.96
110.0,Food,2024-11,5296.88
111.0,Food,2024-11,3670.79
112.0,Food,2024-11,4215.69
113.0,Food,2024-11,6016.89
114.0,Food,2024-11,4071.03
115.0,Food,2024-11,4619.36
116.0,Food,2024-11,3412.55
117.0,Food,2024-11,3362.27
118.0,Food,2024-11,3018.23
119.0,Food,2024-11,5592.36
120.0,Food,2024-11,5291.1
1.0,Food,2024-12,4298.13
2.0,Food,2024-12,3745.41
3.0,Food,2024-12,5521.12
4.0,Food,2024-12,5686.95
5.0,Food,2024-12,5005.5
6.0,Food,2024-12,4189.04
7.0,Food,2024-12,6342.66
8.0,Food,2024-12,4383.83
9.0,Food,2024-12,4591.0
10.0,Food,2024-12,3454.61
11.0,Food,2024-12,3295.29
12.0,Food,2024-12,5951.72
13.0,Food,2024-12,5287.55
14.0,Food,2024-12,3602.4
15.0,Food,2024-12,4818.06
16.0,Food,2024-12,6167.73
17.0,Food,2024-12,3305.79
18.0,Food,2024-12,6066.79
19.0,Food,2024-12,5869.14
20.0,Food,2024-12,4214.35
21.0,Food,2024-12,6519.08
22.0,Food,2024-12,4069.56
23.0,Food,2024-12,5932.23
24.0,Food,2024-12,2827.96
25.0,Food,2024-12,4502.08
26.0,Food,2024-12,4465.92
27.0,Food,2024-12,6034.95
28.0,Food,2024-12,5777.59
29.0,Food,2024-12,5310.42
30.0,Food,2024-12,3269.84
31.0,Food,2024-12,5984.2
32.0,Food,2024-12,5693.48
33.0,Food,2024-12,6180.2
34.0,Food,2024-12,5112.92
35.0,Food,2024-12,5560.94
36.0,Food,2024-12,6561.96
37.0,Food,2024-12,5448.58
38.0,Food,2024-12,5202.54
39.0,Food,2024-12,5345.75
40.0,Food,2024-12,6195.17
41.0,Food,2024-12,4167.74
42.0,Food,2024-12,5687.88
43.0,Food,2024-12,4198.74
44.0,Food,2024-12,3331.5
45.0,Food,2024-12,5746.51
46.0,Food,2024-12,6105.69
47.0,Food,2024-12,3028.84
48.0,Food,2024-12,4071.02
49.0,Food,2024-12,4181.36
50.0,Food,2024-12,3631.8
51.0,Food,2024-12,4517.52
52.0,Food,2024-12,3639.17
53.0,Food,2024-12,6194.15
54.0,Food,2024-12,3548.43
55.0,Food,2024-12,5714.85
56.0,Food,2024-12,5345.8
57.0,Food,2024-12,3971.86
58.0,Food,2024-12,5296.93
59.0,Food,2024-12,4079.49
60.0,Food,2024-12,5383.18
61.0,Food,2024-12,3918.56
62.0,Food,2024-12,4840.03
63.0,Food,2024-12,3272.79
64.0,Food,2024-12,6590.64
65.0,Food,2024-12,6499.76
66.0,Food,2024-12,3231.28
67.0,Food,2024-12,4743.65
68.0,Food,2024-12,4968.77
69.0,Food,2024-12,4858.8
70.0,Food,2024-12,5270.57
71.0,Food,2024-12,5267.9
72.0,Food,2024-12,5413.6
73.0,Food,2024-12,3957.72
74.0,Food,2024-12,4423.66
75.0,Food,2024-12,5540.0
76.0,Food,2024-12,4641.65
77.0,Food,2024-12,5466.19
78.0,Food,2024-12,4556.4
79.0,Food,2024-12,5423.01
80.0,Food,2024-12,5701.22
81.0,Food,2024-12,3888.49
82.0,Food,2024-12,4351.18
83.0,Food,2024-12,5238.09
84.0,Food,2024-12,5845.57
85.0,Food,2024-12,4151.78
86.0,Food,2024-12,5519.36
87.0,Food,2024-12,5506.81
88.0,Food,2024-12,4914.34
89.0,Food,2024-12,3223.89
90.0,Food,2024-12,5302.7
91.0,Food,2024-12,6139.1
92.0,Food,2024-12,4908.9
93.0,Food,2024-12,5689.94
94.0,Food,2024-12,4116.64
95.0,Food,2024-12,5069.81
96.0,Food,2024-12,5702.6
97.0,Food,2024-12,5478.72
98.0,Food,2024-12,3214.44
99.0,Food,2024-12,3610.79
100.0,Food,2024-12,3783.71
101.0,Food,2024-12,3659.8
102.0,Food,2024-12,5664.84
103.0,Food,2024-12,3322.91
104.0,Food,2024-12,3453.56
105.0,Food,2024-12,5178.26
106.0,Food,2024-12,5864.14
107.0,Food,2024-12,5475.35
108.0,Food,2024-12,4360.72
109.0,Food,2024-12,4375.93
110.0,Food,2024-12,5183.71
111.0,Food,2024-12,3692.29
112.0,Food,2024-12,4569.58
113.0,Food,2024-12,5873.12
114.0,Food,2024-12,5436.4
115.0,Food,2024-12,4964.05
116.0,Food,2024-12,3735.96
117.0,Food,2024-12,4090.19
118.0,Food,2024-12,3232.0
119.0,Food,2024-12,5817.45
120.0,Food,2024-12,4863.3
,Others,2023-01,94615.34
,Others,2023-02,47045.52
,Others,2023-03,73345.51
,Others,2023-04,70075.38
,Others,2023-05,118911.7
,Others,2023-06,108343.37
,Others,2023-07,119701.74
,Others,2023-08,47175.9
,Others,2023-09,70365.42
,Others,2023-10,39929.16
,Others,2023-11,55545.93
,Others,2023-12,83092.24
,Others,2024-01,47315.84
,Others,2024-02,67346.19
,Others,2024-03,116229.14
,Others,2024-04,107931.81
,Others,2024-05,73767.66
,Others,2024-06,106768.62
,Others,2024-07,121104.25
,Others,2024-08,43893.27
,Others,2024-09,107823.34
,Others,2024-10,97293.41
,Others,2024-11,70266.56
,Others,2024-12,58192.13
1.0,Shopping,2023-01,2005.99
2.0,Shopping,2023-01,3204.22
3.0,Shopping,2023-01,3323.16
4.0,Shopping,2023-01,3497.16
5.0,Shopping,2023-01,2757.0
6.0,Shopping,2023-01,1089.39
7.0,Shopping,2023-01,1625.5
8.0,Shopping,2023-01,1354.21
9.0,Shopping,2023-01,817.14
10.0,Shopping,2023-01,3568.75
11.0,Shopping,2023-01,2183.99
12.0,Shopping,2023-01,2638.9
13.0,Shopping,2023-01,3667.35
14.0,Shopping,2023-01,3207.21
15.0,Shopping,2023-01,1167.2
16.0,Shopping,2023-01,1288.51
17.0,Shopping,2023-01,1233.3
18.0,Shopping,2023-01,1992.62
19.0,Shopping,2023-01,1217.42
20.0,Shopping,2023-01,3925.58
21.0,Shopping,2023-01,1800.93
22.0,Shopping,2023-01,1003.55
23.0,Shopping,2023-01,1033.4
24.0,Shopping,2023-01,2488.18
25.0,Shopping,2023-01,3031.05
26.0,Shopping,2023-01,1502.59
27.0,Shopping,2023-01,2557.91
28.0,Shopping,2023-01,1353.98
29.0,Shopping,2023-01,2090.44
30.0,Shopping,2023-01,731.6
31.0,Shopping,2023-01,3192.48
32.0,Shopping,2023-01,1021.01
33.0,Shopping,2023-01,3514.48
34.0,Shopping,2023-01,2265.4
35.0,Shopping,2023-01,2743.91
36.0,Shopping,2023-01,833.02
37.0,Shopping,2023-01,512.55
38.0,Shopping,2023-01,1616.03
39.0,Shopping,2023-01,3731.5
40.0,Shopping,2023-01,2788.09
41.0,Shopping,2023-01,2486.05
42.0,Shopping,2023-01,3108.48
43.0,Shopping,2023-01,3203.38
44.0,Shopping,2023-01,2054.36
45.0,Shopping,2023-01,3845.13
46.0,Shopping,2023-01,2676.31
47.0,Shopping,2023-01,2947.44
48.0,Shopping,2023-01,3599.91
49.0,Shopping,2023-01,2143.36
50.0,Shopping,2023-01,2312.43
51.0,Shopping,2023-01,637.35
52.0,Shopping,2023-01,568.19
53.0,Shopping,2023-01,591.07
54.0,Shopping,2023-01,2933.48
55.0,Shopping,2023-01,2911.2
56.0,Shopping,2023-01,3400.71
57.0,Shopping,2023-01,2456.92
58.0,Shopping,2023-01,2170.94
59.0,Shopping,2023-01,1801.77
60.0,Shopping,2023-01,567.31
61.0,Shopping,2023-01,791.64
62.0,Shopping,2023-01,3075.73
63.0,Shopping,2023-01,2147.35
64.0,Shopping,2023-01,2549.55
65.0,Shopping,2023-01,2254.33
66.0,Shopping,2023-01,733.37
67.0,Shopping,2023-01,2243.65
68.0,Shopping,2023-01,1171.51
69.0,Shopping,2023-01,1383.65
70.0,Shopping,2023-01,1852.36
71.0,Shopping,2023-01,1550.57
72.0,Shopping,2023-01,1506.24
73.0,Shopping,2023-01,647.45
74.0,Shopping,2023-01,1735.72
75.0,Shopping,2023-01,2124.01
76.0,Shopping,2023-01,1083.51
77.0,Shopping,2023-01,980.79
78.0,Shopping,2023-01,2262.22
79.0,Shopping,2023-01,2524.34
80.0,Shopping,2023-01,2093.75
81.0,Shopping,2023-01,2446.78
82.0,Shopping,2023-01,3124.22
83.0,Shopping,2023-01,2605.66
84.0,Shopping,2023-01,2119.37
85.0,Shopping,2023-01,3003.76
86.0,Shopping,2023-01,745.08
87.0,Shopping,2023-01,1073.72
88.0,Shopping,2023-01,1055.84
89.0,Shopping,2023-01,1832.05
90.0,Shopping,2023-01,2305.06
91.0,Shopping,2023-01,620.93
92.0,Shopping,2023-01,2847.12
93.0,Shopping,2023-01,2916.32
94.0,Shopping,2023-01,2941.75
95.0,Shopping,2023-01,3881.13
96.0,Shopping,2023-01,2042.02
97.0,Shopping,2023-01,2421.86
98.0,Shopping,2023-01,1538.67
99.0,Shopping,2023-01,3061.18
100.0,Shopping,2023-01,3865.88
101.0,Shopping,2023-01,3701.37
102.0,Shopping,2023-01,726.41
103.0,Shopping,2023-01,991.08
104.0,Shopping,2023-01,1158.4
105.0,Shopping,2023-01,4105.9
106.0,Shopping,2023-01,3107.81
107.0,Shopping,2023-01,1646.04
108.0,Shopping,2023-01,3168.84
109.0,Shopping,2023-01,1776.29
110.0,Shopping,2023-01,2527.07
111.0,Shopping,2023-01,2675.15
112.0,Shopping,2023-01,2253.59
113.0,Shopping,2023-01,1372.45
114.0,Shopping,2023-01,2995.16
115.0,Shopping,2023-01,780.92
116.0,Shopping,2023-01,3327.1
117.0,Shopping,2023-01,551.22
118.0,Shopping,2023-01,3028.37
119.0,Shopping,2023-01,2620.93
120.0,Shopping,2023-01,3611.27
1.0,Shopping,2023-02,2141.97
2.0,Shopping,2023-02,3533.78
3.0,Shopping,2023-02,3684.65
4.0,Shopping,2023-02,3610.77
5.0,Shopping,2023-02,3038.88
6.0,Shopping,2023-02,1090.43
7.0,Shopping,2023-02,1796.45
8.0,Shopping,2023-02,1584.52
9.0,Shopping,2023-02,919.41
10.0,Shopping,2023-02,4196.44
11.0,Shopping,2023-02,2242.48
12.0,Shopping,2023-02,2860.2
13.0,Shopping,2023-02,3771.72
14.0,Shopping,2023-02,3623.61
15.0,Shopping,2023-02,1294.57
16.0,Shopping,2023-02,1506.46
17.0,Shopping,2023-02,1213.63
18.0,Shopping,2023-02,2293.44
19.0,Shopping,2023-02,1236.58
20.0,Shopping,2023-02,4055.7
21.0,Shopping,2023-02,1967.25
22.0,Shopping,2023-02,1126.06
23.0,Shopping,2023-02,1176.26
24.0,Shopping,2023-02,2759.41
25.0,Shopping,2023-02,2946.1
26.0,Shopping,2023-02,1604.32
27.0,Shopping,2023-02,2915.27
28.0,Shopping,2023-02,1565.58
29.0,Shopping,2023-02,2094.97
30.0,Shopping,2023-02,821.57
31.0,Shopping,2023-02,3611.99
32.0,Shopping,2023-02,1139.76
33.0,Shopping,2023-02,3360.04
34.0,Shopping,2023-02,2318.95
35.0,Shopping,2023-02,2999.2
36.0,Shopping,2023-02,958.3
37.0,Shopping,2023-02,521.57
38.0,Shopping,2023-02,1718.28
39.0,Shopping,2023-02,3914.33
40.0,Shopping,2023-02,3177.26
41.0,Shopping,2023-02,2770.28
42.0,Shopping,2023-02,4082.29
43.0,Shopping,2023-02,3497.83
44.0,Shopping,2023-02,2199.52
45.0,Shopping,2023-02,3291.24
46.0,Shopping,2023-02,2808.86
47.0,Shopping,2023-02,3139.52
48.0,Shopping,2023-02,4028.58
49.0,Shopping,2023-02,2543.99
50.0,Shopping,2023-02,2357.7
51.0,Shopping,2023-02,734.82
52.0,Shopping,2023-02,588.03
53.0,Shopping,2023-02,597.57
54.0,Shopping,2023-02,3501.41
55.0,Shopping,2023-02,3069.47
56.0,Shopping,2023-02,3668.64
57.0,Shopping,2023-02,2750.26
58.0,Shopping,2023-02,2149.04
59.0,Shopping,2023-02,1952.09
60.0,Shopping,2023-02,577.78
61.0,Shopping,2023-02,842.77
62.0,Shopping,2023-02,3047.91
63.0,Shopping,2023-02,2145.63
64.0,Shopping,2023-02,2295.12
65.0,Shopping,2023-02,2202.06
66.0,Shopping,2023-02,731.03
67.0,Shopping,2023-02,2425.5
68.0,Shopping,2023-02,1354.81
69.0,Shopping,2023-02,1441.72
70.0,Shopping,2023-02,2056.6
71.0,Shopping,2023-02,1709.66
72.0,Shopping,2023-02,1809.39
73.0,Shopping,2023-02,701.46
74.0,Shopping,2023-02,1861.43
75.0,Shopping,2023-02,2246.0
76.0,Shopping,2023-02,1176.65
77.0,Shopping,2023-02,1035.74
78.0,Shopping,2023-02,2245.95
79.0,Shopping,2023-02,2623.34
80.0,Shopping,2023-02,2556.44
81.0,Shopping,2023-02,2700.6
82.0,Shopping,2023-02,3357.94
83.0,Shopping,2023-02,2892.94
84.0,Shopping,2023-02,2152.49
85.0,Shopping,2023-02,3344.91
86.0,Shopping,2023-02,989.73
87.0,Shopping,2023-02,1107.43
88.0,Shopping,2023-02,1025.78
89.0,Shopping,2023-02,1775.41
90.0,Shopping,2023-02,2663.89
91.0,Shopping,2023-02,713.19
92.0,Shopping,2023-02,2999.09
93.0,Shopping,2023-02,3105.57
94.0,Shopping,2023-02,3663.32
95.0,Shopping,2023-02,4387.81
96.0,Shopping,2023-02,2196.12
97.0,Shopping,2023-02,2787.7
98.0,Shopping,2023-02,1845.22
99.0,Shopping,2023-02,3485.7
100.0,Shopping,2023-02,3868.23
101.0,Shopping,2023-02,3632.04
102.0,Shopping,2023-02,813.57
103.0,Shopping,2023-02,1105.88
104.0,Shopping,2023-02,1168.1
105.0,Shopping,2023-02,4077.07
106.0,Shopping,2023-02,3109.2
107.0,Shopping,2023-02,1835.64
108.0,Shopping,2023-02,3357.24
109.0,Shopping,2023-02,1843.7
110.0,Shopping,2023-02,3010.38
111.0,Shopping,2023-02,2939.61
112.0,Shopping,2023-02,2587.31
113.0,Shopping,2023-02,1596.73
114.0,Shopping,2023-02,3067.08
115.0,Shopping,2023-02,827.7
116.0,Shopping,2023-02,3170.73
117.0,Shopping,2023-02,580.36
118.0,Shopping,2023-02,3066.89
119.0,Shopping,2023-02,2871.25
120.0,Shopping,2023-02,4353.78
1.0,Shopping,2023-03,2216.4
2.0,Shopping,2023-03,3665.61
3.0,Shopping,2023-03,4016.37
4.0,Shopping,2023-03,3901.57
5.0,Shopping,2023-03,2886.61
6.0,Shopping,2023-03,1271.03
7.0,Shopping,2023-03,1820.48
8.0,Shopping,2023-03,1629.59
9.0,Shopping,2023-03,930.48
10.0,Shopping,2023-03,4261.39
11.0,Shopping,2023-03,2443.5
12.0,Shopping,2023-03,3166.55
13.0,Shopping,2023-03,3877.38
14.0,Shopping,2023-03,3423.78
15.0,Shopping,2023-03,1339.53
16.0,Shopping,2023-03,1509.21
17.0,Shopping,2023-03,1442.48
18.0,Shopping,2023-03,2134.6
19.0,Shopping,2023-03,1181.26
20.0,Shopping,2023-03,4481.02
21.0,Shopping,2023-03,2194.66
22.0,Shopping,2023-03,1204.68
23.0,Shopping,2023-03,1326.08
24.0,Shopping,2023-03,3097.86
25.0,Shopping,2023-03,3302.73
26.0,Shopping,2023-03,1659.14
27.0,Shopping,2023-03,3029.3
28.0,Shopping,2023-03,1706.92
29.0,Shopping,2023-03,2244.05
30.0,Shopping,2023-03,882.04
31.0,Shopping,2023-03,3915.54
32.0,Shopping,2023-03,1209.85
33.0,Shopping,2023-03,3728.85
34.0,Shopping,2023-03,2491.25
35.0,Shopping,2023-03,3362.68
36.0,Shopping,2023-03,965.12
37.0,Shopping,2023-03,616.81
38.0,Shopping,2023-03,1836.73
39.0,Shopping,2023-03,4364.61
40.0,Shopping,2023-03,3018.42
41.0,Shopping,2023-03,3165.92
42.0,Shopping,2023-03,3938.19
43.0,Shopping,2023-03,3468.07
44.0,Shopping,2023-03,2243.58
45.0,Shopping,2023-03,3977.1
46.0,Shopping,2023-03,2749.96
47.0,Shopping,2023-03,3401.76
48.0,Shopping,2023-03,3884.41
49.0,Shopping,2023-03,2716.69
50.0,Shopping,2023-03,2429.15
51.0,Shopping,2023-03,782.02
52.0,Shopping,2023-03,657.22
53.0,Shopping,2023-03,641.71
54.0,Shopping,2023-03,3403.06
55.0,Shopping,2023-03,3416.77
56.0,Shopping,2023-03,3484.8
57.0,Shopping,2023-03,3124.45
58.0,Shopping,2023-03,2282.49
59.0,Shopping,2023-03,2224.39
60.0,Shopping,2023-03,649.84
61.0,Shopping,2023-03,901.13
62.0,Shopping,2023-03,3343.23
63.0,Shopping,2023-03,2436.99
64.0,Shopping,2023-03,2769.24
65.0,Shopping,2023-03,2412.09
66.0,Shopping,2023-03,722.82
67.0,Shopping,2023-03,2894.58
68.0,Shopping,2023-03,1284.33
69.0,Shopping,2023-03,1495.75
70.0,Shopping,2023-03,2350.28
71.0,Shopping,2023-03,1561.87
72.0,Shopping,2023-03,1896.13
73.0,Shopping,2023-03,811.92
74.0,Shopping,2023-03,1809.98
75.0,Shopping,2023-03,2434.23
76.0,Shopping,2023-03,1321.92
77.0,Shopping,2023-03,1061.37
78.0,Shopping,2023-03,2382.69
79.0,Shopping,2023-03,2882.7
80.0,Shopping,2023-03,2495.34
81.0,Shopping,2023-03,2917.41
82.0,Shopping,2023-03,3377.23
83.0,Shopping,2023-03,2786.48
84.0,Shopping,2023-03,2530.39
85.0,Shopping,2023-03,3675.5
86.0,Shopping,2023-03,1030.84
87.0,Shopping,2023-03,1206.28
88.0,Shopping,2023-03,1056.79
89.0,Shopping,2023-03,2016.06
90.0,Shopping,2023-03,2901.48
91.0,Shopping,2023-03,764.68
92.0,Shopping,2023-03,3091.68
93.0,Shopping,2023-03,3366.01
94.0,Shopping,2023-03,3771.46
95.0,Shopping,2023-03,4549.51
96.0,Shopping,2023-03,2372.09
97.0,Shopping,2023-03,2865.15
98.0,Shopping,2023-03,1692.11
99.0,Shopping,2023-03,3432.01
100.0,Shopping,2023-03,4440.76
101.0,Shopping,2023-03,4057.98
102.0,Shopping,2023-03,879.42
103.0,Shopping,2023-03,1152.16
104.0,Shopping,2023-03,1138.72
105.0,Shopping,2023-03,4049.85
106.0,Shopping,2023-03,3096.32
107.0,Shopping,2023-03,1818.1
108.0,Shopping,2023-03,3107.78
109.0,Shopping,2023-03,2023.54
110.0,Shopping,2023-03,2833.93
111.0,Shopping,2023-03,2806.81
112.0,Shopping,2023-03,2900.46
113.0,Shopping,2023-03,1544.85
114.0,Shopping,2023-03,3074.43
115.0,Shopping,2023-03,859.75
116.0,Shopping,2023-03,3542.75
117.0,Shopping,2023-03,588.5
118.0,Shopping,2023-03,3013.4
119.0,Shopping,2023-03,2995.66
120.0,Shopping,2023-03,4239.16
1.0,Shopping,2023-04,2223.63
2.0,Shopping,2023-04,3817.38
3.0,Shopping,2023-04,3930.91
4.0,Shopping,2023-04,3872.07
5.0,Shopping,2023-04,3303.24
6.0,Shopping,2023-04,1238.32
7.0,Shopping,2023-04,1932.28
8.0,Shopping,2023-04,1600.49
9.0,Shopping,2023-04,901.4
10.0,Shopping,2023-04,4341.75
11.0,Shopping,2023-04,2519.28
12.0,Shopping,2023-04,3081.26
13.0,Shopping,2023-04,3668.16
14.0,Shopping,2023-04,3824.16
15.0,Shopping,2023-04,1350.35
16.0,Shopping,2023-04,1478.35
17.0,Shopping,2023-04,1345.74
18.0,Shopping,2023-04,2160.48
19.0,Shopping,2023-04,1376.02
20.0,Shopping,2023-04,4719.46
21.0,Shopping,2023-04,2219.66
22.0,Shopping,2023-04,1279.5
23.0,Shopping,2023-04,1338.84
24.0,Shopping,2023-04,3037.31
25.0,Shopping,2023-04,3313.03
26.0,Shopping,2023-04,1765.83
27.0,Shopping,2023-04,3278.8
28.0,Shopping,2023-04,1844.31
29.0,Shopping,2023-04,2166.95
30.0,Shopping,2023-04,913.13
31.0,Shopping,2023-04,3816.08
32.0,Shopping,2023-04,1217.04
33.0,Shopping,2023-04,3749.91
34.0,Shopping,2023-04,2409.33
35.0,Shopping,2023-04,3127.86
36.0,Shopping,2023-04,998.62
37.0,Shopping,2023-04,606.76
38.0,Shopping,2023-04,1971.52
39.0,Shopping,2023-04,4259.16
40.0,Shopping,2023-04,2792.61
41.0,Shopping,2023-04,3214.78
42.0,Shopping,2023-04,4043.09
43.0,Shopping,2023-04,3556.95
44.0,Shopping,2023-04,2690.56
45.0,Shopping,2023-04,3858.88
46.0,Shopping,2023-04,3316.03
47.0,Shopping,2023-04,3373.17
48.0,Shopping,2023-04,4102.52
49.0,Shopping,2023-04,2739.44
50.0,Shopping,2023-04,2493.5
51.0,Shopping,2023-04,768.62
52.0,Shopping,2023-04,726.65
53.0,Shopping,2023-04,644.03
54.0,Shopping,2023-04,3588.5
55.0,Shopping,2023-04,3162.86
56.0,Shopping,2023-04,3603.34
57.0,Shopping,2023-04,3128.62
58.0,Shopping,2023-04,2254.2
59.0,Shopping,2023-04,2136.61
60.0,Shopping,2023-04,680.23
61.0,Shopping,2023-04,992.43
62.0,Shopping,2023-04,3369.81
63.0,Shopping,2023-04,2546.73
64.0,Shopping,2023-04,2628.35
65.0,Shopping,2023-04,2386.46
66.0,Shopping,2023-04,761.98
67.0,Shopping,2023-04,2816.29
68.0,Shopping,2023-04,1427.92
69.0,Shopping,2023-04,1579.14
70.0,Shopping,2023-04,2344.46
71.0,Shopping,2023-04,1801.93
72.0,Shopping,2023-04,2001.38
73.0,Shopping,2023-04,750.19
74.0,Shopping,2023-04,1829.65
75.0,Shopping,2023-04,2390.06
76.0,Shopping,2023-04,1314.53
77.0,Shopping,2023-04,1131.4
78.0,Shopping,2023-04,2418.67
79.0,Shopping,2023-04,2785.41
80.0,Shopping,2023-04,2648.55
81.0,Shopping,2023-04,2650.6
82.0,Shopping,2023-04,3799.23
83.0,Shopping,2023-04,2779.67
84.0,Shopping,2023-04,2396.73
85.0,Shopping,2023-04,3697.58
86.0,Shopping,2023-04,1036.11
87.0,Shopping,2023-04,1195.13
88.0,Shopping,2023-04,1269.9
89.0,Shopping,2023-04,1905.67
90.0,Shopping,2023-04,2925.33
91.0,Shopping,2023-04,802.6
92.0,Shopping,2023-04,3547.35
93.0,Shopping,2023-04,3475.55
94.0,Shopping,2023-04,3737.38
95.0,Shopping,2023-04,4549.39
96.0,Shopping,2023-04,2410.86
97.0,Shopping,2023-04,3026.38
98.0,Shopping,2023-04,1839.73
99.0,Shopping,2023-04,3555.56
100.0,Shopping,2023-04,4901.68
101.0,Shopping,2023-04,4041.03
102.0,Shopping,2023-04,917.68
103.0,Shopping,2023-04,1166.71
104.0,Shopping,2023-04,1249.95
105.0,Shopping,2023-04,4138.01
106.0,Shopping,2023-04,3289.38
107.0,Shopping,2023-04,2076.72
108.0,Shopping,2023-04,3672.09
109.0,Shopping,2023-04,2107.65
110.0,Shopping,2023-04,3002.81
111.0,Shopping,2023-04,2808.45
112.0,Shopping,2023-04,2993.98
113.0,Shopping,2023-04,1616.77
114.0,Shopping,2023-04,3124.41
115.0,Shopping,2023-04,900.2
116.0,Shopping,2023-04,3429.5
117.0,Shopping,2023-04,608.6
118.0,Shopping,2023-04,3488.71
119.0,Shopping,2023-04,2947.03
120.0,Shopping,2023-04,4416.29
1.0,Shopping,2023-05,2058.39
2.0,Shopping,2023-05,4112.76
3.0,Shopping,2023-05,3830.6
4.0,Shopping,2023-05,4370.49
5.0,Shopping,2023-05,3143.36
6.0,Shopping,2023-05,1203.85
7.0,Shopping,2023-05,1773.81
8.0,Shopping,2023-05,1520.57
9.0,Shopping,2023-05,923.58
10.0,Shopping,2023-05,4538.03
11.0,Shopping,2023-05,2402.14
12.0,Shopping,2023-05,3028.5
13.0,Shopping,2023-05,4128.15
14.0,Shopping,2023-05,3783.56
15.0,Shopping,2023-05,1285.65
16.0,Shopping,2023-05,1515.7
17.0,Shopping,2023-05,1397.1
18.0,Shopping,2023-05,2291.12
19.0,Shopping,2023-05,1374.4
20.0,Shopping,2023-05,4417.91
21.0,Shopping,2023-05,2233.42
22.0,Shopping,2023-05,1221.29
23.0,Shopping,2023-05,1323.07
24.0,Shopping,2023-05,2906.63
25.0,Shopping,2023-05,3266.9
26.0,Shopping,2023-05,1672.57
27.0,Shopping,2023-05,2966.02
28.0,Shopping,2023-05,1750.07
29.0,Shopping,2023-05,2412.41
30.0,Shopping,2023-05,1044.91
31.0,Shopping,2023-05,3986.09
32.0,Shopping,2023-05,1264.13
33.0,Shopping,2023-05,3898.48
34.0,Shopping,2023-05,2473.28
35.0,Shopping,2023-05,3163.95
36.0,Shopping,2023-05,1004.55
37.0,Shopping,2023-05,714.38
38.0,Shopping,2023-05,1818.92
39.0,Shopping,2023-05,4633.07
40.0,Shopping,2023-05,3227.44
41.0,Shopping,2023-05,3028.45
42.0,Shopping,2023-05,3886.97
43.0,Shopping,2023-05,3528.17
44.0,Shopping,2023-05,2589.7
45.0,Shopping,2023-05,3797.34
46.0,Shopping,2023-05,3142.17
47.0,Shopping,2023-05,3281.26
48.0,Shopping,2023-05,4094.72
49.0,Shopping,2023-05,2931.16
50.0,Shopping,2023-05,2287.12
51.0,Shopping,2023-05,764.6
52.0,Shopping,2023-05,721.96
53.0,Shopping,2023-05,603.48
54.0,Shopping,2023-05,3441.72
55.0,Shopping,2023-05,3321.53
56.0,Shopping,2023-05,3868.47
57.0,Shopping,2023-05,3442.44
58.0,Shopping,2023-05,2321.04
59.0,Shopping,2023-05,2168.6
60.0,Shopping,2023-05,725.21
61.0,Shopping,2023-05,901.11
62.0,Shopping,2023-05,3284.46
63.0,Shopping,2023-05,2622.65
64.0,Shopping,2023-05,2843.74
65.0,Shopping,2023-05,2410.36
66.0,Shopping,2023-05,709.67
67.0,Shopping,2023-05,2385.89
68.0,Shopping,2023-05,1341.79
69.0,Shopping,2023-05,1519.5
70.0,Shopping,2023-05,2303.48
71.0,Shopping,2023-05,1875.38
72.0,Shopping,2023-05,1775.37
73.0,Shopping,2023-05,780.98
74.0,Shopping,2023-05,1979.77
75.0,Shopping,2023-05,2341.82
76.0,Shopping,2023-05,1304.94
77.0,Shopping,2023-05,1174.1
78.0,Shopping,2023-05,2269.78
79.0,Shopping,2023-05,2812.7
80.0,Shopping,2023-05,2831.13
81.0,Shopping,2023-05,2764.64
82.0,Shopping,2023-05,3628.7
83.0,Shopping,2023-05,2925.28
84.0,Shopping,2023-05,2551.69
85.0,Shopping,2023-05,3274.73
86.0,Shopping,2023-05,1096.21
87.0,Shopping,2023-05,1238.93
88.0,Shopping,2023-05,1094.96
89.0,Shopping,2023-05,2105.59
90.0,Shopping,2023-05,2722.76
91.0,Shopping,2023-05,784.82
92.0,Shopping,2023-05,3400.28
93.0,Shopping,2023-05,3257.11
94.0,Shopping,2023-05,3756.07
95.0,Shopping,2023-05,4577.72
96.0,Shopping,2023-05,2489.03
97.0,Shopping,2023-05,2852.82
98.0,Shopping,2023-05,1806.0
99.0,Shopping,2023-05,3550.37
100.0,Shopping,2023-05,4166.58
101.0,Shopping,2023-05,3667.82
102.0,Shopping,2023-05,939.37
103.0,Shopping,2023-05,1098.65
104.0,Shopping,2023-05,1137.13
105.0,Shopping,2023-05,4336.98
106.0,Shopping,2023-05,3289.99
107.0,Shopping,2023-05,2087.35
108.0,Shopping,2023-05,3424.16
109.0,Shopping,2023-05,2077.05
110.0,Shopping,2023-05,2965.38
111.0,Shopping,2023-05,2976.07
112.0,Shopping,2023-05,2810.08
113.0,Shopping,2023-05,1390.15
114.0,Shopping,2023-05,3230.06
115.0,Shopping,2023-05,961.35
116.0,Shopping,2023-05,3520.7
117.0,Shopping,2023-05,595.17
118.0,Shopping,2023-05,3365.19
119.0,Shopping,2023-05,2805.79
120.0,Shopping,2023-05,4156.81
1.0,Shopping,2023-06,2039.37
2.0,Shopping,2023-06,3223.1
3.0,Shopping,2023-06,3839.18
4.0,Shopping,2023-06,3851.34
5.0,Shopping,2023-06,2895.65
6.0,Shopping,2023-06,1234.42
7.0,Shopping,2023-06,1840.98
8.0,Shopping,2023-06,1595.69
9.0,Shopping,2023-06,722.44
10.0,Shopping,2023-06,4584.69
11.0,Shopping,2023-06,2488.97
12.0,Shopping,2023-06,2950.43
13.0,Shopping,2023-06,4276.86
14.0,Shopping,2023-06,3375.85
15.0,Shopping,2023-06,1301.67
16.0,Shopping,2023-06,1375.56
17.0,Shopping,2023-06,1337.36
18.0,Shopping,2023-06,2179.66
19.0,Shopping,2023-06,1316.45
20.0,Shopping,2023-06,4223.2
21.0,Shopping,2023-06,2198.86
22.0,Shopping,2023-06,1170.37
23.0,Shopping,2023-06,1296.34
24.0,Shopping,2023-06,2910.69
25.0,Shopping,2023-06,3256.1
26.0,Shopping,2023-06,1733.06
27.0,Shopping,2023-06,3055.28
28.0,Shopping,2023-06,1615.54
29.0,Shopping,2023-06,2324.61
30.0,Shopping,2023-06,998.04
31.0,Shopping,2023-06,3893.75
32.0,Shopping,2023-06,1269.0
33.0,Shopping,2023-06,3882.19
34.0,Shopping,2023-06,2309.91
35.0,Shopping,2023-06,2911.12
36.0,Shopping,2023-06,922.23
37.0,Shopping,2023-06,651.51
38.0,Shopping,2023-06,1993.7
39.0,Shopping,2023-06,4107.39
40.0,Shopping,2023-06,3084.52
41.0,Shopping,2023-06,2797.8
42.0,Shopping,2023-06,3571.51
43.0,Shopping,2023-06,3550.92
44.0,Shopping,2023-06,2283.52
45.0,Shopping,2023-06,3616.51
46.0,Shopping,2023-06,2972.37
47.0,Shopping,2023-06,2893.79
48.0,Shopping,2023-06,3690.44
49.0,Shopping,2023-06,2811.04
50.0,Shopping,2023-06,2444.93
51.0,Shopping,2023-06,760.31
52.0,Shopping,2023-06,667.4
53.0,Shopping,2023-06,591.41
54.0,Shopping,2023-06,3126.58
55.0,Shopping,2023-06,3229.73
56.0,Shopping,2023-06,3477.82
57.0,Shopping,2023-06,3294.46
58.0,Shopping,2023-06,2370.21
59.0,Shopping,2023-06,1973.76
60.0,Shopping,2023-06,705.69
61.0,Shopping,2023-06,860.67
62.0,Shopping,2023-06,3184.63
63.0,Shopping,2023-06,2449.83
64.0,Shopping,2023-06,2568.87
65.0,Shopping,2023-06,2450.48
66.0,Shopping,2023-06,680.36
67.0,Shopping,2023-06,2477.96
68.0,Shopping,2023-06,1266.46
69.0,Shopping,2023-06,1612.39
70.0,Shopping,2023-06,2226.45
71.0,Shopping,2023-06,1564.17
72.0,Shopping,2023-06,1806.71
73.0,Shopping,2023-06,838.83
74.0,Shopping,2023-06,1875.0
75.0,Shopping,2023-06,2404.89
76.0,Shopping,2023-06,1324.73
77.0,Shopping,2023-06,1130.27
78.0,Shopping,2023-06,2255.4
79.0,Shopping,2023-06,2633.42
80.0,Shopping,2023-06,2401.53
81.0,Shopping,2023-06,2727.09
82.0,Shopping,2023-06,3491.83
83.0,Shopping,2023-06,3113.1
84.0,Shopping,2023-06,2473.36
85.0,Shopping,2023-06,3377.33
86.0,Shopping,2023-06,943.37
87.0,Shopping,2023-06,1161.5
88.0,Shopping,2023-06,1127.42
89.0,Shopping,2023-06,1926.17
90.0,Shopping,2023-06,2550.3
91.0,Shopping,2023-06,775.39
92.0,Shopping,2023-06,2948.57
93.0,Shopping,2023-06,3486.28
94.0,Shopping,2023-06,3565.83
95.0,Shopping,2023-06,4290.7
96.0,Shopping,2023-06,2377.16
97.0,Shopping,2023-06,2946.21
98.0,Shopping,2023-06,1722.01
99.0,Shopping,2023-06,3153.93
100.0,Shopping,2023-06,4180.61
101.0,Shopping,2023-06,3609.87
102.0,Shopping,2023-06,892.29
103.0,Shopping,2023-06,1041.4
104.0,Shopping,2023-06,1274.79
105.0,Shopping,2023-06,3978.78
106.0,Shopping,2023-06,3240.33
107.0,Shopping,2023-06,1850.73
108.0,Shopping,2023-06,3301.92
109.0,Shopping,2023-06,2122.77
110.0,Shopping,2023-06,2663.19
111.0,Shopping,2023-06,2825.81
112.0,Shopping,2023-06,2841.54
113.0,Shopping,2023-06,1558.68
114.0,Shopping,2023-06,2954.65
115.0,Shopping,2023-06,788.02
116.0,Shopping,2023-06,3315.2
117.0,Shopping,2023-06,552.61
118.0,Shopping,2023-06,3151.17
119.0,Shopping,2023-06,2758.25
120.0,Shopping,2023-06,3915.92
1.0,Shopping,2023-07,1890.01
2.0,Shopping,2023-07,3388.93
3.0,Shopping,2023-07,3593.58
4.0,Shopping,2023-07,3471.53
5.0,Shopping,2023-07,2838.67
6.0,Shopping,2023-07,1065.23
7.0,Shopping,2023-07,1792.72
8.0,Shopping,2023-07,1472.67
9.0,Shopping,2023-07,816.49
10.0,Shopping,2023-07,4224.38
11.0,Shopping,2023-07,2238.68
12.0,Shopping,2023-07,2560.06
13.0,Shopping,2023-07,4012.12
14.0,Shopping,2023-07,2813.81
15.0,Shopping,2023-07,1128.25
16.0,Shopping,2023-07,1374.82
17.0,Shopping,2023-07,1306.61
18.0,Shopping,2023-07,2051.79
19.0,Shopping,2023-07,1285.43
20.0,Shopping,2023-07,4206.85
21.0,Shopping,2023-07,1972.62
22.0,Shopping,2023-07,1057.37
23.0,Shopping,2023-07,1223.89
24.0,Shopping,2023-07,2527.23
25.0,Shopping,2023-07,2967.33
26.0,Shopping,2023-07,1709.97
27.0,Shopping,2023-07,2921.91
28.0,Shopping,2023-07,1463.8
29.0,Shopping,2023-07,2004.45
30.0,Shopping,2023-07,988.6
31.0,Shopping,2023-07,3282.43
32.0,Shopping,2023-07,1201.77
33.0,Shopping,2023-07,3356.46
34.0,Shopping,2023-07,2023.94
35.0,Shopping,2023-07,2664.94
36.0,Shopping,2023-07,880.87
37.0,Shopping,2023-07,699.81
38.0,Shopping,2023-07,1596.66
39.0,Shopping,2023-07,3786.62
40.0,Shopping,2023-07,2607.09
41.0,Shopping,2023-07,2596.25
42.0,Shopping,2023-07,3399.26
43.0,Shopping,2023-07,3414.91
44.0,Shopping,2023-07,2258.53
45.0,Shopping,2023-07,3323.67
46.0,Shopping,2023-07,2721.8
47.0,Shopping,2023-07,2788.18
48.0,Shopping,2023-07,3625.88
49.0,Shopping,2023-07,2455.88
50.0,Shopping,2023-07,2319.16
51.0,Shopping,2023-07,668.67
52.0,Shopping,2023-07,634.83
53.0,Shopping,2023-07,543.8
54.0,Shopping,2023-07,3058.99
55.0,Shopping,2023-07,2920.26
56.0,Shopping,2023-07,2903.03
57.0,Shopping,2023-07,2745.2
58.0,Shopping,2023-07,2271.55
59.0,Shopping,2023-07,1708.39
60.0,Shopping,2023-07,722.6
61.0,Shopping,2023-07,800.02
62.0,Shopping,2023-07,2797.16
63.0,Shopping,2023-07,2395.83
64.0,Shopping,2023-07,2295.59
65.0,Shopping,2023-07,2200.17
66.0,Shopping,2023-07,676.81
67.0,Shopping,2023-07,2166.12
68.0,Shopping,2023-07,1129.14
69.0,Shopping,2023-07,1407.44
70.0,Shopping,2023-07,2067.89
71.0,Shopping,2023-07,1623.08
72.0,Shopping,2023-07,1605.12
73.0,Shopping,2023-07,766.52
74.0,Shopping,2023-07,1701.28
75.0,Shopping,2023-07,2097.05
76.0,Shopping,2023-07,1225.76
77.0,Shopping,2023-07,1141.97
78.0,Shopping,2023-07,2230.97
79.0,Shopping,2023-07,2449.8
80.0,Shopping,2023-07,2239.52
81.0,Shopping,2023-07,2573.51
82.0,Shopping,2023-07,3090.45
83.0,Shopping,2023-07,2973.77
84.0,Shopping,2023-07,2410.73
85.0,Shopping,2023-07,3248.85
86.0,Shopping,2023-07,1016.36
87.0,Shopping,2023-07,1077.65
88.0,Shopping,2023-07,1055.05
89.0,Shopping,2023-07,1871.67
90.0,Shopping,2023-07,2486.97
91.0,Shopping,2023-07,706.33
92.0,Shopping,2023-07,3094.79
93.0,Shopping,2023-07,2821.91
94.0,Shopping,2023-07,3400.15
95.0,Shopping,2023-07,3751.62
96.0,Shopping,2023-07,2255.12
97.0,Shopping,2023-07,2604.07
98.0,Shopping,2023-07,1615.01
99.0,Shopping,2023-07,3171.56
100.0,Shopping,2023-07,3489.39
101.0,Shopping,2023-07,3491.26
102.0,Shopping,2023-07,898.68
103.0,Shopping,2023-07,940.96
104.0,Shopping,2023-07,1008.85
105.0,Shopping,2023-07,3740.95
106.0,Shopping,2023-07,2812.78
107.0,Shopping,2023-07,1832.72
108.0,Shopping,2023-07,2883.82
109.0,Shopping,2023-07,1828.72
110.0,Shopping,2023-07,2590.92
111.0,Shopping,2023-07,2555.08
112.0,Shopping,2023-07,2564.81
113.0,Shopping,2023-07,1373.13
114.0,Shopping,2023-07,2875.13
115.0,Shopping,2023-07,737.29
116.0,Shopping,2023-07,3102.27
117.0,Shopping,2023-07,515.85
118.0,Shopping,2023-07,3136.09
119.0,Shopping,2023-07,2650.45
120.0,Shopping,2023-07,3989.6
1.0,Shopping,2023-08,1687.52
2.0,Shopping,2023-08,2746.09
3.0,Shopping,2023-08,3217.45
4.0,Shopping,2023-08,3381.55
5.0,Shopping,2023-08,2862.05
6.0,Shopping,2023-08,952.28
7.0,Shopping,2023-08,1459.65
8.0,Shopping,2023-08,1312.03
9.0,Shopping,2023-08,628.84
10.0,Shopping,2023-08,3471.23
11.0,Shopping,2023-08,2049.6
12.0,Shopping,2023-08,2296.42
13.0,Shopping,2023-08,3388.51
14.0,Shopping,2023-08,2811.18
15.0,Shopping,2023-08,1176.76
16.0,Shopping,2023-08,1223.28
17.0,Shopping,2023-08,1041.35
18.0,Shopping,2023-08,1918.78
19.0,Shopping,2023-08,1071.49
20.0,Shopping,2023-08,3852.04
21.0,Shopping,2023-08,1839.4
22.0,Shopping,2023-08,1050.2
23.0,Shopping,2023-08,1200.54
24.0,Shopping,2023-08,2578.61
25.0,Shopping,2023-08,2692.25
26.0,Shopping,2023-08,1588.85
27.0,Shopping,2023-08,2608.88
28.0,Shopping,2023-08,1532.95
29.0,Shopping,2023-08,1942.76
30.0,Shopping,2023-08,836.7
31.0,Shopping,2023-08,3073.42
32.0,Shopping,2023-08,1162.73
33.0,Shopping,2023-08,2836.34
34.0,Shopping,2023-08,2001.81
35.0,Shopping,2023-08,2500.92
36.0,Shopping,2023-08,896.06
37.0,Shopping,2023-08,681.06
38.0,Shopping,2023-08,1598.47
39.0,Shopping,2023-08,3537.23
40.0,Shopping,2023-08,2505.73
41.0,Shopping,2023-08,2484.82
42.0,Shopping,2023-08,2886.1
43.0,Shopping,2023-08,2975.63
44.0,Shopping,2023-08,2138.48
45.0,Shopping,2023-08,3521.83
46.0,Shopping,2023-08,2312.35
47.0,Shopping,2023-08,2768.36
48.0,Shopping,2023-08,3124.15
49.0,Shopping,2023-08,2113.22
50.0,Shopping,2023-08,1983.37
51.0,Shopping,2023-08,673.27
52.0,Shopping,2023-08,659.66
53.0,Shopping,2023-08,496.43
54.0,Shopping,2023-08,2939.37
55.0,Shopping,2023-08,2496.92
56.0,Shopping,2023-08,2796.8
57.0,Shopping,2023-08,2758.14
58.0,Shopping,2023-08,2104.57
59.0,Shopping,2023-08,1638.21
60.0,Shopping,2023-08,665.89
61.0,Shopping,2023-08,769.8
62.0,Shopping,2023-08,2896.17
63.0,Shopping,2023-08,2311.02
64.0,Shopping,2023-08,2277.1
65.0,Shopping,2023-08,2314.81
66.0,Shopping,2023-08,567.48
67.0,Shopping,2023-08,2099.76
68.0,Shopping,2023-08,1095.76
69.0,Shopping,2023-08,1334.2
70.0,Shopping,2023-08,2044.9
71.0,Shopping,2023-08,1341.83
72.0,Shopping,2023-08,1603.03
73.0,Shopping,2023-08,762.86
74.0,Shopping,2023-08,1470.01
75.0,Shopping,2023-08,2039.5
76.0,Shopping,2023-08,1180.79
77.0,Shopping,2023-08,987.35
78.0,Shopping,2023-08,1966.38
79.0,Shopping,2023-08,2316.08
80.0,Shopping,2023-08,2296.72
81.0,Shopping,2023-08,2332.29
82.0,Shopping,2023-08,2929.62
83.0,Shopping,2023-08,2781.63
84.0,Shopping,2023-08,2374.78
85.0,Shopping,2023-08,3025.29
86.0,Shopping,2023-08,847.9
87.0,Shopping,2023-08,1011.84
88.0,Shopping,2023-08,844.31
89.0,Shopping,2023-08,1529.19
90.0,Shopping,2023-08,2506.08
91.0,Shopping,2023-08,739.5
92.0,Shopping,2023-08,2921.1
93.0,Shopping,2023-08,2994.93
94.0,Shopping,2023-08,2920.21
95.0,Shopping,2023-08,3486.53
96.0,Shopping,2023-08,2184.97
97.0,Shopping,2023-08,2346.63
98.0,Shopping,2023-08,1506.73
99.0,Shopping,2023-08,3092.45
100.0,Shopping,2023-08,3651.87
101.0,Shopping,2023-08,3458.21
102.0,Shopping,2023-08,845.37
103.0,Shopping,2023-08,935.98
104.0,Shopping,2023-08,962.31
105.0,Shopping,2023-08,3772.58
106.0,Shopping,2023-08,2639.44
107.0,Shopping,2023-08,1776.39
108.0,Shopping,2023-08,2979.18
109.0,Shopping,2023-08,1751.13
110.0,Shopping,2023-08,2469.04
111.0,Shopping,2023-08,2542.21
112.0,Shopping,2023-08,2442.42
113.0,Shopping,2023-08,1388.66
114.0,Shopping,2023-08,2153.07
115.0,Shopping,2023-08,680.22
116.0,Shopping,2023-08,2742.85
117.0,Shopping,2023-08,528.86
118.0,Shopping,2023-08,2804.05
119.0,Shopping,2023-08,2531.29
120.0,Shopping,2023-08,3495.3
1.0,Shopping,2023-09,1633.54
2.0,Shopping,2023-09,2743.47
3.0,Shopping,2023-09,3047.51
4.0,Shopping,2023-09,3144.24
5.0,Shopping,2023-09,2432.45
6.0,Shopping,2023-09,890.66
7.0,Shopping,2023-09,1365.65
8.0,Shopping,2023-09,1372.38
9.0,Shopping,2023-09,632.15
10.0,Shopping,2023-09,3394.84
11.0,Shopping,2023-09,2098.02
12.0,Shopping,2023-09,2121.01
13.0,Shopping,2023-09,3189.52
14.0,Shopping,2023-09,2934.61
15.0,Shopping,2023-09,1072.33
16.0,Shopping,2023-09,1119.29
17.0,Shopping,2023-09,861.12
18.0,Shopping,2023-09,1772.31
19.0,Shopping,2023-09,1117.5
20.0,Shopping,2023-09,3672.28
21.0,Shopping,2023-09,1725.35
22.0,Shopping,2023-09,942.75
23.0,Shopping,2023-09,1009.0
24.0,Shopping,2023-09,2416.49
25.0,Shopping,2023-09,2260.67
26.0,Shopping,2023-09,1409.21
27.0,Shopping,2023-09,2388.7
28.0,Shopping,2023-09,1307.89
29.0,Shopping,2023-09,1750.89
30.0,Shopping,2023-09,869.5
31.0,Shopping,2023-09,3031.87
32.0,Shopping,2023-09,1088.4
33.0,Shopping,2023-09,3006.45
34.0,Shopping,2023-09,1749.81
35.0,Shopping,2023-09,2370.76
36.0,Shopping,2023-09,766.75
37.0,Shopping,2023-09,633.6
38.0,Shopping,2023-09,1611.98
39.0,Shopping,2023-09,3571.7
40.0,Shopping,2023-09,2882.2
41.0,Shopping,2023-09,2477.33
42.0,Shopping,2023-09,3361.63
43.0,Shopping,2023-09,3030.42
44.0,Shopping,2023-09,2126.5
45.0,Shopping,2023-09,3203.21
46.0,Shopping,2023-09,2286.45
47.0,Shopping,2023-09,2781.91
48.0,Shopping,2023-09,2899.62
49.0,Shopping,2023-09,2142.92
50.0,Shopping,2023-09,1989.09
51.0,Shopping,2023-09,599.23
52.0,Shopping,2023-09,601.48
53.0,Shopping,2023-09,466.78
54.0,Shopping,2023-09,2481.11
55.0,Shopping,2023-09,2796.16
56.0,Shopping,2023-09,2809.15
57.0,Shopping,2023-09,2657.88
58.0,Shopping,2023-09,1733.83
59.0,Shopping,2023-09,1539.95
60.0,Shopping,2023-09,690.49
61.0,Shopping,2023-09,728.17
62.0,Shopping,2023-09,2316.64
63.0,Shopping,2023-09,2177.58
64.0,Shopping,2023-09,2175.27
65.0,Shopping,2023-09,1946.19
66.0,Shopping,2023-09,604.3
67.0,Shopping,2023-09,1725.14
68.0,Shopping,2023-09,1121.91
69.0,Shopping,2023-09,1141.04
70.0,Shopping,2023-09,1836.27
71.0,Shopping,2023-09,1170.13
72.0,Shopping,2023-09,1499.94
73.0,Shopping,2023-09,785.3
74.0,Shopping,2023-09,1561.85
75.0,Shopping,2023-09,1817.22
76.0,Shopping,2023-09,984.78
77.0,Shopping,2023-09,967.13
78.0,Shopping,2023-09,1801.19
79.0,Shopping,2023-09,2221.79
80.0,Shopping,2023-09,2294.73
81.0,Shopping,2023-09,2275.67
82.0,Shopping,2023-09,2821.24
83.0,Shopping,2023-09,2405.89
84.0,Shopping,2023-09,1948.71
85.0,Shopping,2023-09,2691.92
86.0,Shopping,2023-09,867.72
87.0,Shopping,2023-09,920.16
88.0,Shopping,2023-09,925.08
89.0,Shopping,2023-09,1653.36
90.0,Shopping,2023-09,2478.36
91.0,Shopping,2023-09,695.68
92.0,Shopping,2023-09,2667.63
93.0,Shopping,2023-09,2795.7
94.0,Shopping,2023-09,3020.22
95.0,Shopping,2023-09,3534.17
96.0,Shopping,2023-09,2150.16
97.0,Shopping,2023-09,2625.95
98.0,Shopping,2023-09,1507.91
99.0,Shopping,2023-09,2638.19
100.0,Shopping,2023-09,3646.53
101.0,Shopping,2023-09,3163.52
102.0,Shopping,2023-09,786.38
103.0,Shopping,2023-09,790.95
104.0,Shopping,2023-09,916.78
105.0,Shopping,2023-09,3114.86
106.0,Shopping,2023-09,2675.41
107.0,Shopping,2023-09,1618.94
108.0,Shopping,2023-09,2439.82
109.0,Shopping,2023-09,1549.75
110.0,Shopping,2023-09,2265.59
111.0,Shopping,2023-09,2053.72
112.0,Shopping,2023-09,2490.26
113.0,Shopping,2023-09,1255.27
114.0,Shopping,2023-09,2355.72
115.0,Shopping,2023-09,603.2
116.0,Shopping,2023-09,2456.85
117.0,Shopping,2023-09,426.75
118.0,Shopping,2023-09,2462.62
119.0,Shopping,2023-09,2333.91
120.0,Shopping,2023-09,3454.16
1.0,Shopping,2023-10,1640.88
2.0,Shopping,2023-10,2926.87
3.0,Shopping,2023-10,3113.85
4.0,Shopping,2023-10,3067.58
5.0,Shopping,2023-10,2391.32
6.0,Shopping,2023-10,990.21
7.0,Shopping,2023-10,1486.43
8.0,Shopping,2023-10,1135.45
9.0,Shopping,2023-10,576.61
10.0,Shopping,2023-10,3717.23
11.0,Shopping,2023-10,1934.4
12.0,Shopping,2023-10,1943.0
13.0,Shopping,2023-10,3332.4
14.0,Shopping,2023-10,2655.94
15.0,Shopping,2023-10,957.9
16.0,Shopping,2023-10,1128.09
17.0,Shopping,2023-10,1031.48
18.0,Shopping,2023-10,1910.96
19.0,Shopping,2023-10,1131.88
20.0,Shopping,2023-10,3457.23
21.0,Shopping,2023-10,1741.78
22.0,Shopping,2023-10,857.48
23.0,Shopping,2023-10,1133.66
24.0,Shopping,2023-10,2286.95
25.0,Shopping,2023-10,2304.43
26.0,Shopping,2023-10,1485.75
27.0,Shopping,2023-10,2145.64
28.0,Shopping,2023-10,1481.3
29.0,Shopping,2023-10,1562.24
30.0,Shopping,2023-10,827.4
31.0,Shopping,2023-10,3063.86
32.0,Shopping,2023-10,1190.54
33.0,Shopping,2023-10,3183.79
34.0,Shopping,2023-10,1747.47
35.0,Shopping,2023-10,2436.63
36.0,Shopping,2023-10,743.68
37.0,Shopping,2023-10,644.58
38.0,Shopping,2023-10,1620.89
39.0,Shopping,2023-10,3346.51
40.0,Shopping,2023-10,2407.49
41.0,Shopping,2023-10,2464.69
42.0,Shopping,2023-10,2674.75
43.0,Shopping,2023-10,2865.65
44.0,Shopping,2023-10,1895.63
45.0,Shopping,2023-10,3007.13
46.0,Shopping,2023-10,2411.8
47.0,Shopping,2023-10,2445.22
48.0,Shopping,2023-10,3223.55
49.0,Shopping,2023-10,2104.59
50.0,Shopping,2023-10,1710.65
51.0,Shopping,2023-10,657.0
52.0,Shopping,2023-10,577.55
53.0,Shopping,2023-10,452.65
54.0,Shopping,2023-10,2727.44
55.0,Shopping,2023-10,2505.07
56.0,Shopping,2023-10,2599.97
57.0,Shopping,2023-10,2442.81
58.0,Shopping,2023-10,2003.65
59.0,Shopping,2023-10,1387.06
60.0,Shopping,2023-10,724.89
61.0,Shopping,2023-10,565.91
62.0,Shopping,2023-10,2603.41
63.0,Shopping,2023-10,2087.97
64.0,Shopping,2023-10,2098.85
65.0,Shopping,2023-10,1896.42
66.0,Shopping,2023-10,545.75
67.0,Shopping,2023-10,2035.89
68.0,Shopping,2023-10,1027.59
69.0,Shopping,2023-10,1265.34
70.0,Shopping,2023-10,1650.89
71.0,Shopping,2023-10,1215.31
72.0,Shopping,2023-10,1401.23
73.0,Shopping,2023-10,704.72
74.0,Shopping,2023-10,1599.42
75.0,Shopping,2023-10,1975.66
76.0,Shopping,2023-10,1003.45
77.0,Shopping,2023-10,1054.94
78.0,Shopping,2023-10,1732.99
79.0,Shopping,2023-10,1961.32
80.0,Shopping,2023-10,1961.67
81.0,Shopping,2023-10,2074.23
82.0,Shopping,2023-10,2566.09
83.0,Shopping,2023-10,2175.27
84.0,Shopping,2023-10,2075.02
85.0,Shopping,2023-10,3185.95
86.0,Shopping,2023-10,802.23
87.0,Shopping,2023-10,984.88
88.0,Shopping,2023-10,949.23
89.0,Shopping,2023-10,1573.93
90.0,Shopping,2023-10,2358.05
91.0,Shopping,2023-10,641.95
92.0,Shopping,2023-10,2840.39
93.0,Shopping,2023-10,2683.81
94.0,Shopping,2023-10,3130.88
95.0,Shopping,2023-10,3488.8
96.0,Shopping,2023-10,1943.24
97.0,Shopping,2023-10,2109.76
98.0,Shopping,2023-10,1465.49
99.0,Shopping,2023-10,2423.99
100.0,Shopping,2023-10,3608.76
101.0,Shopping,2023-10,2819.15
102.0,Shopping,2023-10,863.98
103.0,Shopping,2023-10,855.02
104.0,Shopping,2023-10,856.23
105.0,Shopping,2023-10,3174.64
106.0,Shopping,2023-10,2688.84
107.0,Shopping,2023-10,1699.94
108.0,Shopping,2023-10,2682.68
109.0,Shopping,2023-10,1655.36
110.0,Shopping,2023-10,2593.44
111.0,Shopping,2023-10,2178.25
112.0,Shopping,2023-10,2447.59
113.0,Shopping,2023-10,1276.32
114.0,Shopping,2023-10,2159.72
115.0,Shopping,2023-10,650.47
116.0,Shopping,2023-10,2292.86
117.0,Shopping,2023-10,508.99
118.0,Shopping,2023-10,2322.39
119.0,Shopping,2023-10,2206.53
120.0,Shopping,2023-10,3150.52
1.0,Shopping,2023-11,1818.28
2.0,Shopping,2023-11,2813.35
3.0,Shopping,2023-11,2906.47
4.0,Shopping,2023-11,3298.15
5.0,Shopping,2023-11,2354.27
6.0,Shopping,2023-11,915.82
7.0,Shopping,2023-11,1529.49
8.0,Shopping,2023-11,1131.5
9.0,Shopping,2023-11,577.78
10.0,Shopping,2023-11,3445.1
11.0,Shopping,2023-11,2101.26
12.0,Shopping,2023-11,2521.24
13.0,Shopping,2023-11,3165.23
14.0,Shopping,2023-11,2559.72
15.0,Shopping,2023-11,1053.69
16.0,Shopping,2023-11,1021.38
17.0,Shopping,2023-11,1152.91
18.0,Shopping,2023-11,1653.11
19.0,Shopping,2023-11,990.08
20.0,Shopping,2023-11,3666.56
21.0,Shopping,2023-11,2152.58
22.0,Shopping,2023-11,998.24
23.0,Shopping,2023-11,1211.48
24.0,Shopping,2023-11,2285.1
25.0,Shopping,2023-11,2483.08
26.0,Shopping,2023-11,1423.63
27.0,Shopping,2023-11,2211.67
28.0,Shopping,2023-11,1385.71
29.0,Shopping,2023-11,1694.83
30.0,Shopping,2023-11,890.88
31.0,Shopping,2023-11,3017.59
32.0,Shopping,2023-11,1116.45
33.0,Shopping,2023-11,3212.67
34.0,Shopping,2023-11,1878.89
35.0,Shopping,2023-11,2770.88
36.0,Shopping,2023-11,811.29
37.0,Shopping,2023-11,719.29
38.0,Shopping,2023-11,1622.2
39.0,Shopping,2023-11,3348.06
40.0,Shopping,2023-11,2616.86
41.0,Shopping,2023-11,2329.23
42.0,Shopping,2023-11,2772.66
43.0,Shopping,2023-11,2910.57
44.0,Shopping,2023-11,2160.24
45.0,Shopping,2023-11,3313.7
46.0,Shopping,2023-11,2211.97
47.0,Shopping,2023-11,2560.74
48.0,Shopping,2023-11,3183.17
49.0,Shopping,2023-11,2160.27
50.0,Shopping,2023-11,1724.33
51.0,Shopping,2023-11,718.84
52.0,Shopping,2023-11,569.36
53.0,Shopping,2023-11,445.72
54.0,Shopping,2023-11,2526.09
55.0,Shopping,2023-11,2757.76
56.0,Shopping,2023-11,2790.36
57.0,Shopping,2023-11,2398.37
58.0,Shopping,2023-11,1767.82
59.0,Shopping,2023-11,1465.57
60.0,Shopping,2023-11,689.89
61.0,Shopping,2023-11,749.24
62.0,Shopping,2023-11,2535.52
63.0,Shopping,2023-11,2100.73
64.0,Shopping,2023-11,1949.4
65.0,Shopping,2023-11,1952.08
66.0,Shopping,2023-11,560.93
67.0,Shopping,2023-11,1973.68
68.0,Shopping,2023-11,1090.76
69.0,Shopping,2023-11,1377.55
70.0,Shopping,2023-11,2009.6
71.0,Shopping,2023-11,1342.85
72.0,Shopping,2023-11,1389.13
73.0,Shopping,2023-11,756.89
74.0,Shopping,2023-11,1551.91
75.0,Shopping,2023-11,1775.0
76.0,Shopping,2023-11,1094.9
77.0,Shopping,2023-11,1071.36
78.0,Shopping,2023-11,1822.29
79.0,Shopping,2023-11,2341.42
80.0,Shopping,2023-11,2255.92
81.0,Shopping,2023-11,2422.61
82.0,Shopping,2023-11,2622.83
83.0,Shopping,2023-11,2179.66
84.0,Shopping,2023-11,2122.87
85.0,Shopping,2023-11,2634.99
86.0,Shopping,2023-11,888.96
87.0,Shopping,2023-11,988.79
88.0,Shopping,2023-11,973.08
89.0,Shopping,2023-11,1695.26
90.0,Shopping,2023-11,2438.94
91.0,Shopping,2023-11,698.93
92.0,Shopping,2023-11,2718.56
93.0,Shopping,2023-11,2495.12
94.0,Shopping,2023-11,3014.76
95.0,Shopping,2023-11,3787.63
96.0,Shopping,2023-11,2104.15
97.0,Shopping,2023-11,2319.78
98.0,Shopping,2023-11,1491.78
99.0,Shopping,2023-11,2647.0
100.0,Shopping,2023-11,3586.79
101.0,Shopping,2023-11,3075.15
102.0,Shopping,2023-11,799.79
103.0,Shopping,2023-11,838.13
104.0,Shopping,2023-11,870.55
105.0,Shopping,2023-11,3501.91
106.0,Shopping,2023-11,2530.38
107.0,Shopping,2023-11,1736.57
108.0,Shopping,2023-11,2740.29
109.0,Shopping,2023-11,1753.04
110.0,Shopping,2023-11,2238.63
111.0,Shopping,2023-11,2241.08
112.0,Shopping,2023-11,2281.17
113.0,Shopping,2023-11,1143.88
114.0,Shopping,2023-11,2514.06
115.0,Shopping,2023-11,520.29
116.0,Shopping,2023-11,2659.02
117.0,Shopping,2023-11,469.99
118.0,Shopping,2023-11,2510.82
119.0,Shopping,2023-11,2387.63
120.0,Shopping,2023-11,3013.55
1.0,Shopping,2023-12,1748.84
2.0,Shopping,2023-12,2796.28
3.0,Shopping,2023-12,3117.97
4.0,Shopping,2023-12,3529.48
5.0,Shopping,2023-12,2455.27
6.0,Shopping,2023-12,1142.52
7.0,Shopping,2023-12,1449.65
8.0,Shopping,2023-12,1269.2
9.0,Shopping,2023-12,715.04
10.0,Shopping,2023-12,3831.32
11.0,Shopping,2023-12,2240.16
12.0,Shopping,2023-12,2246.14
13.0,Shopping,2023-12,3617.25
14.0,Shopping,2023-12,2808.11
15.0,Shopping,2023-12,1095.6
16.0,Shopping,2023-12,1120.85
17.0,Shopping,2023-12,1181.73
18.0,Shopping,2023-12,1847.2
19.0,Shopping,2023-12,1184.32
20.0,Shopping,2023-12,3770.8
21.0,Shopping,2023-12,2126.63
22.0,Shopping,2023-12,1020.56
23.0,Shopping,2023-12,1224.44
24.0,Shopping,2023-12,2435.37
25.0,Shopping,2023-12,2672.41
26.0,Shopping,2023-12,1662.59
27.0,Shopping,2023-12,2647.44
28.0,Shopping,2023-12,1615.93
29.0,Shopping,2023-12,1858.64
30.0,Shopping,2023-12,949.63
31.0,Shopping,2023-12,3530.85
32.0,Shopping,2023-12,1287.39
33.0,Shopping,2023-12,3400.74
34.0,Shopping,2023-12,2008.39
35.0,Shopping,2023-12,2506.87
36.0,Shopping,2023-12,926.85
37.0,Shopping,2023-12,743.87
38.0,Shopping,2023-12,1737.34
39.0,Shopping,2023-12,4010.64
40.0,Shopping,2023-12,2585.89
41.0,Shopping,2023-12,2392.53
42.0,Shopping,2023-12,3059.1
43.0,Shopping,2023-12,3089.5
44.0,Shopping,2023-12,2125.45
45.0,Shopping,2023-12,3024.87
46.0,Shopping,2023-12,2161.44
47.0,Shopping,2023-12,2809.35
48.0,Shopping,2023-12,3498.42
49.0,Shopping,2023-12,2301.91
50.0,Shopping,2023-12,1926.2
51.0,Shopping,2023-12,653.01
52.0,Shopping,2023-12,663.78
53.0,Shopping,2023-12,521.89
54.0,Shopping,2023-12,2749.01
55.0,Shopping,2023-12,2661.76
56.0,Shopping,2023-12,3044.3
57.0,Shopping,2023-12,2773.16
58.0,Shopping,2023-12,2175.24
59.0,Shopping,2023-12,1573.31
60.0,Shopping,2023-12,859.32
61.0,Shopping,2023-12,810.56
62.0,Shopping,2023-12,2573.9
63.0,Shopping,2023-12,2131.28
64.0,Shopping,2023-12,2145.12
65.0,Shopping,2023-12,1997.64
66.0,Shopping,2023-12,582.14
67.0,Shopping,2023-12,2249.53
68.0,Shopping,2023-12,1220.21
69.0,Shopping,2023-12,1343.02
70.0,Shopping,2023-12,2005.31
71.0,Shopping,2023-12,1278.3
72.0,Shopping,2023-12,1584.4
73.0,Shopping,2023-12,806.78
74.0,Shopping,2023-12,1552.89
75.0,Shopping,2023-12,1899.15
76.0,Shopping,2023-12,1144.89
77.0,Shopping,2023-12,1144.8
78.0,Shopping,2023-12,1977.41
79.0,Shopping,2023-12,2080.1
80.0,Shopping,2023-12,2423.49
81.0,Shopping,2023-12,2499.13
82.0,Shopping,2023-12,2980.47
83.0,Shopping,2023-12,2567.11
84.0,Shopping,2023-12,2345.41
85.0,Shopping,2023-12,2850.17
86.0,Shopping,2023-12,966.37
87.0,Shopping,2023-12,1032.16
88.0,Shopping,2023-12,1063.97
89.0,Shopping,2023-12,1808.0
90.0,Shopping,2023-12,2446.91
91.0,Shopping,2023-12,789.4
92.0,Shopping,2023-12,2660.5
93.0,Shopping,2023-12,2815.62
94.0,Shopping,2023-12,3292.02
95.0,Shopping,2023-12,4007.03
96.0,Shopping,2023-12,2084.13
97.0,Shopping,2023-12,2495.49
98.0,Shopping,2023-12,1317.18
99.0,Shopping,2023-12,2479.04
100.0,Shopping,2023-12,3976.48
101.0,Shopping,2023-12,3647.98
102.0,Shopping,2023-12,907.88
103.0,Shopping,2023-12,875.86
104.0,Shopping,2023-12,963.09
105.0,Shopping,2023-12,3483.88
106.0,Shopping,2023-12,2596.05
107.0,Shopping,2023-12,1722.69
108.0,Shopping,2023-12,2633.59
109.0,Shopping,2023-12,1679.53
110.0,Shopping,2023-12,2648.81
111.0,Shopping,2023-12,2238.22
112.0,Shopping,2023-12,2433.68
113.0,Shopping,2023-12,1372.3
114.0,Shopping,2023-12,2625.89
115.0,Shopping,2023-12,629.52
116.0,Shopping,2023-12,2778.99
117.0,Shopping,2023-12,489.66
118.0,Shopping,2023-12,3205.26
119.0,Shopping,2023-12,2576.98
120.0,Shopping,2023-12,3260.55
1.0,Shopping,2024-01,1896.48
2.0,Shopping,2024-01,3096.92
3.0,Shopping,2024-01,3511.5
4.0,Shopping,2024-01,3579.84
5.0,Shopping,2024-01,2893.14
6.0,Shopping,2024-01,1022.47
7.0,Shopping,2024-01,1578.9
8.0,Shopping,2024-01,1422.21
9.0,Shopping,2024-01,701.67
10.0,Shopping,2024-01,4299.18
11.0,Shopping,2024-01,2539.23
12.0,Shopping,2024-01,2555.65
13.0,Shopping,2024-01,3991.68
14.0,Shopping,2024-01,3255.72
15.0,Shopping,2024-01,1252.87
16.0,Shopping,2024-01,1213.18
17.0,Shopping,2024-01,1206.44
18.0,Shopping,2024-01,2076.46
19.0,Shopping,2024-01,1231.68
20.0,Shopping,2024-01,4456.71
21.0,Shopping,2024-01,2055.97
22.0,Shopping,2024-01,1041.13
23.0,Shopping,2024-01,1412.49
24.0,Shopping,2024-01,2827.13
25.0,Shopping,2024-01,2713.81
26.0,Shopping,2024-01,1788.34
27.0,Shopping,2024-01,2781.35
28.0,Shopping,2024-01,1672.87
29.0,Shopping,2024-01,1950.26
30.0,Shopping,2024-01,1114.56
31.0,Shopping,2024-01,3649.25
32.0,Shopping,2024-01,1428.79
33.0,Shopping,2024-01,3556.27
34.0,Shopping,2024-01,2012.03
35.0,Shopping,2024-01,2759.85
36.0,Shopping,2024-01,959.34
37.0,Shopping,2024-01,832.79
38.0,Shopping,2024-01,1918.57
39.0,Shopping,2024-01,3834.09
40.0,Shopping,2024-01,2602.91
41.0,Shopping,2024-01,2792.55
42.0,Shopping,2024-01,3612.78
43.0,Shopping,2024-01,3494.78
44.0,Shopping,2024-01,2222.19
45.0,Shopping,2024-01,3323.29
46.0,Shopping,2024-01,2674.84
47.0,Shopping,2024-01,2762.78
48.0,Shopping,2024-01,3742.92
49.0,Shopping,2024-01,2502.23
50.0,Shopping,2024-01,2123.58
51.0,Shopping,2024-01,756.02
52.0,Shopping,2024-01,730.31
53.0,Shopping,2024-01,491.07
54.0,Shopping,2024-01,3135.44
55.0,Shopping,2024-01,2786.92
56.0,Shopping,2024-01,3522.71
57.0,Shopping,2024-01,2978.78
58.0,Shopping,2024-01,2218.17
59.0,Shopping,2024-01,1866.87
60.0,Shopping,2024-01,863.02
61.0,Shopping,2024-01,768.7
62.0,Shopping,2024-01,2999.98
63.0,Shopping,2024-01,2503.69
64.0,Shopping,2024-01,2380.66
65.0,Shopping,2024-01,2228.12
66.0,Shopping,2024-01,665.82
67.0,Shopping,2024-01,2236.01
68.0,Shopping,2024-01,1224.73
69.0,Shopping,2024-01,1480.33
70.0,Shopping,2024-01,2070.8
71.0,Shopping,2024-01,1404.5
72.0,Shopping,2024-01,1680.96
73.0,Shopping,2024-01,821.19
74.0,Shopping,2024-01,1761.68
75.0,Shopping,2024-01,2282.32
76.0,Shopping,2024-01,1298.81
77.0,Shopping,2024-01,1190.33
78.0,Shopping,2024-01,2115.88
79.0,Shopping,2024-01,2410.36
80.0,Shopping,2024-01,2316.5
81.0,Shopping,2024-01,2409.03
82.0,Shopping,2024-01,3406.14
83.0,Shopping,2024-01,2837.68
84.0,Shopping,2024-01,2511.55
85.0,Shopping,2024-01,3295.24
86.0,Shopping,2024-01,1022.22
87.0,Shopping,2024-01,1200.3
88.0,Shopping,2024-01,1082.87
89.0,Shopping,2024-01,1877.14
90.0,Shopping,2024-01,2439.73
91.0,Shopping,2024-01,824.49
92.0,Shopping,2024-01,3150.66
93.0,Shopping,2024-01,2790.88
94.0,Shopping,2024-01,3596.44
95.0,Shopping,2024-01,4293.1
96.0,Shopping,2024-01,2418.65
97.0,Shopping,2024-01,3093.39
98.0,Shopping,2024-01,1705.2
99.0,Shopping,2024-01,3104.3
100.0,Shopping,2024-01,4604.74
101.0,Shopping,2024-01,3585.67
102.0,Shopping,2024-01,1023.19
103.0,Shopping,2024-01,915.76
104.0,Shopping,2024-01,1099.71
105.0,Shopping,2024-01,3403.8
106.0,Shopping,2024-01,3493.09
107.0,Shopping,2024-01,2033.18
108.0,Shopping,2024-01,3305.93
109.0,Shopping,2024-01,1673.48
110.0,Shopping,2024-01,2811.5
111.0,Shopping,2024-01,2844.65
112.0,Shopping,2024-01,2725.23
113.0,Shopping,2024-01,1553.87
114.0,Shopping,2024-01,2615.28
115.0,Shopping,2024-01,735.23
116.0,Shopping,2024-01,2970.73
117.0,Shopping,2024-01,571.08
118.0,Shopping,2024-01,3190.05
119.0,Shopping,2024-01,2718.13
120.0,Shopping,2024-01,3660.64
1.0,Shopping,2024-02,2003.12
2.0,Shopping,2024-02,3569.62
3.0,Shopping,2024-02,3873.14
4.0,Shopping,2024-02,3848.67
5.0,Shopping,2024-02,2872.34
6.0,Shopping,2024-02,1310.54
7.0,Shopping,2024-02,1711.02
8.0,Shopping,2024-02,1549.72
9.0,Shopping,2024-02,788.22
10.0,Shopping,2024-02,4320.02
11.0,Shopping,2024-02,2660.18
12.0,Shopping,2024-02,2741.81
13.0,Shopping,2024-02,4365.5
14.0,Shopping,2024-02,3442.66
15.0,Shopping,2024-02,1407.12
16.0,Shopping,2024-02,1397.15
17.0,Shopping,2024-02,1251.65
18.0,Shopping,2024-02,2081.18
19.0,Shopping,2024-02,1351.69
20.0,Shopping,2024-02,4808.95
21.0,Shopping,2024-02,2224.98
22.0,Shopping,2024-02,1119.23
23.0,Shopping,2024-02,1488.7
24.0,Shopping,2024-02,3125.05
25.0,Shopping,2024-02,3434.51
26.0,Shopping,2024-02,1757.09
27.0,Shopping,2024-02,2866.71
28.0,Shopping,2024-02,1736.77
29.0,Shopping,2024-02,2123.4
30.0,Shopping,2024-02,1134.7
31.0,Shopping,2024-02,3856.96
32.0,Shopping,2024-02,1497.57
33.0,Shopping,2024-02,3663.68
34.0,Shopping,2024-02,2409.34
35.0,Shopping,2024-02,3020.24
36.0,Shopping,2024-02,1020.91
37.0,Shopping,2024-02,882.95
38.0,Shopping,2024-02,2011.1
39.0,Shopping,2024-02,4304.57
40.0,Shopping,2024-02,3088.86
41.0,Shopping,2024-02,2851.43
42.0,Shopping,2024-02,3645.03
43.0,Shopping,2024-02,3684.35
44.0,Shopping,2024-02,2617.62
45.0,Shopping,2024-02,3446.39
46.0,Shopping,2024-02,2889.34
47.0,Shopping,2024-02,3153.32
48.0,Shopping,2024-02,3858.26
49.0,Shopping,2024-02,2729.41
50.0,Shopping,2024-02,2190.35
51.0,Shopping,2024-02,769.27
52.0,Shopping,2024-02,742.99
53.0,Shopping,2024-02,542.82
54.0,Shopping,2024-02,3177.71
55.0,Shopping,2024-02,3177.67
56.0,Shopping,2024-02,3485.67
57.0,Shopping,2024-02,3170.45
58.0,Shopping,2024-02,2497.6
59.0,Shopping,2024-02,1658.35
60.0,Shopping,2024-02,884.46
61.0,Shopping,2024-02,832.7
62.0,Shopping,2024-02,2962.44
63.0,Shopping,2024-02,2790.41
64.0,Shopping,2024-02,2554.94
65.0,Shopping,2024-02,2523.49
66.0,Shopping,2024-02,713.71
67.0,Shopping,2024-02,2617.6
68.0,Shopping,2024-02,1264.75
69.0,Shopping,2024-02,1697.98
70.0,Shopping,2024-02,2165.67
71.0,Shopping,2024-02,1602.88
72.0,Shopping,2024-02,1694.71
73.0,Shopping,2024-02,942.19
74.0,Shopping,2024-02,1772.68
75.0,Shopping,2024-02,2235.79
76.0,Shopping,2024-02,1325.72
77.0,Shopping,2024-02,1371.31
78.0,Shopping,2024-02,2169.68
79.0,Shopping,2024-02,2669.65
80.0,Shopping,2024-02,2835.46
81.0,Shopping,2024-02,2635.96
82.0,Shopping,2024-02,3474.72
83.0,Shopping,2024-02,3247.14
84.0,Shopping,2024-02,2640.17
85.0,Shopping,2024-02,3825.73
86.0,Shopping,2024-02,1137.59
87.0,Shopping,2024-02,1168.31
88.0,Shopping,2024-02,1221.44
89.0,Shopping,2024-02,1961.87
90.0,Shopping,2024-02,2801.32
91.0,Shopping,2024-02,883.96
92.0,Shopping,2024-02,3367.64
93.0,Shopping,2024-02,3349.39
94.0,Shopping,2024-02,3876.39
95.0,Shopping,2024-02,4436.82
96.0,Shopping,2024-02,2579.52
97.0,Shopping,2024-02,3218.42
98.0,Shopping,2024-02,1679.26
99.0,Shopping,2024-02,3350.7
100.0,Shopping,2024-02,4756.44
101.0,Shopping,2024-02,3777.92
102.0,Shopping,2024-02,1036.77
103.0,Shopping,2024-02,951.27
104.0,Shopping,2024-02,1132.94
105.0,Shopping,2024-02,4083.43
106.0,Shopping,2024-02,3357.51
107.0,Shopping,2024-02,2058.11
108.0,Shopping,2024-02,3266.47
109.0,Shopping,2024-02,1845.51
110.0,Shopping,2024-02,2904.33
111.0,Shopping,2024-02,2672.61
112.0,Shopping,2024-02,2983.95
113.0,Shopping,2024-02,1562.46
114.0,Shopping,2024-02,3014.3
115.0,Shopping,2024-02,742.78
116.0,Shopping,2024-02,3514.95
117.0,Shopping,2024-02,632.29
118.0,Shopping,2024-02,3343.14
119.0,Shopping,2024-02,2766.8
120.0,Shopping,2024-02,3797.46
1.0,Shopping,2024-03,1920.55
2.0,Shopping,2024-03,3507.9
3.0,Shopping,2024-03,4168.48
4.0,Shopping,2024-03,4107.68
5.0,Shopping,2024-03,3152.93
6.0,Shopping,2024-03,1294.96
7.0,Shopping,2024-03,1714.57
8.0,Shopping,2024-03,1593.36
9.0,Shopping,2024-03,808.93
10.0,Shopping,2024-03,4767.82
11.0,Shopping,2024-03,2750.8
12.0,Shopping,2024-03,2959.26
13.0,Shopping,2024-03,4347.83
14.0,Shopping,2024-03,3487.47
15.0,Shopping,2024-03,1282.11
16.0,Shopping,2024-03,1571.38
17.0,Shopping,2024-03,1396.72
18.0,Shopping,2024-03,2344.16
19.0,Shopping,2024-03,1448.65
20.0,Shopping,2024-03,4475.95
21.0,Shopping,2024-03,2519.44
22.0,Shopping,2024-03,1218.73
23.0,Shopping,2024-03,1677.83
24.0,Shopping,2024-03,3040.69
25.0,Shopping,2024-03,3465.41
26.0,Shopping,2024-03,1913.39
27.0,Shopping,2024-03,2957.31
28.0,Shopping,2024-03,1802.96
29.0,Shopping,2024-03,2245.93
30.0,Shopping,2024-03,1257.83
31.0,Shopping,2024-03,3819.39
32.0,Shopping,2024-03,1546.35
33.0,Shopping,2024-03,4166.62
34.0,Shopping,2024-03,2476.58
35.0,Shopping,2024-03,3239.94
36.0,Shopping,2024-03,1098.95
37.0,Shopping,2024-03,904.91
38.0,Shopping,2024-03,2252.64
39.0,Shopping,2024-03,4646.73
40.0,Shopping,2024-03,3237.41
41.0,Shopping,2024-03,3045.36
42.0,Shopping,2024-03,3611.44
43.0,Shopping,2024-03,4181.97
44.0,Shopping,2024-03,2814.27
45.0,Shopping,2024-03,3897.24
46.0,Shopping,2024-03,3075.56
47.0,Shopping,2024-03,3144.52
48.0,Shopping,2024-03,4233.86
49.0,Shopping,2024-03,2845.91
50.0,Shopping,2024-03,2402.22
51.0,Shopping,2024-03,871.29
52.0,Shopping,2024-03,811.95
53.0,Shopping,2024-03,670.3
54.0,Shopping,2024-03,3452.74
55.0,Shopping,2024-03,3262.76
56.0,Shopping,2024-03,3888.16
57.0,Shopping,2024-03,3462.81
58.0,Shopping,2024-03,2422.0
59.0,Shopping,2024-03,2049.92
60.0,Shopping,2024-03,1000.24
61.0,Shopping,2024-03,898.45
62.0,Shopping,2024-03,3362.1
63.0,Shopping,2024-03,2783.1
64.0,Shopping,2024-03,2779.72
65.0,Shopping,2024-03,2540.13
66.0,Shopping,2024-03,732.03
67.0,Shopping,2024-03,2695.52
68.0,Shopping,2024-03,1393.53
69.0,Shopping,2024-03,1639.52
70.0,Shopping,2024-03,2450.54
71.0,Shopping,2024-03,1636.18
72.0,Shopping,2024-03,1731.74
73.0,Shopping,2024-03,1035.79
74.0,Shopping,2024-03,2078.55
75.0,Shopping,2024-03,2567.23
76.0,Shopping,2024-03,1476.24
77.0,Shopping,2024-03,1447.67
78.0,Shopping,2024-03,2349.95
79.0,Shopping,2024-03,2869.92
80.0,Shopping,2024-03,2992.2
81.0,Shopping,2024-03,2784.63
82.0,Shopping,2024-03,3606.69
83.0,Shopping,2024-03,3357.27
84.0,Shopping,2024-03,2777.14
85.0,Shopping,2024-03,3566.42
86.0,Shopping,2024-03,1173.34
87.0,Shopping,2024-03,1276.76
88.0,Shopping,2024-03,1214.68
89.0,Shopping,2024-03,2187.23
90.0,Shopping,2024-03,2976.24
91.0,Shopping,2024-03,955.99
92.0,Shopping,2024-03,3422.36
93.0,Shopping,2024-03,3360.33
94.0,Shopping,2024-03,4171.64
95.0,Shopping,2024-03,4460.78
96.0,Shopping,2024-03,2705.73
97.0,Shopping,2024-03,3341.79
98.0,Shopping,2024-03,1955.06
99.0,Shopping,2024-03,3706.46
100.0,Shopping,2024-03,4563.15
101.0,Shopping,2024-03,4118.55
102.0,Shopping,2024-03,1136.23
103.0,Shopping,2024-03,1037.35
104.0,Shopping,2024-03,1225.43
105.0,Shopping,2024-03,3966.55
106.0,Shopping,2024-03,3374.05
107.0,Shopping,2024-03,2344.87
108.0,Shopping,2024-03,3494.88
109.0,Shopping,2024-03,2016.18
110.0,Shopping,2024-03,2948.28
111.0,Shopping,2024-03,2919.77
112.0,Shopping,2024-03,3064.82
113.0,Shopping,2024-03,1640.4
114.0,Shopping,2024-03,3188.26
115.0,Shopping,2024-03,757.66
116.0,Shopping,2024-03,3339.21
117.0,Shopping,2024-03,653.59
118.0,Shopping,2024-03,3460.97
119.0,Shopping,2024-03,3000.18
120.0,Shopping,2024-03,3905.74
1.0,Shopping,2024-04,2138.49
2.0,Shopping,2024-04,3722.93
3.0,Shopping,2024-04,4454.1
4.0,Shopping,2024-04,3835.11
5.0,Shopping,2024-04,3137.45
6.0,Shopping,2024-04,1305.18
7.0,Shopping,2024-04,1781.66
8.0,Shopping,2024-04,1664.24
9.0,Shopping,2024-04,838.7
10.0,Shopping,2024-04,4590.01
11.0,Shopping,2024-04,2908.9
12.0,Shopping,2024-04,3075.14
13.0,Shopping,2024-04,4424.44
14.0,Shopping,2024-04,3526.19
15.0,Shopping,2024-04,1428.59
16.0,Shopping,2024-04,1628.98
17.0,Shopping,2024-04,1305.85
18.0,Shopping,2024-04,2574.81
19.0,Shopping,2024-04,1431.36
20.0,Shopping,2024-04,4762.94
21.0,Shopping,2024-04,2591.53
22.0,Shopping,2024-04,1250.21
23.0,Shopping,2024-04,1717.8
24.0,Shopping,2024-04,3248.72
25.0,Shopping,2024-04,3394.38
26.0,Shopping,2024-04,2032.17
27.0,Shopping,2024-04,2779.46
28.0,Shopping,2024-04,1859.33
29.0,Shopping,2024-04,2287.88
30.0,Shopping,2024-04,1280.78
31.0,Shopping,2024-04,3929.6
32.0,Shopping,2024-04,1577.51
33.0,Shopping,2024-04,4034.45
34.0,Shopping,2024-04,2386.45
35.0,Shopping,2024-04,3282.95
36.0,Shopping,2024-04,1045.3
37.0,Shopping,2024-04,930.73
38.0,Shopping,2024-04,2264.41
39.0,Shopping,2024-04,4307.11
40.0,Shopping,2024-04,3283.37
41.0,Shopping,2024-04,3353.63
42.0,Shopping,2024-04,4106.77
43.0,Shopping,2024-04,3776.36
44.0,Shopping,2024-04,3014.53
45.0,Shopping,2024-04,4124.31
46.0,Shopping,2024-04,3210.54
47.0,Shopping,2024-04,3435.41
48.0,Shopping,2024-04,4117.0
49.0,Shopping,2024-04,3010.25
50.0,Shopping,2024-04,2415.54
51.0,Shopping,2024-04,812.09
52.0,Shopping,2024-04,816.35
53.0,Shopping,2024-04,568.81
54.0,Shopping,2024-04,3455.06
55.0,Shopping,2024-04,3171.72
56.0,Shopping,2024-04,4014.83
57.0,Shopping,2024-04,3378.18
58.0,Shopping,2024-04,2735.36
59.0,Shopping,2024-04,1882.1
60.0,Shopping,2024-04,1035.59
61.0,Shopping,2024-04,901.29
62.0,Shopping,2024-04,3205.96
63.0,Shopping,2024-04,3019.04
64.0,Shopping,2024-04,2500.77
65.0,Shopping,2024-04,2493.59
66.0,Shopping,2024-04,749.71
67.0,Shopping,2024-04,2973.57
68.0,Shopping,2024-04,1354.56
69.0,Shopping,2024-04,1850.16
70.0,Shopping,2024-04,2451.27
71.0,Shopping,2024-04,1705.41
72.0,Shopping,2024-04,1849.08
73.0,Shopping,2024-04,1058.01
74.0,Shopping,2024-04,2032.56
75.0,Shopping,2024-04,2537.67
76.0,Shopping,2024-04,1428.31
77.0,Shopping,2024-04,1527.85
78.0,Shopping,2024-04,2403.56
79.0,Shopping,2024-04,3065.45
80.0,Shopping,2024-04,2925.48
81.0,Shopping,2024-04,3054.96
82.0,Shopping,2024-04,3719.04
83.0,Shopping,2024-04,3351.47
84.0,Shopping,2024-04,2776.58
85.0,Shopping,2024-04,3733.4
86.0,Shopping,2024-04,1179.42
87.0,Shopping,2024-04,1381.49
88.0,Shopping,2024-04,1207.15
89.0,Shopping,2024-04,2163.3
90.0,Shopping,2024-04,3009.7
91.0,Shopping,2024-04,997.79
92.0,Shopping,2024-04,3667.93
93.0,Shopping,2024-04,3364.14
94.0,Shopping,2024-04,3836.8
95.0,Shopping,2024-04,4911.25
96.0,Shopping,2024-04,2669.05
97.0,Shopping,2024-04,3193.07
98.0,Shopping,2024-04,2061.04
99.0,Shopping,2024-04,3475.3
100.0,Shopping,2024-04,4486.59
101.0,Shopping,2024-04,4243.54
102.0,Shopping,2024-04,1180.36
103.0,Shopping,2024-04,1068.76
104.0,Shopping,2024-04,1099.7
105.0,Shopping,2024-04,4524.24
106.0,Shopping,2024-04,3606.77
107.0,Shopping,2024-04,2275.67
108.0,Shopping,2024-04,3224.57
109.0,Shopping,2024-04,2064.46
110.0,Shopping,2024-04,3024.42
111.0,Shopping,2024-04,3170.74
112.0,Shopping,2024-04,3350.65
113.0,Shopping,2024-04,1621.9
114.0,Shopping,2024-04,3002.02
115.0,Shopping,2024-04,816.09
116.0,Shopping,2024-04,3754.54
117.0,Shopping,2024-04,650.01
118.0,Shopping,2024-04,3520.78
119.0,Shopping,2024-04,3205.67
120.0,Shopping,2024-04,4403.37
1.0,Shopping,2024-05,2098.53
2.0,Shopping,2024-05,3617.73
3.0,Shopping,2024-05,4291.53
4.0,Shopping,2024-05,3915.85
5.0,Shopping,2024-05,3217.62
6.0,Shopping,2024-05,1264.8
7.0,Shopping,2024-05,1743.28
8.0,Shopping,2024-05,1521.0
9.0,Shopping,2024-05,797.77
10.0,Shopping,2024-05,4678.91
11.0,Shopping,2024-05,2954.86
12.0,Shopping,2024-05,3024.25
13.0,Shopping,2024-05,4255.3
14.0,Shopping,2024-05,3453.44
15.0,Shopping,2024-05,1390.29
16.0,Shopping,2024-05,1497.56
17.0,Shopping,2024-05,1366.63
18.0,Shopping,2024-05,2381.03
19.0,Shopping,2024-05,1404.89
20.0,Shopping,2024-05,4592.72
21.0,Shopping,2024-05,2584.38
22.0,Shopping,2024-05,1217.29
23.0,Shopping,2024-05,1617.97
24.0,Shopping,2024-05,2883.17
25.0,Shopping,2024-05,3263.53
26.0,Shopping,2024-05,2029.53
27.0,Shopping,2024-05,2846.89
28.0,Shopping,2024-05,1900.21
29.0,Shopping,2024-05,2262.31
30.0,Shopping,2024-05,1355.63
31.0,Shopping,2024-05,4150.37
32.0,Shopping,2024-05,1665.21
33.0,Shopping,2024-05,4491.75
34.0,Shopping,2024-05,2258.32
35.0,Shopping,2024-05,3373.84
36.0,Shopping,2024-05,1133.52
37.0,Shopping,2024-05,1009.74
38.0,Shopping,2024-05,2258.88
39.0,Shopping,2024-05,4648.3
40.0,Shopping,2024-05,3275.68
41.0,Shopping,2024-05,3234.83
42.0,Shopping,2024-05,3938.97
43.0,Shopping,2024-05,3948.63
44.0,Shopping,2024-05,2597.18
45.0,Shopping,2024-05,4057.73
46.0,Shopping,2024-05,3145.15
47.0,Shopping,2024-05,3262.21
48.0,Shopping,2024-05,4526.34
49.0,Shopping,2024-05,2994.25
50.0,Shopping,2024-05,2228.39
51.0,Shopping,2024-05,862.68
52.0,Shopping,2024-05,821.61
53.0,Shopping,2024-05,544.4
54.0,Shopping,2024-05,3456.21
55.0,Shopping,2024-05,3501.89
56.0,Shopping,2024-05,3954.52
57.0,Shopping,2024-05,3291.92
58.0,Shopping,2024-05,2447.07
59.0,Shopping,2024-05,1796.79
60.0,Shopping,2024-05,1049.66
61.0,Shopping,2024-05,924.01
62.0,Shopping,2024-05,3426.16
63.0,Shopping,2024-05,2616.12
64.0,Shopping,2024-05,2732.44
65.0,Shopping,2024-05,2444.04
66.0,Shopping,2024-05,705.15
67.0,Shopping,2024-05,2924.23
68.0,Shopping,2024-05,1330.79
69.0,Shopping,2024-05,1737.95
70.0,Shopping,2024-05,2591.22
71.0,Shopping,2024-05,1643.85
72.0,Shopping,2024-05,1963.22
73.0,Shopping,2024-05,1067.9
74.0,Shopping,2024-05,1842.47
75.0,Shopping,2024-05,2388.75
76.0,Shopping,2024-05,1439.74
77.0,Shopping,2024-05,1511.15
78.0,Shopping,2024-05,2198.49
79.0,Shopping,2024-05,2604.79
80.0,Shopping,2024-05,3080.62
81.0,Shopping,2024-05,2779.19
82.0,Shopping,2024-05,3730.63
83.0,Shopping,2024-05,3181.37
84.0,Shopping,2024-05,2987.78
85.0,Shopping,2024-05,3895.68
86.0,Shopping,2024-05,1175.92
87.0,Shopping,2024-05,1336.5
88.0,Shopping,2024-05,1201.12
89.0,Shopping,2024-05,2072.99
90.0,Shopping,2024-05,3041.43
91.0,Shopping,2024-05,938.77
92.0,Shopping,2024-05,3307.18
93.0,Shopping,2024-05,3171.44
94.0,Shopping,2024-05,3731.27
95.0,Shopping,2024-05,4879.58
96.0,Shopping,2024-05,2564.19
97.0,Shopping,2024-05,3509.91
98.0,Shopping,2024-05,1851.4
99.0,Shopping,2024-05,3502.54
100.0,Shopping,2024-05,4633.85
101.0,Shopping,2024-05,3970.55
102.0,Shopping,2024-05,1134.14
103.0,Shopping,2024-05,941.13
104.0,Shopping,2024-05,1145.18
105.0,Shopping,2024-05,4014.79
106.0,Shopping,2024-05,3413.95
107.0,Shopping,2024-05,2314.3
108.0,Shopping,2024-05,3713.33
109.0,Shopping,2024-05,2046.08
110.0,Shopping,2024-05,3017.53
111.0,Shopping,2024-05,3088.46
112.0,Shopping,2024-05,3235.53
113.0,Shopping,2024-05,1540.41
114.0,Shopping,2024-05,3264.26
115.0,Shopping,2024-05,810.73
116.0,Shopping,2024-05,3718.47
117.0,Shopping,2024-05,656.89
118.0,Shopping,2024-05,3680.81
119.0,Shopping,2024-05,2874.94
120.0,Shopping,2024-05,3997.41
1.0,Shopping,2024-06,2218.7
2.0,Shopping,2024-06,3308.81
3.0,Shopping,2024-06,3939.01
4.0,Shopping,2024-06,4242.57
5.0,Shopping,2024-06,3052.81
6.0,Shopping,2024-06,1261.72
7.0,Shopping,2024-06,1674.88
8.0,Shopping,2024-06,1634.84
9.0,Shopping,2024-06,689.1
10.0,Shopping,2024-06,4668.85
11.0,Shopping,2024-06,2781.47
12.0,Shopping,2024-06,2685.97
13.0,Shopping,2024-06,4091.4
14.0,Shopping,2024-06,3189.58
15.0,Shopping,2024-06,1376.71
16.0,Shopping,2024-06,1415.74
17.0,Shopping,2024-06,1295.13
18.0,Shopping,2024-06,2301.66
19.0,Shopping,2024-06,1390.21
20.0,Shopping,2024-06,4565.88
21.0,Shopping,2024-06,2440.11
22.0,Shopping,2024-06,1167.9
23.0,Shopping,2024-06,1605.24
24.0,Shopping,2024-06,2950.12
25.0,Shopping,2024-06,3068.48
26.0,Shopping,2024-06,1913.56
27.0,Shopping,2024-06,3099.95
28.0,Shopping,2024-06,1809.1
29.0,Shopping,2024-06,2044.21
30.0,Shopping,2024-06,1194.65
31.0,Shopping,2024-06,3597.76
32.0,Shopping,2024-06,1507.26
33.0,Shopping,2024-06,4067.83
34.0,Shopping,2024-06,2291.63
35.0,Shopping,2024-06,2719.81
36.0,Shopping,2024-06,1087.73
37.0,Shopping,2024-06,989.05
38.0,Shopping,2024-06,2048.03
39.0,Shopping,2024-06,4166.18
40.0,Shopping,2024-06,3183.91
41.0,Shopping,2024-06,2998.32
42.0,Shopping,2024-06,3707.69
43.0,Shopping,2024-06,3633.86
44.0,Shopping,2024-06,2703.2
45.0,Shopping,2024-06,3890.51
46.0,Shopping,2024-06,2947.22
47.0,Shopping,2024-06,3113.43
48.0,Shopping,2024-06,3874.36
49.0,Shopping,2024-06,2722.74
50.0,Shopping,2024-06,2268.25
51.0,Shopping,2024-06,784.98
52.0,Shopping,2024-06,736.6
53.0,Shopping,2024-06,568.78
54.0,Shopping,2024-06,2888.33
55.0,Shopping,2024-06,3016.0
56.0,Shopping,2024-06,3594.38
57.0,Shopping,2024-06,3337.27
58.0,Shopping,2024-06,2435.78
59.0,Shopping,2024-06,1920.72
60.0,Shopping,2024-06,1076.92
61.0,Shopping,2024-06,787.94
62.0,Shopping,2024-06,3059.41
63.0,Shopping,2024-06,2555.36
64.0,Shopping,2024-06,2529.36
65.0,Shopping,2024-06,2384.89
66.0,Shopping,2024-06,689.3
67.0,Shopping,2024-06,2731.48
68.0,Shopping,2024-06,1199.53
69.0,Shopping,2024-06,1693.7
70.0,Shopping,2024-06,2303.0
71.0,Shopping,2024-06,1574.17
72.0,Shopping,2024-06,1843.82
73.0,Shopping,2024-06,1021.1
74.0,Shopping,2024-06,1877.53
75.0,Shopping,2024-06,2102.99
76.0,Shopping,2024-06,1300.58
77.0,Shopping,2024-06,1479.97
78.0,Shopping,2024-06,2201.37
79.0,Shopping,2024-06,2640.8
80.0,Shopping,2024-06,2965.23
81.0,Shopping,2024-06,2773.37
82.0,Shopping,2024-06,3594.05
83.0,Shopping,2024-06,3056.2
84.0,Shopping,2024-06,2842.23
85.0,Shopping,2024-06,3585.37
86.0,Shopping,2024-06,1203.08
87.0,Shopping,2024-06,1273.98
88.0,Shopping,2024-06,1146.39
89.0,Shopping,2024-06,1988.59
90.0,Shopping,2024-06,2965.45
91.0,Shopping,2024-06,982.86
92.0,Shopping,2024-06,3550.07
93.0,Shopping,2024-06,2804.83
94.0,Shopping,2024-06,3800.34
95.0,Shopping,2024-06,4125.15
96.0,Shopping,2024-06,2390.31
97.0,Shopping,2024-06,3147.57
98.0,Shopping,2024-06,1827.17
99.0,Shopping,2024-06,3131.95
100.0,Shopping,2024-06,4344.47
101.0,Shopping,2024-06,3954.58
102.0,Shopping,2024-06,1143.27
103.0,Shopping,2024-06,990.35
104.0,Shopping,2024-06,1067.35
105.0,Shopping,2024-06,4519.65
106.0,Shopping,2024-06,3408.12
107.0,Shopping,2024-06,2379.76
108.0,Shopping,2024-06,3040.79
109.0,Shopping,2024-06,1921.25
110.0,Shopping,2024-06,2728.04
111.0,Shopping,2024-06,2721.52
112.0,Shopping,2024-06,3127.41
113.0,Shopping,2024-06,1551.11
114.0,Shopping,2024-06,2766.4
115.0,Shopping,2024-06,731.32
116.0,Shopping,2024-06,2978.85
117.0,Shopping,2024-06,556.17
118.0,Shopping,2024-06,3282.56
119.0,Shopping,2024-06,2660.47
120.0,Shopping,2024-06,3913.76
1.0,Shopping,2024-07,1799.17
2.0,Shopping,2024-07,3514.97
3.0,Shopping,2024-07,3717.62
4.0,Shopping,2024-07,4040.85
5.0,Shopping,2024-07,2948.93
6.0,Shopping,2024-07,1163.1
7.0,Shopping,2024-07,1614.08
8.0,Shopping,2024-07,1418.79
9.0,Shopping,2024-07,712.86
10.0,Shopping,2024-07,4028.0
11.0,Shopping,2024-07,2595.86
12.0,Shopping,2024-07,2539.45
13.0,Shopping,2024-07,3953.84
14.0,Shopping,2024-07,3349.74
15.0,Shopping,2024-07,1261.3
16.0,Shopping,2024-07,1166.4
17.0,Shopping,2024-07,1231.35
18.0,Shopping,2024-07,2013.87
19.0,Shopping,2024-07,1245.36
20.0,Shopping,2024-07,4402.75
21.0,Shopping,2024-07,2344.37
22.0,Shopping,2024-07,1163.97
23.0,Shopping,2024-07,1558.89
24.0,Shopping,2024-07,2842.76
25.0,Shopping,2024-07,2751.22
26.0,Shopping,2024-07,1947.93
27.0,Shopping,2024-07,2436.0
28.0,Shopping,2024-07,1665.55
29.0,Shopping,2024-07,1930.65
30.0,Shopping,2024-07,1267.25
31.0,Shopping,2024-07,3892.53
32.0,Shopping,2024-07,1479.96
33.0,Shopping,2024-07,3653.91
34.0,Shopping,2024-07,2103.73
35.0,Shopping,2024-07,2525.33
36.0,Shopping,2024-07,994.3
37.0,Shopping,2024-07,978.34
38.0,Shopping,2024-07,2022.93
39.0,Shopping,2024-07,4254.91
40.0,Shopping,2024-07,2925.31
41.0,Shopping,2024-07,2603.95
42.0,Shopping,2024-07,3470.84
43.0,Shopping,2024-07,3366.84
44.0,Shopping,2024-07,2451.66
45.0,Shopping,2024-07,3381.09
46.0,Shopping,2024-07,2872.35
47.0,Shopping,2024-07,2722.4
48.0,Shopping,2024-07,3835.54
49.0,Shopping,2024-07,2819.06
50.0,Shopping,2024-07,2139.98
51.0,Shopping,2024-07,761.95
52.0,Shopping,2024-07,769.93
53.0,Shopping,2024-07,441.71
54.0,Shopping,2024-07,2734.98
55.0,Shopping,2024-07,2600.99
56.0,Shopping,2024-07,2991.23
57.0,Shopping,2024-07,3193.8
58.0,Shopping,2024-07,2269.82
59.0,Shopping,2024-07,1733.97
60.0,Shopping,2024-07,1058.15
61.0,Shopping,2024-07,759.08
62.0,Shopping,2024-07,2908.31
63.0,Shopping,2024-07,2630.24
64.0,Shopping,2024-07,2287.64
65.0,Shopping,2024-07,2287.94
66.0,Shopping,2024-07,603.44
67.0,Shopping,2024-07,2435.34
68.0,Shopping,2024-07,1256.03
69.0,Shopping,2024-07,1565.55
70.0,Shopping,2024-07,2116.84
71.0,Shopping,2024-07,1387.03
72.0,Shopping,2024-07,1537.84
73.0,Shopping,2024-07,984.3
74.0,Shopping,2024-07,1817.64
75.0,Shopping,2024-07,2136.32
76.0,Shopping,2024-07,1237.85
77.0,Shopping,2024-07,1500.09
78.0,Shopping,2024-07,1791.08
79.0,Shopping,2024-07,2267.26
80.0,Shopping,2024-07,2699.62
81.0,Shopping,2024-07,2698.27
82.0,Shopping,2024-07,3770.59
83.0,Shopping,2024-07,3044.42
84.0,Shopping,2024-07,2759.39
85.0,Shopping,2024-07,3331.83
86.0,Shopping,2024-07,1093.24
87.0,Shopping,2024-07,1224.6
88.0,Shopping,2024-07,1203.47
89.0,Shopping,2024-07,1826.27
90.0,Shopping,2024-07,2842.29
91.0,Shopping,2024-07,901.39
92.0,Shopping,2024-07,3085.14
93.0,Shopping,2024-07,2789.09
94.0,Shopping,2024-07,3532.31
95.0,Shopping,2024-07,4160.08
96.0,Shopping,2024-07,2392.0
97.0,Shopping,2024-07,3064.35
98.0,Shopping,2024-07,1693.06
99.0,Shopping,2024-07,2973.99
100.0,Shopping,2024-07,4349.23
101.0,Shopping,2024-07,3558.48
102.0,Shopping,2024-07,1105.26
103.0,Shopping,2024-07,966.52
104.0,Shopping,2024-07,987.07
105.0,Shopping,2024-07,3939.64
106.0,Shopping,2024-07,3097.46
107.0,Shopping,2024-07,2214.94
108.0,Shopping,2024-07,3152.66
109.0,Shopping,2024-07,1740.59
110.0,Shopping,2024-07,2648.9
111.0,Shopping,2024-07,2763.39
112.0,Shopping,2024-07,2751.64
113.0,Shopping,2024-07,1277.82
114.0,Shopping,2024-07,2529.04
115.0,Shopping,2024-07,623.29
116.0,Shopping,2024-07,3058.76
117.0,Shopping,2024-07,550.18
118.0,Shopping,2024-07,3228.5
119.0,Shopping,2024-07,2937.66
120.0,Shopping,2024-07,3657.72
1.0,Shopping,2024-08,1690.92
2.0,Shopping,2024-08,3003.61
3.0,Shopping,2024-08,3301.34
4.0,Shopping,2024-08,3457.28
5.0,Shopping,2024-08,2538.31
6.0,Shopping,2024-08,1149.03
7.0,Shopping,2024-08,1516.05
8.0,Shopping,2024-08,1397.21
9.0,Shopping,2024-08,582.43
10.0,Shopping,2024-08,4156.42
11.0,Shopping,2024-08,2329.37
12.0,Shopping,2024-08,2397.38
13.0,Shopping,2024-08,3815.1
14.0,Shopping,2024-08,2798.21
15.0,Shopping,2024-08,1115.36
16.0,Shopping,2024-08,1149.44
17.0,Shopping,2024-08,1239.1
18.0,Shopping,2024-08,1937.68
19.0,Shopping,2024-08,1165.96
20.0,Shopping,2024-08,3853.31
21.0,Shopping,2024-08,2278.2
22.0,Shopping,2024-08,1054.97
23.0,Shopping,2024-08,1488.65
24.0,Shopping,2024-08,2550.6
25.0,Shopping,2024-08,2686.14
26.0,Shopping,2024-08,1858.32
27.0,Shopping,2024-08,2422.12
28.0,Shopping,2024-08,1601.86
29.0,Shopping,2024-08,1726.77
30.0,Shopping,2024-08,1231.02
31.0,Shopping,2024-08,3478.09
32.0,Shopping,2024-08,1458.88
33.0,Shopping,2024-08,3425.31
34.0,Shopping,2024-08,2006.62
35.0,Shopping,2024-08,2584.99
36.0,Shopping,2024-08,997.95
37.0,Shopping,2024-08,999.02
38.0,Shopping,2024-08,1909.28
39.0,Shopping,2024-08,3649.21
40.0,Shopping,2024-08,2569.08
41.0,Shopping,2024-08,2605.09
42.0,Shopping,2024-08,3494.79
43.0,Shopping,2024-08,3287.28
44.0,Shopping,2024-08,2441.53
45.0,Shopping,2024-08,3514.67
46.0,Shopping,2024-08,2305.72
47.0,Shopping,2024-08,2713.43
48.0,Shopping,2024-08,3445.7
49.0,Shopping,2024-08,2380.91
50.0,Shopping,2024-08,1900.98
51.0,Shopping,2024-08,688.57
52.0,Shopping,2024-08,772.73
53.0,Shopping,2024-08,447.57
54.0,Shopping,2024-08,2876.98
55.0,Shopping,2024-08,2844.51
56.0,Shopping,2024-08,3144.79
57.0,Shopping,2024-08,2799.73
58.0,Shopping,2024-08,2060.67
59.0,Shopping,2024-08,1635.86
60.0,Shopping,2024-08,1033.87
61.0,Shopping,2024-08,805.72
62.0,Shopping,2024-08,2797.39
63.0,Shopping,2024-08,2419.78
64.0,Shopping,2024-08,2122.27
65.0,Shopping,2024-08,2254.82
66.0,Shopping,2024-08,559.53
67.0,Shopping,2024-08,2537.92
68.0,Shopping,2024-08,1081.91
69.0,Shopping,2024-08,1583.96
70.0,Shopping,2024-08,2151.8
71.0,Shopping,2024-08,1318.88
72.0,Shopping,2024-08,1411.23
73.0,Shopping,2024-08,1018.18
74.0,Shopping,2024-08,1623.73
75.0,Shopping,2024-08,1994.66
76.0,Shopping,2024-08,1207.43
77.0,Shopping,2024-08,1344.51
78.0,Shopping,2024-08,1906.74
79.0,Shopping,2024-08,2352.59
80.0,Shopping,2024-08,2488.52
81.0,Shopping,2024-08,2464.29
82.0,Shopping,2024-08,3383.26
83.0,Shopping,2024-08,2933.6
84.0,Shopping,2024-08,2495.81
85.0,Shopping,2024-08,3261.78
86.0,Shopping,2024-08,1111.51
87.0,Shopping,2024-08,1156.52
88.0,Shopping,2024-08,1010.52
89.0,Shopping,2024-08,1794.21
90.0,Shopping,2024-08,2526.17
91.0,Shopping,2024-08,891.55
92.0,Shopping,2024-08,2873.22
93.0,Shopping,2024-08,2882.46
94.0,Shopping,2024-08,3288.58
95.0,Shopping,2024-08,3921.09
96.0,Shopping,2024-08,2416.55
97.0,Shopping,2024-08,2807.8
98.0,Shopping,2024-08,1728.96
99.0,Shopping,2024-08,2556.79
100.0,Shopping,2024-08,3774.05
101.0,Shopping,2024-08,3488.33
102.0,Shopping,2024-08,1055.73
103.0,Shopping,2024-08,868.26
104.0,Shopping,2024-08,952.82
105.0,Shopping,2024-08,3214.53
106.0,Shopping,2024-08,2879.59
107.0,Shopping,2024-08,1992.79
108.0,Shopping,2024-08,2619.28
109.0,Shopping,2024-08,1542.73
110.0,Shopping,2024-08,2408.78
111.0,Shopping,2024-08,2521.27
112.0,Shopping,2024-08,2891.09
113.0,Shopping,2024-08,1245.48
114.0,Shopping,2024-08,2463.28
115.0,Shopping,2024-08,605.72
116.0,Shopping,2024-08,2740.33
117.0,Shopping,2024-08,502.46
118.0,Shopping,2024-08,2879.22
119.0,Shopping,2024-08,2636.62
120.0,Shopping,2024-08,3207.86
1.0,Shopping,2024-09,1540.35
2.0,Shopping,2024-09,2367.74
3.0,Shopping,2024-09,3295.73
4.0,Shopping,2024-09,3422.48
5.0,Shopping,2024-09,2426.02
6.0,Shopping,2024-09,1042.35
7.0,Shopping,2024-09,1534.26
8.0,Shopping,2024-09,1263.45
9.0,Shopping,2024-09,485.91
10.0,Shopping,2024-09,3877.1
11.0,Shopping,2024-09,2268.64
12.0,Shopping,2024-09,2179.12
13.0,Shopping,2024-09,3739.71
14.0,Shopping,2024-09,2863.54
15.0,Shopping,2024-09,1077.79
16.0,Shopping,2024-09,1060.58
17.0,Shopping,2024-09,1017.84
18.0,Shopping,2024-09,1861.42
19.0,Shopping,2024-09,1212.79
20.0,Shopping,2024-09,3762.77
21.0,Shopping,2024-09,2185.24
22.0,Shopping,2024-09,953.75
23.0,Shopping,2024-09,1493.36
24.0,Shopping,2024-09,2420.22
25.0,Shopping,2024-09,2557.31
26.0,Shopping,2024-09,1775.41
27.0,Shopping,2024-09,2373.37
28.0,Shopping,2024-09,1554.01
29.0,Shopping,2024-09,1843.25
30.0,Shopping,2024-09,1133.52
31.0,Shopping,2024-09,3880.98
32.0,Shopping,2024-09,1514.04
33.0,Shopping,2024-09,3354.0
34.0,Shopping,2024-09,1842.65
35.0,Shopping,2024-09,2658.93
36.0,Shopping,2024-09,863.24
37.0,Shopping,2024-09,1010.34
38.0,Shopping,2024-09,1789.06
39.0,Shopping,2024-09,3771.95
40.0,Shopping,2024-09,2668.7
41.0,Shopping,2024-09,2574.99
42.0,Shopping,2024-09,3260.61
43.0,Shopping,2024-09,3159.51
44.0,Shopping,2024-09,2112.04
45.0,Shopping,2024-09,3243.53
46.0,Shopping,2024-09,2431.34
47.0,Shopping,2024-09,2747.55
48.0,Shopping,2024-09,3556.34
49.0,Shopping,2024-09,2185.74
50.0,Shopping,2024-09,1883.61
51.0,Shopping,2024-09,719.26
52.0,Shopping,2024-09,707.69
53.0,Shopping,2024-09,480.32
54.0,Shopping,2024-09,2766.04
55.0,Shopping,2024-09,2397.6
56.0,Shopping,2024-09,3066.0
57.0,Shopping,2024-09,2960.02
58.0,Shopping,2024-09,2155.91
59.0,Shopping,2024-09,1485.28
60.0,Shopping,2024-09,1036.47
61.0,Shopping,2024-09,657.38
62.0,Shopping,2024-09,2477.88
63.0,Shopping,2024-09,2433.43
64.0,Shopping,2024-09,2055.7
65.0,Shopping,2024-09,1873.27
66.0,Shopping,2024-09,508.22
67.0,Shopping,2024-09,2006.02
68.0,Shopping,2024-09,1047.83
69.0,Shopping,2024-09,1666.68
70.0,Shopping,2024-09,2057.36
71.0,Shopping,2024-09,1143.42
72.0,Shopping,2024-09,1520.69
73.0,Shopping,2024-09,946.65
74.0,Shopping,2024-09,1537.66
75.0,Shopping,2024-09,1993.84
76.0,Shopping,2024-09,1189.0
77.0,Shopping,2024-09,1408.16
78.0,Shopping,2024-09,1804.12
79.0,Shopping,2024-09,2253.71
80.0,Shopping,2024-09,2326.96
81.0,Shopping,2024-09,2382.04
82.0,Shopping,2024-09,3226.28
83.0,Shopping,2024-09,2778.38
84.0,Shopping,2024-09,2369.78
85.0,Shopping,2024-09,3072.4
86.0,Shopping,2024-09,1093.47
87.0,Shopping,2024-09,1026.74
88.0,Shopping,2024-09,1053.52
89.0,Shopping,2024-09,1851.72
90.0,Shopping,2024-09,2198.46
91.0,Shopping,2024-09,868.34
92.0,Shopping,2024-09,2859.47
93.0,Shopping,2024-09,2475.74
94.0,Shopping,2024-09,3291.5
95.0,Shopping,2024-09,3889.46
96.0,Shopping,2024-09,2125.88
97.0,Shopping,2024-09,2670.83
98.0,Shopping,2024-09,1563.48
99.0,Shopping,2024-09,2588.95
100.0,Shopping,2024-09,3800.23
101.0,Shopping,2024-09,3210.79
102.0,Shopping,2024-09,1141.29
103.0,Shopping,2024-09,754.7
104.0,Shopping,2024-09,795.35
105.0,Shopping,2024-09,3152.66
106.0,Shopping,2024-09,2700.18
107.0,Shopping,2024-09,1937.92
108.0,Shopping,2024-09,2508.71
109.0,Shopping,2024-09,1533.34
110.0,Shopping,2024-09,2642.08
111.0,Shopping,2024-09,2648.28
112.0,Shopping,2024-09,2275.31
113.0,Shopping,2024-09,1066.68
114.0,Shopping,2024-09,2139.75
115.0,Shopping,2024-09,519.83
116.0,Shopping,2024-09,2167.67
117.0,Shopping,2024-09,531.86
118.0,Shopping,2024-09,3065.59
119.0,Shopping,2024-09,2523.45
120.0,Shopping,2024-09,3376.35
1.0,Shopping,2024-10,1379.74
2.0,Shopping,2024-10,2659.59
3.0,Shopping,2024-10,3193.4
4.0,Shopping,2024-10,3318.27
5.0,Shopping,2024-10,2279.27
6.0,Shopping,2024-10,1027.92
7.0,Shopping,2024-10,1298.3
8.0,Shopping,2024-10,1242.78
9.0,Shopping,2024-10,507.52
10.0,Shopping,2024-10,3934.71
11.0,Shopping,2024-10,2334.17
12.0,Shopping,2024-10,2366.55
13.0,Shopping,2024-10,3384.21
14.0,Shopping,2024-10,2843.13
15.0,Shopping,2024-10,1027.34
16.0,Shopping,2024-10,1044.05
17.0,Shopping,2024-10,931.69
18.0,Shopping,2024-10,1835.95
19.0,Shopping,2024-10,1090.75
20.0,Shopping,2024-10,3689.46
21.0,Shopping,2024-10,1967.44
22.0,Shopping,2024-10,973.79
23.0,Shopping,2024-10,1450.57
24.0,Shopping,2024-10,2417.8
25.0,Shopping,2024-10,2288.27
26.0,Shopping,2024-10,1733.94
27.0,Shopping,2024-10,1992.16
28.0,Shopping,2024-10,1378.62
29.0,Shopping,2024-10,1498.83
30.0,Shopping,2024-10,1219.1
31.0,Shopping,2024-10,3685.69
32.0,Shopping,2024-10,1475.66
33.0,Shopping,2024-10,3287.85
34.0,Shopping,2024-10,1628.87
35.0,Shopping,2024-10,2244.24
36.0,Shopping,2024-10,952.13
37.0,Shopping,2024-10,990.62
38.0,Shopping,2024-10,1890.02
39.0,Shopping,2024-10,3791.15
40.0,Shopping,2024-10,2281.26
41.0,Shopping,2024-10,2328.56
42.0,Shopping,2024-10,2684.86
43.0,Shopping,2024-10,3552.42
44.0,Shopping,2024-10,2113.72
45.0,Shopping,2024-10,3271.03
46.0,Shopping,2024-10,2394.62
47.0,Shopping,2024-10,2220.75
48.0,Shopping,2024-10,3348.9
49.0,Shopping,2024-10,2392.39
50.0,Shopping,2024-10,1582.68
51.0,Shopping,2024-10,654.75
52.0,Shopping,2024-10,727.27
53.0,Shopping,2024-10,359.5
54.0,Shopping,2024-10,2394.35
55.0,Shopping,2024-10,2314.75
56.0,Shopping,2024-10,2821.86
57.0,Shopping,2024-10,2560.79
58.0,Shopping,2024-10,2307.72
59.0,Shopping,2024-10,1554.71
60.0,Shopping,2024-10,1038.78
61.0,Shopping,2024-10,729.31
62.0,Shopping,2024-10,2524.98
63.0,Shopping,2024-10,2262.44
64.0,Shopping,2024-10,1607.84
65.0,Shopping,2024-10,1947.18
66.0,Shopping,2024-10,484.09
67.0,Shopping,2024-10,1984.64
68.0,Shopping,2024-10,946.86
69.0,Shopping,2024-10,1548.68
70.0,Shopping,2024-10,1953.98
71.0,Shopping,2024-10,1275.36
72.0,Shopping,2024-10,1291.77
73.0,Shopping,2024-10,979.38
74.0,Shopping,2024-10,1425.0
75.0,Shopping,2024-10,1998.44
76.0,Shopping,2024-10,1119.12
77.0,Shopping,2024-10,1316.4
78.0,Shopping,2024-10,1765.53
79.0,Shopping,2024-10,2370.46
80.0,Shopping,2024-10,2410.5
81.0,Shopping,2024-10,2183.85
82.0,Shopping,2024-10,3204.4
83.0,Shopping,2024-10,2568.62
84.0,Shopping,2024-10,2310.31
85.0,Shopping,2024-10,3146.45
86.0,Shopping,2024-10,969.75
87.0,Shopping,2024-10,1076.62
88.0,Shopping,2024-10,1014.83
89.0,Shopping,2024-10,1751.82
90.0,Shopping,2024-10,2338.91
91.0,Shopping,2024-10,852.59
92.0,Shopping,2024-10,2899.11
93.0,Shopping,2024-10,2443.55
94.0,Shopping,2024-10,2903.45
95.0,Shopping,2024-10,3656.89
96.0,Shopping,2024-10,2215.28
97.0,Shopping,2024-10,2622.97
98.0,Shopping,2024-10,1669.55
99.0,Shopping,2024-10,2505.76
100.0,Shopping,2024-10,3921.83
101.0,Shopping,2024-10,3203.44
102.0,Shopping,2024-10,1033.61
103.0,Shopping,2024-10,757.0
104.0,Shopping,2024-10,754.89
105.0,Shopping,2024-10,3207.57
106.0,Shopping,2024-10,2458.0
107.0,Shopping,2024-10,1968.83
108.0,Shopping,2024-10,2659.34
109.0,Shopping,2024-10,1624.64
110.0,Shopping,2024-10,2510.4
111.0,Shopping,2024-10,2349.14
112.0,Shopping,2024-10,2705.66
113.0,Shopping,2024-10,1111.68
114.0,Shopping,2024-10,2136.03
115.0,Shopping,2024-10,541.65
116.0,Shopping,2024-10,2329.59
117.0,Shopping,2024-10,480.96
118.0,Shopping,2024-10,2838.61
119.0,Shopping,2024-10,2274.12
120.0,Shopping,2024-10,2817.6
1.0,Shopping,2024-11,1639.12
2.0,Shopping,2024-11,2575.47
3.0,Shopping,2024-11,3383.16
4.0,Shopping,2024-11,3888.57
5.0,Shopping,2024-11,2411.44
6.0,Shopping,2024-11,1027.1
7.0,Shopping,2024-11,1490.27
8.0,Shopping,2024-11,1279.38
9.0,Shopping,2024-11,594.76
10.0,Shopping,2024-11,3973.44
11.0,Shopping,2024-11,2372.51
12.0,Shopping,2024-11,2268.66
13.0,Shopping,2024-11,3889.78
14.0,Shopping,2024-11,2819.01
15.0,Shopping,2024-11,1166.71
16.0,Shopping,2024-11,1098.64
17.0,Shopping,2024-11,982.31
18.0,Shopping,2024-11,2043.01
19.0,Shopping,2024-11,1227.92
20.0,Shopping,2024-11,4035.33
21.0,Shopping,2024-11,2215.24
22.0,Shopping,2024-11,893.78
23.0,Shopping,2024-11,1480.55
24.0,Shopping,2024-11,2608.32
25.0,Shopping,2024-11,2572.2
26.0,Shopping,2024-11,1918.83
27.0,Shopping,2024-11,2239.27
28.0,Shopping,2024-11,1609.98
29.0,Shopping,2024-11,1862.81
30.0,Shopping,2024-11,1234.15
31.0,Shopping,2024-11,3367.11
32.0,Shopping,2024-11,1453.63
33.0,Shopping,2024-11,3603.21
34.0,Shopping,2024-11,1844.4
35.0,Shopping,2024-11,2107.47
36.0,Shopping,2024-11,934.38
37.0,Shopping,2024-11,1026.09
38.0,Shopping,2024-11,1874.3
39.0,Shopping,2024-11,3838.11
40.0,Shopping,2024-11,2331.86
41.0,Shopping,2024-11,2620.97
42.0,Shopping,2024-11,3148.95
43.0,Shopping,2024-11,3150.82
44.0,Shopping,2024-11,2229.0
45.0,Shopping,2024-11,2904.11
46.0,Shopping,2024-11,2198.41
47.0,Shopping,2024-11,2372.36
48.0,Shopping,2024-11,3407.08
49.0,Shopping,2024-11,2310.51
50.0,Shopping,2024-11,1800.69
51.0,Shopping,2024-11,720.45
52.0,Shopping,2024-11,727.3
53.0,Shopping,2024-11,354.59
54.0,Shopping,2024-11,2555.48
55.0,Shopping,2024-11,2194.35
56.0,Shopping,2024-11,3186.53
57.0,Shopping,2024-11,2801.13
58.0,Shopping,2024-11,2454.78
59.0,Shopping,2024-11,1445.48
60.0,Shopping,2024-11,1127.8
61.0,Shopping,2024-11,708.1
62.0,Shopping,2024-11,2369.84
63.0,Shopping,2024-11,2231.98
64.0,Shopping,2024-11,1999.98
65.0,Shopping,2024-11,2047.59
66.0,Shopping,2024-11,485.91
67.0,Shopping,2024-11,2193.15
68.0,Shopping,2024-11,1060.29
69.0,Shopping,2024-11,1485.47
70.0,Shopping,2024-11,2056.18
71.0,Shopping,2024-11,1155.5
72.0,Shopping,2024-11,1458.41
73.0,Shopping,2024-11,1008.32
74.0,Shopping,2024-11,1616.68
75.0,Shopping,2024-11,1805.28
76.0,Shopping,2024-11,1099.86
77.0,Shopping,2024-11,1402.43
78.0,Shopping,2024-11,1681.9
79.0,Shopping,2024-11,2246.05
80.0,Shopping,2024-11,2548.23
81.0,Shopping,2024-11,2446.37
82.0,Shopping,2024-11,2948.39
83.0,Shopping,2024-11,2861.15
84.0,Shopping,2024-11,2536.17
85.0,Shopping,2024-11,3266.78
86.0,Shopping,2024-11,1120.38
87.0,Shopping,2024-11,1207.38
88.0,Shopping,2024-11,1051.56
89.0,Shopping,2024-11,1739.19
90.0,Shopping,2024-11,2468.05
91.0,Shopping,2024-11,863.66
92.0,Shopping,2024-11,2937.03
93.0,Shopping,2024-11,2625.05
94.0,Shopping,2024-11,3042.84
95.0,Shopping,2024-11,3907.89
96.0,Shopping,2024-11,2280.38
97.0,Shopping,2024-11,2704.31
98.0,Shopping,2024-11,1607.83
99.0,Shopping,2024-11,2657.83
100.0,Shopping,2024-11,3843.34
101.0,Shopping,2024-11,3066.1
102.0,Shopping,2024-11,1134.52
103.0,Shopping,2024-11,742.08
104.0,Shopping,2024-11,821.43
105.0,Shopping,2024-11,3281.56
106.0,Shopping,2024-11,3017.04
107.0,Shopping,2024-11,2112.94
108.0,Shopping,2024-11,2754.78
109.0,Shopping,2024-11,1581.55
110.0,Shopping,2024-11,2595.54
111.0,Shopping,2024-11,2334.58
112.0,Shopping,2024-11,2790.96
113.0,Shopping,2024-11,1234.38
114.0,Shopping,2024-11,2361.66
115.0,Shopping,2024-11,579.2
116.0,Shopping,2024-11,2736.02
117.0,Shopping,2024-11,525.98
118.0,Shopping,2024-11,2982.71
119.0,Shopping,2024-11,2565.77
120.0,Shopping,2024-11,3142.26
1.0,Shopping,2024-12,1700.2
2.0,Shopping,2024-12,3001.07
3.0,Shopping,2024-12,3388.32
4.0,Shopping,2024-12,3750.26
5.0,Shopping,2024-12,2677.58
6.0,Shopping,2024-12,1107.56
7.0,Shopping,2024-12,1482.94
8.0,Shopping,2024-12,1348.89
9.0,Shopping,2024-12,604.95
10.0,Shopping,2024-12,4434.21
11.0,Shopping,2024-12,2559.42
12.0,Shopping,2024-12,2441.34
13.0,Shopping,2024-12,3794.02
14.0,Shopping,2024-12,2761.37
15.0,Shopping,2024-12,1171.79
16.0,Shopping,2024-12,1149.28
17.0,Shopping,2024-12,937.27
18.0,Shopping,2024-12,2088.78
19.0,Shopping,2024-12,1287.99
20.0,Shopping,2024-12,4250.68
21.0,Shopping,2024-12,2288.16
22.0,Shopping,2024-12,1027.35
23.0,Shopping,2024-12,1658.83
24.0,Shopping,2024-12,2702.91
25.0,Shopping,2024-12,2660.96
26.0,Shopping,2024-12,2067.9
27.0,Shopping,2024-12,2487.73
28.0,Shopping,2024-12,1599.48
29.0,Shopping,2024-12,1995.8
30.0,Shopping,2024-12,1279.88
31.0,Shopping,2024-12,3584.32
32.0,Shopping,2024-12,1572.21
33.0,Shopping,2024-12,3655.51
34.0,Shopping,2024-12,1971.25
35.0,Shopping,2024-12,2755.4
36.0,Shopping,2024-12,968.45
37.0,Shopping,2024-12,1102.16
38.0,Shopping,2024-12,2081.37
39.0,Shopping,2024-12,3947.7
40.0,Shopping,2024-12,2883.07
41.0,Shopping,2024-12,2765.53
42.0,Shopping,2024-12,3117.09
43.0,Shopping,2024-12,3195.41
44.0,Shopping,2024-12,2455.88
45.0,Shopping,2024-12,3478.57
46.0,Shopping,2024-12,2311.82
47.0,Shopping,2024-12,2613.04
48.0,Shopping,2024-12,3859.77
49.0,Shopping,2024-12,2594.33
50.0,Shopping,2024-12,1738.12
51.0,Shopping,2024-12,732.44
52.0,Shopping,2024-12,801.75
53.0,Shopping,2024-12,395.85
54.0,Shopping,2024-12,2805.22
55.0,Shopping,2024-12,2878.64
56.0,Shopping,2024-12,3224.97
57.0,Shopping,2024-12,3017.47
58.0,Shopping,2024-12,2325.05
59.0,Shopping,2024-12,1471.59
60.0,Shopping,2024-12,1097.97
61.0,Shopping,2024-12,662.93
62.0,Shopping,2024-12,2850.61
63.0,Shopping,2024-12,2443.27
64.0,Shopping,2024-12,2110.37
65.0,Shopping,2024-12,1960.93
66.0,Shopping,2024-12,559.4
67.0,Shopping,2024-12,2601.29
68.0,Shopping,2024-12,1052.6
69.0,Shopping,2024-12,1706.7
70.0,Shopping,2024-12,2106.14
71.0,Shopping,2024-12,1366.52
72.0,Shopping,2024-12,1456.2
73.0,Shopping,2024-12,1105.35
74.0,Shopping,2024-12,1609.97
75.0,Shopping,2024-12,2078.15
76.0,Shopping,2024-12,1252.28
77.0,Shopping,2024-12,1464.83
78.0,Shopping,2024-12,1867.19
79.0,Shopping,2024-12,2496.94
80.0,Shopping,2024-12,2594.3
81.0,Shopping,2024-12,2444.73
82.0,Shopping,2024-12,3102.43
83.0,Shopping,2024-12,2997.97
84.0,Shopping,2024-12,2532.72
85.0,Shopping,2024-12,3304.29
86.0,Shopping,2024-12,1221.26
87.0,Shopping,2024-12,1159.18
88.0,Shopping,2024-12,1188.34
89.0,Shopping,2024-12,1960.63
90.0,Shopping,2024-12,2765.88
91.0,Shopping,2024-12,939.58
92.0,Shopping,2024-12,2983.36
93.0,Shopping,2024-12,2963.0
94.0,Shopping,2024-12,2990.58
95.0,Shopping,2024-12,4112.0
96.0,Shopping,2024-12,2294.2
97.0,Shopping,2024-12,2967.09
98.0,Shopping,2024-12,1690.07
99.0,Shopping,2024-12,2681.16
100.0,Shopping,2024-12,3915.86
101.0,Shopping,2024-12,3253.93
102.0,Shopping,2024-12,1144.03
103.0,Shopping,2024-12,828.01
104.0,Shopping,2024-12,746.15
105.0,Shopping,2024-12,3417.42
106.0,Shopping,2024-12,2768.2
107.0,Shopping,2024-12,2229.69
108.0,Shopping,2024-12,2571.89
109.0,Shopping,2024-12,1633.12
110.0,Shopping,2024-12,2722.99
111.0,Shopping,2024-12,2388.44
112.0,Shopping,2024-12,2779.54
113.0,Shopping,2024-12,1300.63
114.0,Shopping,2024-12,2313.21
115.0,Shopping,2024-12,452.07
116.0,Shopping,2024-12,3098.59
117.0,Shopping,2024-12,548.81
118.0,Shopping,2024-12,2884.3
119.0,Shopping,2024-12,2658.66
120.0,Shopping,2024-12,3337.1
1.0,Transport,2023-01,603.15
2.0,Transport,2023-01,426.7
3.0,Transport,2023-01,663.71
4.0,Transport,2023-01,797.52
5.0,Transport,2023-01,563.37
6.0,Transport,2023-01,662.46
7.0,Transport,2023-01,867.45
8.0,Transport,2023-01,1067.36
9.0,Transport,2023-01,867.51
10.0,Transport,2023-01,1090.94
11.0,Transport,2023-01,936.61
12.0,Transport,2023-01,838.47
13.0,Transport,2023-01,993.21
14.0,Transport,2023-01,1126.04
15.0,Transport,2023-01,624.59
16.0,Transport,2023-01,756.81
17.0,Transport,2023-01,601.28
18.0,Transport,2023-01,788.46
19.0,Transport,2023-01,1056.02
20.0,Transport,2023-01,659.7
21.0,Transport,2023-01,996.36
22.0,Transport,2023-01,856.71
23.0,Transport,2023-01,853.07
24.0,Transport,2023-01,854.69
25.0,Transport,2023-01,756.16
26.0,Transport,2023-01,415.21
27.0,Transport,2023-01,710.66
28.0,Transport,2023-01,961.68
29.0,Transport,2023-01,957.56
30.0,Transport,2023-01,886.87
31.0,Transport,2023-01,1168.99
32.0,Transport,2023-01,569.79
33.0,Transport,2023-01,1029.12
34.0,Transport,2023-01,1042.41
35.0,Transport,2023-01,417.62
36.0,Transport,2023-01,1072.32
37.0,Transport,2023-01,856.03
38.0,Transport,2023-01,964.75
39.0,Transport,2023-01,641.33
40.0,Transport,2023-01,659.26
41.0,Transport,2023-01,776.11
42.0,Transport,2023-01,1020.24
43.0,Transport,2023-01,576.2
44.0,Transport,2023-01,568.84
45.0,Transport,2023-01,865.09
46.0,Transport,2023-01,772.82
47.0,Transport,2023-01,606.1
48.0,Transport,2023-01,714.76
49.0,Transport,2023-01,676.7
50.0,Transport,2023-01,715.21
51.0,Transport,2023-01,703.85
52.0,Transport,2023-01,1038.79
53.0,Transport,2023-01,892.49
54.0,Transport,2023-01,869.88
55.0,Transport,2023-01,512.39
56.0,Transport,2023-01,465.76
57.0,Transport,2023-01,764.48
58.0,Transport,2023-01,986.47
59.0,Transport,2023-01,997.83
60.0,Transport,2023-01,587.73
61.0,Transport,2023-01,790.39
62.0,Transport,2023-01,845.72
63.0,Transport,2023-01,612.56
64.0,Transport,2023-01,647.15
65.0,Transport,2023-01,921.45
66.0,Transport,2023-01,1208.33
67.0,Transport,2023-01,1219.73
68.0,Transport,2023-01,1139.49
69.0,Transport,2023-01,540.5
70.0,Transport,2023-01,989.4
71.0,Transport,2023-01,1093.86
72.0,Transport,2023-01,1157.65
73.0,Transport,2023-01,1051.41
74.0,Transport,2023-01,1064.67
75.0,Transport,2023-01,649.77
76.0,Transport,2023-01,725.05
77.0,Transport,2023-01,986.37
78.0,Transport,2023-01,502.13
79.0,Transport,2023-01,938.09
80.0,Transport,2023-01,1205.42
81.0,Transport,2023-01,816.2
82.0,Transport,2023-01,566.69
83.0,Transport,2023-01,936.33
84.0,Transport,2023-01,771.8
85.0,Transport,2023-01,880.4
86.0,Transport,2023-01,483.72
87.0,Transport,2023-01,984.69
88.0,Transport,2023-01,528.81
89.0,Transport,2023-01,390.36
90.0,Transport,2023-01,617.73
91.0,Transport,2023-01,1116.42
92.0,Transport,2023-01,657.82
93.0,Transport,2023-01,959.96
94.0,Transport,2023-01,527.91
95.0,Transport,2023-01,993.3
96.0,Transport,2023-01,1106.12
97.0,Transport,2023-01,1067.78
98.0,Transport,2023-01,1064.46
99.0,Transport,2023-01,479.64
100.0,Transport,2023-01,781.87
101.0,Transport,2023-01,875.94
102.0,Transport,2023-01,862.24
103.0,Transport,2023-01,1013.2
104.0,Transport,2023-01,910.5
105.0,Transport,2023-01,989.63
106.0,Transport,2023-01,721.72
107.0,Transport,2023-01,471.76
108.0,Transport,2023-01,875.92
109.0,Transport,2023-01,698.48
110.0,Transport,2023-01,1084.51
111.0,Transport,2023-01,718.54
112.0,Transport,2023-01,931.49
113.0,Transport,2023-01,1068.49
114.0,Transport,2023-01,696.05
115.0,Transport,2023-01,755.06
116.0,Transport,2023-01,1035.51
117.0,Transport,2023-01,901.94
118.0,Transport,2023-01,602.83
119.0,Transport,2023-01,464.79
120.0,Transport,2023-01,483.9
1.0,Transport,2023-02,668.31
2.0,Transport,2023-02,467.27
3.0,Transport,2023-02,678.01
4.0,Transport,2023-02,906.99
5.0,Transport,2023-02,611.15
6.0,Transport,2023-02,652.97
7.0,Transport,2023-02,883.56
8.0,Transport,2023-02,1162.05
9.0,Transport,2023-02,890.96
10.0,Transport,2023-02,1058.78
11.0,Transport,2023-02,1013.19
12.0,Transport,2023-02,798.75
13.0,Transport,2023-02,1132.68
14.0,Transport,2023-02,1232.5
15.0,Transport,2023-02,658.65
16.0,Transport,2023-02,826.11
17.0,Transport,2023-02,624.69
18.0,Transport,2023-02,820.59
19.0,Transport,2023-02,1363.89
20.0,Transport,2023-02,746.96
21.0,Transport,2023-02,1185.12
22.0,Transport,2023-02,839.19
23.0,Transport,2023-02,845.51
24.0,Transport,2023-02,931.44
25.0,Transport,2023-02,919.32
26.0,Transport,2023-02,485.36
27.0,Transport,2023-02,761.51
28.0,Transport,2023-02,1099.93
29.0,Transport,2023-02,948.82
30.0,Transport,2023-02,914.42
31.0,Transport,2023-02,1100.89
32.0,Transport,2023-02,635.7
33.0,Transport,2023-02,1097.29
34.0,Transport,2023-02,996.55
35.0,Transport,2023-02,453.34
36.0,Transport,2023-02,1264.4
37.0,Transport,2023-02,955.22
38.0,Transport,2023-02,1015.69
39.0,Transport,2023-02,735.73
40.0,Transport,2023-02,687.91
41.0,Transport,2023-02,854.85
42.0,Transport,2023-02,1055.77
43.0,Transport,2023-02,596.97
44.0,Transport,2023-02,537.78
45.0,Transport,2023-02,998.76
46.0,Transport,2023-02,862.68
47.0,Transport,2023-02,611.88
48.0,Transport,2023-02,733.06
49.0,Transport,2023-02,758.95
50.0,Transport,2023-02,785.73
51.0,Transport,2023-02,776.49
52.0,Transport,2023-02,1074.24
53.0,Transport,2023-02,1002.27
54.0,Transport,2023-02,967.25
55.0,Transport,2023-02,512.07
56.0,Transport,2023-02,474.88
57.0,Transport,2023-02,828.14
58.0,Transport,2023-02,1121.41
59.0,Transport,2023-02,1111.19
60.0,Transport,2023-02,608.35
61.0,Transport,2023-02,812.23
62.0,Transport,2023-02,888.2
63.0,Transport,2023-02,568.58
64.0,Transport,2023-02,644.11
65.0,Transport,2023-02,1012.32
66.0,Transport,2023-02,1308.67
67.0,Transport,2023-02,1225.29
68.0,Transport,2023-02,1286.39
69.0,Transport,2023-02,539.86
70.0,Transport,2023-02,1067.92
71.0,Transport,2023-02,1135.25
72.0,Transport,2023-02,1354.37
73.0,Transport,2023-02,1198.49
74.0,Transport,2023-02,1228.3
75.0,Transport,2023-02,693.62
76.0,Transport,2023-02,805.43
77.0,Transport,2023-02,995.72
78.0,Transport,2023-02,587.2
79.0,Transport,2023-02,1066.75
80.0,Transport,2023-02,1248.84
81.0,Transport,2023-02,915.19
82.0,Transport,2023-02,615.64
83.0,Transport,2023-02,1006.7
84.0,Transport,2023-02,868.06
85.0,Transport,2023-02,971.51
86.0,Transport,2023-02,514.33
87.0,Transport,2023-02,1003.23
88.0,Transport,2023-02,553.38
89.0,Transport,2023-02,419.33
90.0,Transport,2023-02,631.57
91.0,Transport,2023-02,1259.45
92.0,Transport,2023-02,721.17
93.0,Transport,2023-02,964.08
94.0,Transport,2023-02,549.89
95.0,Transport,2023-02,1101.08
96.0,Transport,2023-02,1247.2
97.0,Transport,2023-02,1214.95
98.0,Transport,2023-02,1107.24
99.0,Transport,2023-02,554.37
100.0,Transport,2023-02,954.07
101.0,Transport,2023-02,928.43
102.0,Transport,2023-02,969.63
103.0,Transport,2023-02,1185.88
104.0,Transport,2023-02,990.36
105.0,Transport,2023-02,1131.72
106.0,Transport,2023-02,897.85
107.0,Transport,2023-02,503.26
108.0,Transport,2023-02,960.04
109.0,Transport,2023-02,659.44
110.0,Transport,2023-02,1028.33
111.0,Transport,2023-02,856.15
112.0,Transport,2023-02,1009.93
113.0,Transport,2023-02,1207.53
114.0,Transport,2023-02,734.84
115.0,Transport,2023-02,833.56
116.0,Transport,2023-02,1070.05
117.0,Transport,2023-02,1032.25
118.0,Transport,2023-02,667.2
119.0,Transport,2023-02,510.66
120.0,Transport,2023-02,507.23
1.0,Transport,2023-03,661.58
2.0,Transport,2023-03,445.86
3.0,Transport,2023-03,809.05
4.0,Transport,2023-03,970.03
5.0,Transport,2023-03,639.4
6.0,Transport,2023-03,681.03
7.0,Transport,2023-03,973.84
8.0,Transport,2023-03,1259.31
9.0,Transport,2023-03,1062.54
10.0,Transport,2023-03,1202.28
11.0,Transport,2023-03,1076.36
12.0,Transport,2023-03,797.6
13.0,Transport,2023-03,1247.1
14.0,Transport,2023-03,1273.75
15.0,Transport,2023-03,728.31
16.0,Transport,2023-03,812.58
17.0,Transport,2023-03,687.07
18.0,Transport,2023-03,797.87
19.0,Transport,2023-03,1249.99
20.0,Transport,2023-03,713.66
21.0,Transport,2023-03,1244.97
22.0,Transport,2023-03,813.32
23.0,Transport,2023-03,989.86
24.0,Transport,2023-03,966.36
25.0,Transport,2023-03,925.53
26.0,Transport,2023-03,525.64
27.0,Transport,2023-03,756.11
28.0,Transport,2023-03,1028.91
29.0,Transport,2023-03,986.15
30.0,Transport,2023-03,1040.41
31.0,Transport,2023-03,1169.31
32.0,Transport,2023-03,605.33
33.0,Transport,2023-03,1218.03
34.0,Transport,2023-03,1185.41
35.0,Transport,2023-03,462.98
36.0,Transport,2023-03,1402.01
37.0,Transport,2023-03,1003.17
38.0,Transport,2023-03,1174.98
39.0,Transport,2023-03,766.85
40.0,Transport,2023-03,775.51
41.0,Transport,2023-03,900.01
42.0,Transport,2023-03,1022.15
43.0,Transport,2023-03,639.48
44.0,Transport,2023-03,619.71
45.0,Transport,2023-03,1003.05
46.0,Transport,2023-03,916.39
47.0,Transport,2023-03,760.01
48.0,Transport,2023-03,849.41
49.0,Transport,2023-03,778.88
50.0,Transport,2023-03,830.2
51.0,Transport,2023-03,853.38
52.0,Transport,2023-03,1144.64
53.0,Transport,2023-03,1056.45
54.0,Transport,2023-03,957.25
55.0,Transport,2023-03,571.3
56.0,Transport,2023-03,566.24
57.0,Transport,2023-03,871.14
58.0,Transport,2023-03,1188.25
59.0,Transport,2023-03,1120.83
60.0,Transport,2023-03,602.52
61.0,Transport,2023-03,904.07
62.0,Transport,2023-03,946.27
63.0,Transport,2023-03,610.68
64.0,Transport,2023-03,668.24
65.0,Transport,2023-03,1151.64
66.0,Transport,2023-03,1303.55
67.0,Transport,2023-03,1410.93
68.0,Transport,2023-03,1415.44
69.0,Transport,2023-03,616.35
70.0,Transport,2023-03,1023.38
71.0,Transport,2023-03,1235.39
72.0,Transport,2023-03,1313.77
73.0,Transport,2023-03,1162.38
74.0,Transport,2023-03,1311.11
75.0,Transport,2023-03,785.26
76.0,Transport,2023-03,806.96
77.0,Transport,2023-03,1122.54
78.0,Transport,2023-03,595.15
79.0,Transport,2023-03,1066.26
80.0,Transport,2023-03,1256.05
81.0,Transport,2023-03,1010.52
82.0,Transport,2023-03,630.16
83.0,Transport,2023-03,1081.48
84.0,Transport,2023-03,915.84
85.0,Transport,2023-03,1080.81
86.0,Transport,2023-03,507.68
87.0,Transport,2023-03,1138.79
88.0,Transport,2023-03,576.02
89.0,Transport,2023-03,491.43
90.0,Transport,2023-03,694.36
91.0,Transport,2023-03,1323.7
92.0,Transport,2023-03,704.34
93.0,Transport,2023-03,1023.51
94.0,Transport,2023-03,631.81
95.0,Transport,2023-03,1180.45
96.0,Transport,2023-03,1145.52
97.0,Transport,2023-03,1225.4
98.0,Transport,2023-03,1258.57
99.0,Transport,2023-03,561.52
100.0,Transport,2023-03,918.04
101.0,Transport,2023-03,916.34
102.0,Transport,2023-03,1029.48
103.0,Transport,2023-03,1204.82
104.0,Transport,2023-03,1025.01
105.0,Transport,2023-03,1130.02
106.0,Transport,2023-03,922.08
107.0,Transport,2023-03,579.07
108.0,Transport,2023-03,1006.66
109.0,Transport,2023-03,734.14
110.0,Transport,2023-03,1097.98
111.0,Transport,2023-03,785.48
112.0,Transport,2023-03,1041.64
113.0,Transport,2023-03,1230.42
114.0,Transport,2023-03,728.92
115.0,Transport,2023-03,777.48
116.0,Transport,2023-03,1113.49
117.0,Transport,2023-03,1224.75
118.0,Transport,2023-03,703.02
119.0,Transport,2023-03,543.06
120.0,Transport,2023-03,518.16
1.0,Transport,2023-04,719.72
2.0,Transport,2023-04,450.55
3.0,Transport,2023-04,716.96
4.0,Transport,2023-04,1059.89
5.0,Transport,2023-04,642.53
6.0,Transport,2023-04,728.91
7.0,Transport,2023-04,956.27
8.0,Transport,2023-04,1283.83
9.0,Transport,2023-04,1061.28
10.0,Transport,2023-04,1138.27
11.0,Transport,2023-04,1089.39
12.0,Transport,2023-04,950.97
13.0,Transport,2023-04,1205.39
14.0,Transport,2023-04,1275.15
15.0,Transport,2023-04,786.25
16.0,Transport,2023-04,924.29
17.0,Transport,2023-04,695.52
18.0,Transport,2023-04,909.94
19.0,Transport,2023-04,1339.03
20.0,Transport,2023-04,710.87
21.0,Transport,2023-04,1229.93
22.0,Transport,2023-04,861.07
23.0,Transport,2023-04,926.1
24.0,Transport,2023-04,966.05
25.0,Transport,2023-04,921.79
26.0,Transport,2023-04,542.65
27.0,Transport,2023-04,767.29
28.0,Transport,2023-04,1079.98
29.0,Transport,2023-04,1043.92
30.0,Transport,2023-04,1040.16
31.0,Transport,2023-04,1279.83
32.0,Transport,2023-04,684.54
33.0,Transport,2023-04,1317.27
34.0,Transport,2023-04,1146.02
35.0,Transport,2023-04,503.88
36.0,Transport,2023-04,1338.45
37.0,Transport,2023-04,955.72
38.0,Transport,2023-04,1178.52
39.0,Transport,2023-04,777.67
40.0,Transport,2023-04,731.02
41.0,Transport,2023-04,951.95
42.0,Transport,2023-04,1011.47
43.0,Transport,2023-04,699.87
44.0,Transport,2023-04,655.7
45.0,Transport,2023-04,998.25
46.0,Transport,2023-04,892.58
47.0,Transport,2023-04,723.84
48.0,Transport,2023-04,863.07
49.0,Transport,2023-04,868.7
50.0,Transport,2023-04,738.74
51.0,Transport,2023-04,779.02
52.0,Transport,2023-04,1143.64
53.0,Transport,2023-04,1122.86
54.0,Transport,2023-04,913.13
55.0,Transport,2023-04,557.56
56.0,Transport,2023-04,608.55
57.0,Transport,2023-04,946.69
58.0,Transport,2023-04,1123.76
59.0,Transport,2023-04,1324.48
60.0,Transport,2023-04,671.8
61.0,Transport,2023-04,926.6
62.0,Transport,2023-04,945.62
63.0,Transport,2023-04,617.38
64.0,Transport,2023-04,735.5
65.0,Transport,2023-04,1090.02
66.0,Transport,2023-04,1319.54
67.0,Transport,2023-04,1412.87
68.0,Transport,2023-04,1424.74
69.0,Transport,2023-04,625.33
70.0,Transport,2023-04,1209.76
71.0,Transport,2023-04,1160.65
72.0,Transport,2023-04,1402.81
73.0,Transport,2023-04,1203.27
74.0,Transport,2023-04,1279.01
75.0,Transport,2023-04,728.59
76.0,Transport,2023-04,878.76
77.0,Transport,2023-04,1129.16
78.0,Transport,2023-04,564.77
79.0,Transport,2023-04,1212.17
80.0,Transport,2023-04,1332.98
81.0,Transport,2023-04,1134.35
82.0,Transport,2023-04,618.08
83.0,Transport,2023-04,1097.95
84.0,Transport,2023-04,876.55
85.0,Transport,2023-04,1076.24
86.0,Transport,2023-04,538.32
87.0,Transport,2023-04,1190.93
88.0,Transport,2023-04,635.98
89.0,Transport,2023-04,496.41
90.0,Transport,2023-04,686.31
91.0,Transport,2023-04,1390.93
92.0,Transport,2023-04,769.19
93.0,Transport,2023-04,1084.1
94.0,Transport,2023-04,627.36
95.0,Transport,2023-04,1161.53
96.0,Transport,2023-04,1336.45
97.0,Transport,2023-04,1165.44
98.0,Transport,2023-04,1215.34
99.0,Transport,2023-04,618.49
100.0,Transport,2023-04,842.03
101.0,Transport,2023-04,1092.21
102.0,Transport,2023-04,1031.09
103.0,Transport,2023-04,1294.4
104.0,Transport,2023-04,989.0
105.0,Transport,2023-04,1130.36
106.0,Transport,2023-04,931.61
107.0,Transport,2023-04,528.2
108.0,Transport,2023-04,1013.29
109.0,Transport,2023-04,728.24
110.0,Transport,2023-04,1258.03
111.0,Transport,2023-04,755.46
112.0,Transport,2023-04,1032.39
113.0,Transport,2023-04,1228.61
114.0,Transport,2023-04,772.28
115.0,Transport,2023-04,859.54
116.0,Transport,2023-04,1062.89
117.0,Transport,2023-04,1123.88
118.0,Transport,2023-04,666.32
119.0,Transport,2023-04,546.02
120.0,Transport,2023-04,545.01
1.0,Transport,2023-05,675.34
2.0,Transport,2023-05,478.87
3.0,Transport,2023-05,734.06
4.0,Transport,2023-05,1014.45
5.0,Transport,2023-05,656.74
6.0,Transport,2023-05,731.2
7.0,Transport,2023-05,950.62
8.0,Transport,2023-05,1279.27
9.0,Transport,2023-05,1004.67
10.0,Transport,2023-05,1141.03
11.0,Transport,2023-05,1125.95
12.0,Transport,2023-05,840.46
13.0,Transport,2023-05,1106.44
14.0,Transport,2023-05,1236.81
15.0,Transport,2023-05,719.84
16.0,Transport,2023-05,855.33
17.0,Transport,2023-05,726.07
18.0,Transport,2023-05,961.65
19.0,Transport,2023-05,1301.99
20.0,Transport,2023-05,729.19
21.0,Transport,2023-05,1269.75
22.0,Transport,2023-05,907.65
23.0,Transport,2023-05,989.97
24.0,Transport,2023-05,990.36
25.0,Transport,2023-05,942.19
26.0,Transport,2023-05,513.36
27.0,Transport,2023-05,771.6
28.0,Transport,2023-05,1098.72
29.0,Transport,2023-05,1060.19
30.0,Transport,2023-05,1046.33
31.0,Transport,2023-05,1138.96
32.0,Transport,2023-05,706.52
33.0,Transport,2023-05,1225.06
34.0,Transport,2023-05,1249.22
35.0,Transport,2023-05,460.74
36.0,Transport,2023-05,1303.8
37.0,Transport,2023-05,969.0
38.0,Transport,2023-05,1148.2
39.0,Transport,2023-05,721.15
40.0,Transport,2023-05,767.48
41.0,Transport,2023-05,949.71
42.0,Transport,2023-05,1035.5
43.0,Transport,2023-05,648.93
44.0,Transport,2023-05,623.61
45.0,Transport,2023-05,993.95
46.0,Transport,2023-05,846.52
47.0,Transport,2023-05,681.57
48.0,Transport,2023-05,756.82
49.0,Transport,2023-05,735.6
50.0,Transport,2023-05,890.23
51.0,Transport,2023-05,751.7
52.0,Transport,2023-05,1068.26
53.0,Transport,2023-05,1111.01
54.0,Transport,2023-05,990.68
55.0,Transport,2023-05,501.46
56.0,Transport,2023-05,556.19
57.0,Transport,2023-05,889.42
58.0,Transport,2023-05,1127.2
59.0,Transport,2023-05,1186.88
60.0,Transport,2023-05,604.13
61.0,Transport,2023-05,925.44
62.0,Transport,2023-05,947.08
63.0,Transport,2023-05,601.54
64.0,Transport,2023-05,706.22
65.0,Transport,2023-05,1035.14
66.0,Transport,2023-05,1322.29
67.0,Transport,2023-05,1395.81
68.0,Transport,2023-05,1347.24
69.0,Transport,2023-05,611.97
70.0,Transport,2023-05,1078.29
71.0,Transport,2023-05,1089.03
72.0,Transport,2023-05,1288.99
73.0,Transport,2023-05,1242.69
74.0,Transport,2023-05,1309.39
75.0,Transport,2023-05,790.45
76.0,Transport,2023-05,838.86
77.0,Transport,2023-05,1105.14
78.0,Transport,2023-05,655.24
79.0,Transport,2023-05,1160.23
80.0,Transport,2023-05,1256.37
81.0,Transport,2023-05,984.91
82.0,Transport,2023-05,625.55
83.0,Transport,2023-05,1098.8
84.0,Transport,2023-05,894.54
85.0,Transport,2023-05,1066.93
86.0,Transport,2023-05,519.56
87.0,Transport,2023-05,1150.8
88.0,Transport,2023-05,623.15
89.0,Transport,2023-05,496.86
90.0,Transport,2023-05,703.27
91.0,Transport,2023-05,1322.76
92.0,Transport,2023-05,714.83
93.0,Transport,2023-05,1120.6
94.0,Transport,2023-05,620.96
95.0,Transport,2023-05,1180.11
96.0,Transport,2023-05,1349.77
97.0,Transport,2023-05,1308.58
98.0,Transport,2023-05,1226.06
99.0,Transport,2023-05,622.59
100.0,Transport,2023-05,871.49
101.0,Transport,2023-05,924.15
102.0,Transport,2023-05,959.36
103.0,Transport,2023-05,1189.31
104.0,Transport,2023-05,1005.67
105.0,Transport,2023-05,1058.54
106.0,Transport,2023-05,939.77
107.0,Transport,2023-05,544.88
108.0,Transport,2023-05,1007.04
109.0,Transport,2023-05,750.01
110.0,Transport,2023-05,1160.28
111.0,Transport,2023-05,771.49
112.0,Transport,2023-05,948.21
113.0,Transport,2023-05,1242.31
114.0,Transport,2023-05,715.84
115.0,Transport,2023-05,788.62
116.0,Transport,2023-05,1068.29
117.0,Transport,2023-05,1203.43
118.0,Transport,2023-05,652.71
119.0,Transport,2023-05,504.08
120.0,Transport,2023-05,516.06
1.0,Transport,2023-06,649.22
2.0,Transport,2023-06,448.99
3.0,Transport,2023-06,713.67
4.0,Transport,2023-06,915.23
5.0,Transport,2023-06,598.5
6.0,Transport,2023-06,738.42
7.0,Transport,2023-06,875.85
8.0,Transport,2023-06,1292.95
9.0,Transport,2023-06,976.25
10.0,Transport,2023-06,1216.77
11.0,Transport,2023-06,1136.03
12.0,Transport,2023-06,839.91
13.0,Transport,2023-06,1137.13
14.0,Transport,2023-06,1235.86
15.0,Transport,2023-06,668.56
16.0,Transport,2023-06,821.29
17.0,Transport,2023-06,668.3
18.0,Transport,2023-06,906.38
19.0,Transport,2023-06,1293.7
20.0,Transport,2023-06,715.7
21.0,Transport,2023-06,1129.33
22.0,Transport,2023-06,907.81
23.0,Transport,2023-06,953.47
24.0,Transport,2023-06,975.32
25.0,Transport,2023-06,976.13
26.0,Transport,2023-06,502.55
27.0,Transport,2023-06,703.44
28.0,Transport,2023-06,1076.02
29.0,Transport,2023-06,976.55
30.0,Transport,2023-06,948.29
31.0,Transport,2023-06,1132.66
32.0,Transport,2023-06,583.11
33.0,Transport,2023-06,1220.6
34.0,Transport,2023-06,1050.36
35.0,Transport,2023-06,444.69
36.0,Transport,2023-06,1221.89
37.0,Transport,2023-06,939.88
38.0,Transport,2023-06,1112.62
39.0,Transport,2023-06,666.66
40.0,Transport,2023-06,703.67
41.0,Transport,2023-06,838.63
42.0,Transport,2023-06,1020.84
43.0,Transport,2023-06,632.47
44.0,Transport,2023-06,674.91
45.0,Transport,2023-06,945.46
46.0,Transport,2023-06,763.5
47.0,Transport,2023-06,703.65
48.0,Transport,2023-06,826.94
49.0,Transport,2023-06,767.25
50.0,Transport,2023-06,748.25
51.0,Transport,2023-06,765.19
52.0,Transport,2023-06,1101.09
53.0,Transport,2023-06,1045.44
54.0,Transport,2023-06,938.49
55.0,Transport,2023-06,534.54
56.0,Transport,2023-06,561.17
57.0,Transport,2023-06,858.5
58.0,Transport,2023-06,1043.21
59.0,Transport,2023-06,1122.84
60.0,Transport,2023-06,657.34
61.0,Transport,2023-06,908.23
62.0,Transport,2023-06,1002.04
63.0,Transport,2023-06,596.8
64.0,Transport,2023-06,661.23
65.0,Transport,2023-06,972.21
66.0,Transport,2023-06,1183.87
67.0,Transport,2023-06,1269.18
68.0,Transport,2023-06,1257.73
69.0,Transport,2023-06,585.62
70.0,Transport,2023-06,1052.85
71.0,Transport,2023-06,1092.97
72.0,Transport,2023-06,1235.25
73.0,Transport,2023-06,1209.74
74.0,Transport,2023-06,1166.21
75.0,Transport,2023-06,763.38
76.0,Transport,2023-06,766.61
77.0,Transport,2023-06,1094.87
78.0,Transport,2023-06,571.09
79.0,Transport,2023-06,1098.78
80.0,Transport,2023-06,1271.77
81.0,Transport,2023-06,1073.38
82.0,Transport,2023-06,651.3
83.0,Transport,2023-06,1022.83
84.0,Transport,2023-06,859.95
85.0,Transport,2023-06,1088.15
86.0,Transport,2023-06,492.55
87.0,Transport,2023-06,1059.31
88.0,Transport,2023-06,582.55
89.0,Transport,2023-06,465.89
90.0,Transport,2023-06,666.84
91.0,Transport,2023-06,1260.21
92.0,Transport,2023-06,781.27
93.0,Transport,2023-06,1031.49
94.0,Transport,2023-06,519.31
95.0,Transport,2023-06,1095.47
96.0,Transport,2023-06,1330.28
97.0,Transport,2023-06,1132.68
98.0,Transport,2023-06,1092.58
99.0,Transport,2023-06,572.97
100.0,Transport,2023-06,854.34
101.0,Transport,2023-06,986.24
102.0,Transport,2023-06,872.27
103.0,Transport,2023-06,1135.25
104.0,Transport,2023-06,970.91
105.0,Transport,2023-06,1109.5
106.0,Transport,2023-06,829.23
107.0,Transport,2023-06,510.16
108.0,Transport,2023-06,883.12
109.0,Transport,2023-06,745.77
110.0,Transport,2023-06,1074.69
111.0,Transport,2023-06,780.35
112.0,Transport,2023-06,959.99
113.0,Transport,2023-06,1178.73
114.0,Transport,2023-06,704.59
115.0,Transport,2023-06,814.77
116.0,Transport,2023-06,943.12
117.0,Transport,2023-06,1051.81
118.0,Transport,2023-06,621.65
119.0,Transport,2023-06,510.62
120.0,Transport,2023-06,505.92
1.0,Transport,2023-07,591.46
2.0,Transport,2023-07,414.4
3.0,Transport,2023-07,704.63
4.0,Transport,2023-07,849.32
5.0,Transport,2023-07,586.24
6.0,Transport,2023-07,615.96
7.0,Transport,2023-07,838.14
8.0,Transport,2023-07,1089.67
9.0,Transport,2023-07,927.51
10.0,Transport,2023-07,1031.8
11.0,Transport,2023-07,937.34
12.0,Transport,2023-07,739.72
13.0,Transport,2023-07,1101.83
14.0,Transport,2023-07,1098.54
15.0,Transport,2023-07,694.44
16.0,Transport,2023-07,793.64
17.0,Transport,2023-07,582.94
18.0,Transport,2023-07,856.31
19.0,Transport,2023-07,1071.31
20.0,Transport,2023-07,643.32
21.0,Transport,2023-07,1094.38
22.0,Transport,2023-07,711.49
23.0,Transport,2023-07,842.03
24.0,Transport,2023-07,932.86
25.0,Transport,2023-07,850.45
26.0,Transport,2023-07,412.29
27.0,Transport,2023-07,709.1
28.0,Transport,2023-07,975.18
29.0,Transport,2023-07,829.6
30.0,Transport,2023-07,958.8
31.0,Transport,2023-07,1121.94
32.0,Transport,2023-07,561.31
33.0,Transport,2023-07,1025.05
34.0,Transport,2023-07,922.64
35.0,Transport,2023-07,430.32
36.0,Transport,2023-07,1041.34
37.0,Transport,2023-07,810.9
38.0,Transport,2023-07,1039.97
39.0,Transport,2023-07,634.32
40.0,Transport,2023-07,640.58
41.0,Transport,2023-07,863.47
42.0,Transport,2023-07,939.72
43.0,Transport,2023-07,555.47
44.0,Transport,2023-07,579.75
45.0,Transport,2023-07,919.93
46.0,Transport,2023-07,746.32
47.0,Transport,2023-07,586.12
48.0,Transport,2023-07,812.72
49.0,Transport,2023-07,663.84
50.0,Transport,2023-07,740.21
51.0,Transport,2023-07,677.58
52.0,Transport,2023-07,1108.56
53.0,Transport,2023-07,943.76
54.0,Transport,2023-07,758.15
55.0,Transport,2023-07,496.52
56.0,Transport,2023-07,483.29
57.0,Transport,2023-07,841.46
58.0,Transport,2023-07,1064.12
59.0,Transport,2023-07,1073.69
60.0,Transport,2023-07,583.61
61.0,Transport,2023-07,788.01
62.0,Transport,2023-07,838.23
63.0,Transport,2023-07,561.09
64.0,Transport,2023-07,578.93
65.0,Transport,2023-07,955.24
66.0,Transport,2023-07,1154.69
67.0,Transport,2023-07,1091.21
68.0,Transport,2023-07,1245.98
69.0,Transport,2023-07,532.09
70.0,Transport,2023-07,960.19
71.0,Transport,2023-07,997.07
72.0,Transport,2023-07,1092.49
73.0,Transport,2023-07,1150.44
74.0,Transport,2023-07,999.41
75.0,Transport,2023-07,667.08
76.0,Transport,2023-07,739.22
77.0,Transport,2023-07,1029.51
78.0,Transport,2023-07,585.66
79.0,Transport,2023-07,983.26
80.0,Transport,2023-07,1019.3
81.0,Transport,2023-07,1016.6
82.0,Transport,2023-07,570.35
83.0,Transport,2023-07,977.55
84.0,Transport,2023-07,890.72
85.0,Transport,2023-07,934.5
86.0,Transport,2023-07,503.26
87.0,Transport,2023-07,1013.25
88.0,Transport,2023-07,527.14
89.0,Transport,2023-07,444.24
90.0,Transport,2023-07,681.4
91.0,Transport,2023-07,1296.48
92.0,Transport,2023-07,649.06
93.0,Transport,2023-07,922.42
94.0,Transport,2023-07,518.07
95.0,Transport,2023-07,1075.81
96.0,Transport,2023-07,1200.46
97.0,Transport,2023-07,1178.84
98.0,Transport,2023-07,1025.49
99.0,Transport,2023-07,479.92
100.0,Transport,2023-07,808.25
101.0,Transport,2023-07,911.6
102.0,Transport,2023-07,752.76
103.0,Transport,2023-07,984.6
104.0,Transport,2023-07,958.22
105.0,Transport,2023-07,970.51
106.0,Transport,2023-07,907.21
107.0,Transport,2023-07,456.09
108.0,Transport,2023-07,871.99
109.0,Transport,2023-07,673.83
110.0,Transport,2023-07,1111.51
111.0,Transport,2023-07,657.96
112.0,Transport,2023-07,870.58
113.0,Transport,2023-07,1119.71
114.0,Transport,2023-07,611.48
115.0,Transport,2023-07,713.63
116.0,Transport,2023-07,957.09
117.0,Transport,2023-07,926.89
118.0,Transport,2023-07,600.58
119.0,Transport,2023-07,537.72
120.0,Transport,2023-07,464.68
1.0,Transport,2023-08,619.38
2.0,Transport,2023-08,382.81
3.0,Transport,2023-08,554.85
4.0,Transport,2023-08,854.38
5.0,Transport,2023-08,532.57
6.0,Transport,2023-08,677.84
7.0,Transport,2023-08,761.88
8.0,Transport,2023-08,972.6
9.0,Transport,2023-08,773.29
10.0,Transport,2023-08,976.7
11.0,Transport,2023-08,831.1
12.0,Transport,2023-08,652.07
13.0,Transport,2023-08,935.68
14.0,Transport,2023-08,923.13
15.0,Transport,2023-08,619.06
16.0,Transport,2023-08,722.29
17.0,Transport,2023-08,636.28
18.0,Transport,2023-08,815.26
19.0,Transport,2023-08,1101.05
20.0,Transport,2023-08,670.64
21.0,Transport,2023-08,925.49
22.0,Transport,2023-08,644.31
23.0,Transport,2023-08,839.03
24.0,Transport,2023-08,821.81
25.0,Transport,2023-08,834.67
26.0,Transport,2023-08,421.73
27.0,Transport,2023-08,612.17
28.0,Transport,2023-08,883.87
29.0,Transport,2023-08,795.63
30.0,Transport,2023-08,794.09
31.0,Transport,2023-08,979.9
32.0,Transport,2023-08,540.31
33.0,Transport,2023-08,1035.79
34.0,Transport,2023-08,904.74
35.0,Transport,2023-08,356.51
36.0,Transport,2023-08,1120.19
37.0,Transport,2023-08,839.4
38.0,Transport,2023-08,1018.24
39.0,Transport,2023-08,613.1
40.0,Transport,2023-08,634.22
41.0,Transport,2023-08,733.6
42.0,Transport,2023-08,915.24
43.0,Transport,2023-08,545.9
44.0,Transport,2023-08,564.63
45.0,Transport,2023-08,929.45
46.0,Transport,2023-08,689.41
47.0,Transport,2023-08,582.19
48.0,Transport,2023-08,666.08
49.0,Transport,2023-08,589.02
50.0,Transport,2023-08,657.32
51.0,Transport,2023-08,670.64
52.0,Transport,2023-08,893.54
53.0,Transport,2023-08,932.26
54.0,Transport,2023-08,775.06
55.0,Transport,2023-08,439.15
56.0,Transport,2023-08,502.53
57.0,Transport,2023-08,714.4
58.0,Transport,2023-08,1012.28
59.0,Transport,2023-08,1010.07
60.0,Transport,2023-08,580.39
61.0,Transport,2023-08,842.89
62.0,Transport,2023-08,820.51
63.0,Transport,2023-08,481.59
64.0,Transport,2023-08,574.02
65.0,Transport,2023-08,800.49
66.0,Transport,2023-08,1124.47
67.0,Transport,2023-08,1141.37
68.0,Transport,2023-08,1139.9
69.0,Transport,2023-08,460.45
70.0,Transport,2023-08,1068.83
71.0,Transport,2023-08,950.02
72.0,Transport,2023-08,1042.29
73.0,Transport,2023-08,1097.88
74.0,Transport,2023-08,1007.94
75.0,Transport,2023-08,624.66
76.0,Transport,2023-08,679.46
77.0,Transport,2023-08,930.47
78.0,Transport,2023-08,543.71
79.0,Transport,2023-08,992.41
80.0,Transport,2023-08,1020.16
81.0,Transport,2023-08,869.99
82.0,Transport,2023-08,551.79
83.0,Transport,2023-08,855.16
84.0,Transport,2023-08,780.04
85.0,Transport,2023-08,991.06
86.0,Transport,2023-08,424.68
87.0,Transport,2023-08,870.59
88.0,Transport,2023-08,471.57
89.0,Transport,2023-08,418.88
90.0,Transport,2023-08,672.32
91.0,Transport,2023-08,1144.62
92.0,Transport,2023-08,662.93
93.0,Transport,2023-08,821.7
94.0,Transport,2023-08,471.28
95.0,Transport,2023-08,954.11
96.0,Transport,2023-08,1155.67
97.0,Transport,2023-08,1037.55
98.0,Transport,2023-08,1040.54
99.0,Transport,2023-08,521.3
100.0,Transport,2023-08,687.94
101.0,Transport,2023-08,791.52
102.0,Transport,2023-08,767.6
103.0,Transport,2023-08,1022.38
104.0,Transport,2023-08,929.17
105.0,Transport,2023-08,942.65
106.0,Transport,2023-08,764.77
107.0,Transport,2023-08,509.57
108.0,Transport,2023-08,798.46
109.0,Transport,2023-08,613.64
110.0,Transport,2023-08,977.75
111.0,Transport,2023-08,672.31
112.0,Transport,2023-08,866.1
113.0,Transport,2023-08,898.32
114.0,Transport,2023-08,638.05
115.0,Transport,2023-08,642.79
116.0,Transport,2023-08,875.2
117.0,Transport,2023-08,904.58
118.0,Transport,2023-08,552.19
119.0,Transport,2023-08,483.1
120.0,Transport,2023-08,407.13
1.0,Transport,2023-09,525.85
2.0,Transport,2023-09,336.05
3.0,Transport,2023-09,602.63
4.0,Transport,2023-09,743.35
5.0,Transport,2023-09,494.44
6.0,Transport,2023-09,601.43
7.0,Transport,2023-09,736.61
8.0,Transport,2023-09,879.88
9.0,Transport,2023-09,811.97
10.0,Transport,2023-09,955.01
11.0,Transport,2023-09,842.82
12.0,Transport,2023-09,699.59
13.0,Transport,2023-09,906.81
14.0,Transport,2023-09,1056.9
15.0,Transport,2023-09,530.74
16.0,Transport,2023-09,710.86
17.0,Transport,2023-09,549.64
18.0,Transport,2023-09,734.66
19.0,Transport,2023-09,1125.08
20.0,Transport,2023-09,599.62
21.0,Transport,2023-09,917.48
22.0,Transport,2023-09,746.99
23.0,Transport,2023-09,786.06
24.0,Transport,2023-09,785.16
25.0,Transport,2023-09,754.2
26.0,Transport,2023-09,423.91
27.0,Transport,2023-09,483.08
28.0,Transport,2023-09,923.5
29.0,Transport,2023-09,777.84
30.0,Transport,2023-09,860.82
31.0,Transport,2023-09,946.29
32.0,Transport,2023-09,531.63
33.0,Transport,2023-09,920.63
34.0,Transport,2023-09,767.36
35.0,Transport,2023-09,380.34
36.0,Transport,2023-09,940.49
37.0,Transport,2023-09,780.36
38.0,Transport,2023-09,969.3
39.0,Transport,2023-09,590.0
40.0,Transport,2023-09,596.4
41.0,Transport,2023-09,768.44
42.0,Transport,2023-09,840.37
43.0,Transport,2023-09,543.87
44.0,Transport,2023-09,560.46
45.0,Transport,2023-09,801.25
46.0,Transport,2023-09,673.73
47.0,Transport,2023-09,530.21
48.0,Transport,2023-09,598.78
49.0,Transport,2023-09,653.44
50.0,Transport,2023-09,661.97
51.0,Transport,2023-09,668.0
52.0,Transport,2023-09,844.41
53.0,Transport,2023-09,850.11
54.0,Transport,2023-09,659.09
55.0,Transport,2023-09,367.84
56.0,Transport,2023-09,462.2
57.0,Transport,2023-09,690.53
58.0,Transport,2023-09,868.05
59.0,Transport,2023-09,947.04
60.0,Transport,2023-09,588.86
61.0,Transport,2023-09,748.8
62.0,Transport,2023-09,747.88
63.0,Transport,2023-09,422.18
64.0,Transport,2023-09,493.43
65.0,Transport,2023-09,796.8
66.0,Transport,2023-09,1057.42
67.0,Transport,2023-09,997.94
68.0,Transport,2023-09,996.97
69.0,Transport,2023-09,436.12
70.0,Transport,2023-09,908.88
71.0,Transport,2023-09,858.21
72.0,Transport,2023-09,1054.68
73.0,Transport,2023-09,955.35
74.0,Transport,2023-09,971.06
75.0,Transport,2023-09,613.45
76.0,Transport,2023-09,668.82
77.0,Transport,2023-09,911.65
78.0,Transport,2023-09,458.02
79.0,Transport,2023-09,857.31
80.0,Transport,2023-09,1077.83
81.0,Transport,2023-09,823.5
82.0,Transport,2023-09,493.42
83.0,Transport,2023-09,853.62
84.0,Transport,2023-09,756.15
85.0,Transport,2023-09,831.71
86.0,Transport,2023-09,411.08
87.0,Transport,2023-09,893.14
88.0,Transport,2023-09,422.52
89.0,Transport,2023-09,409.48
90.0,Transport,2023-09,540.62
91.0,Transport,2023-09,1034.58
92.0,Transport,2023-09,629.65
93.0,Transport,2023-09,803.43
94.0,Transport,2023-09,438.57
95.0,Transport,2023-09,914.64
96.0,Transport,2023-09,949.95
97.0,Transport,2023-09,1055.55
98.0,Transport,2023-09,920.46
99.0,Transport,2023-09,496.97
100.0,Transport,2023-09,692.29
101.0,Transport,2023-09,799.18
102.0,Transport,2023-09,777.96
103.0,Transport,2023-09,944.02
104.0,Transport,2023-09,833.3
105.0,Transport,2023-09,866.58
106.0,Transport,2023-09,720.01
107.0,Transport,2023-09,409.82
108.0,Transport,2023-09,751.61
109.0,Transport,2023-09,642.01
110.0,Transport,2023-09,944.66
111.0,Transport,2023-09,647.0
112.0,Transport,2023-09,834.16
113.0,Transport,2023-09,869.43
114.0,Transport,2023-09,492.57
115.0,Transport,2023-09,670.6
116.0,Transport,2023-09,810.92
117.0,Transport,2023-09,922.65
118.0,Transport,2023-09,496.56
119.0,Transport,2023-09,454.24
120.0,Transport,2023-09,381.59
1.0,Transport,2023-10,479.36
2.0,Transport,2023-10,344.78
3.0,Transport,2023-10,547.7
4.0,Transport,2023-10,866.92
5.0,Transport,2023-10,462.61
6.0,Transport,2023-10,589.9
7.0,Transport,2023-10,810.69
8.0,Transport,2023-10,893.17
9.0,Transport,2023-10,784.14
10.0,Transport,2023-10,916.22
11.0,Transport,2023-10,952.99
12.0,Transport,2023-10,689.9
13.0,Transport,2023-10,896.81
14.0,Transport,2023-10,1069.71
15.0,Transport,2023-10,618.95
16.0,Transport,2023-10,673.55
17.0,Transport,2023-10,553.85
18.0,Transport,2023-10,730.02
19.0,Transport,2023-10,896.59
20.0,Transport,2023-10,604.44
21.0,Transport,2023-10,885.16
22.0,Transport,2023-10,676.4
23.0,Transport,2023-10,742.21
24.0,Transport,2023-10,750.19
25.0,Transport,2023-10,807.69
26.0,Transport,2023-10,383.7
27.0,Transport,2023-10,554.54
28.0,Transport,2023-10,906.42
29.0,Transport,2023-10,758.49
30.0,Transport,2023-10,684.11
31.0,Transport,2023-10,980.89
32.0,Transport,2023-10,465.12
33.0,Transport,2023-10,887.88
34.0,Transport,2023-10,883.69
35.0,Transport,2023-10,305.11
36.0,Transport,2023-10,978.3
37.0,Transport,2023-10,702.24
38.0,Transport,2023-10,917.1
39.0,Transport,2023-10,490.15
40.0,Transport,2023-10,585.05
41.0,Transport,2023-10,762.55
42.0,Transport,2023-10,828.31
43.0,Transport,2023-10,478.02
44.0,Transport,2023-10,527.94
45.0,Transport,2023-10,836.42
46.0,Transport,2023-10,639.31
47.0,Transport,2023-10,542.64
48.0,Transport,2023-10,709.11
49.0,Transport,2023-10,640.67
50.0,Transport,2023-10,610.49
51.0,Transport,2023-10,607.27
52.0,Transport,2023-10,819.89
53.0,Transport,2023-10,792.79
54.0,Transport,2023-10,679.64
55.0,Transport,2023-10,364.53
56.0,Transport,2023-10,450.22
57.0,Transport,2023-10,699.84
58.0,Transport,2023-10,901.85
59.0,Transport,2023-10,928.74
60.0,Transport,2023-10,519.92
61.0,Transport,2023-10,758.32
62.0,Transport,2023-10,805.35
63.0,Transport,2023-10,477.4
64.0,Transport,2023-10,497.82
65.0,Transport,2023-10,802.25
66.0,Transport,2023-10,983.84
67.0,Transport,2023-10,903.81
68.0,Transport,2023-10,962.07
69.0,Transport,2023-10,425.78
70.0,Transport,2023-10,846.73
71.0,Transport,2023-10,906.07
72.0,Transport,2023-10,1004.02
73.0,Transport,2023-10,1004.89
74.0,Transport,2023-10,926.81
75.0,Transport,2023-10,622.27
76.0,Transport,2023-10,596.64
77.0,Transport,2023-10,868.28
78.0,Transport,2023-10,504.27
79.0,Transport,2023-10,849.47
80.0,Transport,2023-10,995.81
81.0,Transport,2023-10,798.88
82.0,Transport,2023-10,526.72
83.0,Transport,2023-10,921.85
84.0,Transport,2023-10,652.83
85.0,Transport,2023-10,855.98
86.0,Transport,2023-10,401.63
87.0,Transport,2023-10,847.79
88.0,Transport,2023-10,395.71
89.0,Transport,2023-10,427.04
90.0,Transport,2023-10,521.48
91.0,Transport,2023-10,1034.03
92.0,Transport,2023-10,607.4
93.0,Transport,2023-10,847.47
94.0,Transport,2023-10,415.63
95.0,Transport,2023-10,875.81
96.0,Transport,2023-10,1058.03
97.0,Transport,2023-10,1041.21
98.0,Transport,2023-10,1089.46
99.0,Transport,2023-10,448.97
100.0,Transport,2023-10,654.45
101.0,Transport,2023-10,793.96
102.0,Transport,2023-10,654.61
103.0,Transport,2023-10,865.64
104.0,Transport,2023-10,711.99
105.0,Transport,2023-10,908.11
106.0,Transport,2023-10,671.98
107.0,Transport,2023-10,437.17
108.0,Transport,2023-10,723.28
109.0,Transport,2023-10,509.35
110.0,Transport,2023-10,864.34
111.0,Transport,2023-10,677.68
112.0,Transport,2023-10,815.28
113.0,Transport,2023-10,987.35
114.0,Transport,2023-10,568.3
115.0,Transport,2023-10,604.91
116.0,Transport,2023-10,838.27
117.0,Transport,2023-10,908.31
118.0,Transport,2023-10,521.2
119.0,Transport,2023-10,485.94
120.0,Transport,2023-10,370.45
1.0,Transport,2023-11,548.46
2.0,Transport,2023-11,352.51
3.0,Transport,2023-11,525.21
4.0,Transport,2023-11,866.15
5.0,Transport,2023-11,483.29
6.0,Transport,2023-11,593.32
7.0,Transport,2023-11,748.27
8.0,Transport,2023-11,953.44
9.0,Transport,2023-11,796.18
10.0,Transport,2023-11,920.48
11.0,Transport,2023-11,815.12
12.0,Transport,2023-11,650.21
13.0,Transport,2023-11,879.43
14.0,Transport,2023-11,921.0
15.0,Transport,2023-11,597.02
16.0,Transport,2023-11,657.65
17.0,Transport,2023-11,575.84
18.0,Transport,2023-11,720.72
19.0,Transport,2023-11,1009.12
20.0,Transport,2023-11,630.39
21.0,Transport,2023-11,925.9
22.0,Transport,2023-11,645.04
23.0,Transport,2023-11,745.6
24.0,Transport,2023-11,812.13
25.0,Transport,2023-11,830.19
26.0,Transport,2023-11,418.63
27.0,Transport,2023-11,542.8
28.0,Transport,2023-11,858.01
29.0,Transport,2023-11,868.61
30.0,Transport,2023-11,800.59
31.0,Transport,2023-11,988.86
32.0,Transport,2023-11,466.39
33.0,Transport,2023-11,955.84
34.0,Transport,2023-11,755.98
35.0,Transport,2023-11,377.62
36.0,Transport,2023-11,879.14
37.0,Transport,2023-11,814.61
38.0,Transport,2023-11,957.1
39.0,Transport,2023-11,574.32
40.0,Transport,2023-11,592.32
41.0,Transport,2023-11,688.19
42.0,Transport,2023-11,815.39
43.0,Transport,2023-11,543.41
44.0,Transport,2023-11,514.24
45.0,Transport,2023-11,826.25
46.0,Transport,2023-11,694.15
47.0,Transport,2023-11,533.17
48.0,Transport,2023-11,570.16
49.0,Transport,2023-11,646.21
50.0,Transport,2023-11,596.97
51.0,Transport,2023-11,605.94
52.0,Transport,2023-11,921.34
53.0,Transport,2023-11,849.22
54.0,Transport,2023-11,684.88
55.0,Transport,2023-11,380.67
56.0,Transport,2023-11,466.54
57.0,Transport,2023-11,623.29
58.0,Transport,2023-11,887.15
59.0,Transport,2023-11,855.71
60.0,Transport,2023-11,595.59
61.0,Transport,2023-11,727.01
62.0,Transport,2023-11,830.56
63.0,Transport,2023-11,447.38
64.0,Transport,2023-11,555.42
65.0,Transport,2023-11,864.66
66.0,Transport,2023-11,1037.3
67.0,Transport,2023-11,1088.44
68.0,Transport,2023-11,909.47
69.0,Transport,2023-11,433.19
70.0,Transport,2023-11,956.13
71.0,Transport,2023-11,868.86
72.0,Transport,2023-11,1083.7
73.0,Transport,2023-11,947.92
74.0,Transport,2023-11,897.29
75.0,Transport,2023-11,626.58
76.0,Transport,2023-11,655.5
77.0,Transport,2023-11,842.71
78.0,Transport,2023-11,473.75
79.0,Transport,2023-11,881.45
80.0,Transport,2023-11,1051.17
81.0,Transport,2023-11,853.46
82.0,Transport,2023-11,521.37
83.0,Transport,2023-11,897.97
84.0,Transport,2023-11,781.69
85.0,Transport,2023-11,865.21
86.0,Transport,2023-11,406.46
87.0,Transport,2023-11,949.79
88.0,Transport,2023-11,437.93
89.0,Transport,2023-11,432.12
90.0,Transport,2023-11,591.57
91.0,Transport,2023-11,1174.77
92.0,Transport,2023-11,595.99
93.0,Transport,2023-11,841.28
94.0,Transport,2023-11,430.77
95.0,Transport,2023-11,963.38
96.0,Transport,2023-11,993.45
97.0,Transport,2023-11,1034.3
98.0,Transport,2023-11,898.75
99.0,Transport,2023-11,494.16
100.0,Transport,2023-11,656.2
101.0,Transport,2023-11,878.25
102.0,Transport,2023-11,747.63
103.0,Transport,2023-11,963.32
104.0,Transport,2023-11,729.74
105.0,Transport,2023-11,880.68
106.0,Transport,2023-11,730.69
107.0,Transport,2023-11,405.08
108.0,Transport,2023-11,678.04
109.0,Transport,2023-11,643.49
110.0,Transport,2023-11,1033.75
111.0,Transport,2023-11,688.71
112.0,Transport,2023-11,823.84
113.0,Transport,2023-11,880.38
114.0,Transport,2023-11,536.81
115.0,Transport,2023-11,629.78
116.0,Transport,2023-11,751.27
117.0,Transport,2023-11,816.19
118.0,Transport,2023-11,593.49
119.0,Transport,2023-11,451.61
120.0,Transport,2023-11,401.26
1.0,Transport,2023-12,517.5
2.0,Transport,2023-12,352.4
3.0,Transport,2023-12,607.97
4.0,Transport,2023-12,852.93
5.0,Transport,2023-12,553.39
6.0,Transport,2023-12,616.34
7.0,Transport,2023-12,951.4
8.0,Transport,2023-12,1114.23
9.0,Transport,2023-12,883.54
10.0,Transport,2023-12,989.66
11.0,Transport,2023-12,985.54
12.0,Transport,2023-12,611.21
13.0,Transport,2023-12,1011.85
14.0,Transport,2023-12,1065.32
15.0,Transport,2023-12,652.32
16.0,Transport,2023-12,738.16
17.0,Transport,2023-12,673.89
18.0,Transport,2023-12,781.94
19.0,Transport,2023-12,1020.22
20.0,Transport,2023-12,664.84
21.0,Transport,2023-12,950.54
22.0,Transport,2023-12,741.93
23.0,Transport,2023-12,757.82
24.0,Transport,2023-12,829.57
25.0,Transport,2023-12,931.71
26.0,Transport,2023-12,454.53
27.0,Transport,2023-12,557.74
28.0,Transport,2023-12,1023.91
29.0,Transport,2023-12,765.01
30.0,Transport,2023-12,851.31
31.0,Transport,2023-12,1042.96
32.0,Transport,2023-12,457.58
33.0,Transport,2023-12,1122.9
34.0,Transport,2023-12,916.96
35.0,Transport,2023-12,356.57
36.0,Transport,2023-12,961.17
37.0,Transport,2023-12,879.66
38.0,Transport,2023-12,1000.23
39.0,Transport,2023-12,616.37
40.0,Transport,2023-12,626.9
41.0,Transport,2023-12,817.47
42.0,Transport,2023-12,784.76
43.0,Transport,2023-12,576.58
44.0,Transport,2023-12,591.63
45.0,Transport,2023-12,900.99
46.0,Transport,2023-12,685.13
47.0,Transport,2023-12,524.03
48.0,Transport,2023-12,657.54
49.0,Transport,2023-12,696.01
50.0,Transport,2023-12,608.86
51.0,Transport,2023-12,702.18
52.0,Transport,2023-12,963.49
53.0,Transport,2023-12,928.9
54.0,Transport,2023-12,802.74
55.0,Transport,2023-12,382.11
56.0,Transport,2023-12,508.39
57.0,Transport,2023-12,649.75
58.0,Transport,2023-12,972.95
59.0,Transport,2023-12,928.19
60.0,Transport,2023-12,591.27
61.0,Transport,2023-12,852.51
62.0,Transport,2023-12,860.82
63.0,Transport,2023-12,525.17
64.0,Transport,2023-12,520.31
65.0,Transport,2023-12,883.9
66.0,Transport,2023-12,1042.68
67.0,Transport,2023-12,1195.5
68.0,Transport,2023-12,1107.19
69.0,Transport,2023-12,482.91
70.0,Transport,2023-12,1012.64
71.0,Transport,2023-12,946.47
72.0,Transport,2023-12,1105.62
73.0,Transport,2023-12,1076.72
74.0,Transport,2023-12,920.0
75.0,Transport,2023-12,687.9
76.0,Transport,2023-12,713.3
77.0,Transport,2023-12,887.65
78.0,Transport,2023-12,473.93
79.0,Transport,2023-12,963.4
80.0,Transport,2023-12,1033.96
81.0,Transport,2023-12,852.99
82.0,Transport,2023-12,598.52
83.0,Transport,2023-12,940.58
84.0,Transport,2023-12,832.99
85.0,Transport,2023-12,942.1
86.0,Transport,2023-12,473.1
87.0,Transport,2023-12,1100.5
88.0,Transport,2023-12,422.37
89.0,Transport,2023-12,464.91
90.0,Transport,2023-12,593.99
91.0,Transport,2023-12,1133.38
92.0,Transport,2023-12,653.83
93.0,Transport,2023-12,937.76
94.0,Transport,2023-12,489.74
95.0,Transport,2023-12,989.7
96.0,Transport,2023-12,1092.62
97.0,Transport,2023-12,1105.64
98.0,Transport,2023-12,1032.33
99.0,Transport,2023-12,476.22
100.0,Transport,2023-12,754.73
101.0,Transport,2023-12,849.45
102.0,Transport,2023-12,718.71
103.0,Transport,2023-12,1069.06
104.0,Transport,2023-12,801.04
105.0,Transport,2023-12,942.44
106.0,Transport,2023-12,833.12
107.0,Transport,2023-12,465.88
108.0,Transport,2023-12,721.11
109.0,Transport,2023-12,622.37
110.0,Transport,2023-12,913.69
111.0,Transport,2023-12,715.96
112.0,Transport,2023-12,831.81
113.0,Transport,2023-12,1043.05
114.0,Transport,2023-12,551.04
115.0,Transport,2023-12,600.24
116.0,Transport,2023-12,935.4
117.0,Transport,2023-12,909.31
118.0,Transport,2023-12,542.97
119.0,Transport,2023-12,505.37
120.0,Transport,2023-12,400.02
1.0,Transport,2024-01,606.68
2.0,Transport,2024-01,436.32
3.0,Transport,2024-01,646.88
4.0,Transport,2024-01,873.14
5.0,Transport,2024-01,588.99
6.0,Transport,2024-01,747.43
7.0,Transport,2024-01,929.65
8.0,Transport,2024-01,1069.24
9.0,Transport,2024-01,1047.27
10.0,Transport,2024-01,1173.87
11.0,Transport,2024-01,1061.33
12.0,Transport,2024-01,750.76
13.0,Transport,2024-01,1052.18
14.0,Transport,2024-01,1246.99
15.0,Transport,2024-01,719.24
16.0,Transport,2024-01,740.73
17.0,Transport,2024-01,623.86
18.0,Transport,2024-01,883.33
19.0,Transport,2024-01,1170.33
20.0,Transport,2024-01,731.19
21.0,Transport,2024-01,1041.8
22.0,Transport,2024-01,679.46
23.0,Transport,2024-01,922.97
24.0,Transport,2024-01,962.67
25.0,Transport,2024-01,919.29
26.0,Transport,2024-01,472.68
27.0,Transport,2024-01,620.98
28.0,Transport,2024-01,1094.17
29.0,Transport,2024-01,917.85
30.0,Transport,2024-01,860.66
31.0,Transport,2024-01,1094.42
32.0,Transport,2024-01,561.23
33.0,Transport,2024-01,1197.08
34.0,Transport,2024-01,882.36
35.0,Transport,2024-01,388.61
36.0,Transport,2024-01,1194.77
37.0,Transport,2024-01,927.07
38.0,Transport,2024-01,1031.36
39.0,Transport,2024-01,651.95
40.0,Transport,2024-01,755.91
41.0,Transport,2024-01,862.52
42.0,Transport,2024-01,909.49
43.0,Transport,2024-01,622.04
44.0,Transport,2024-01,680.97
45.0,Transport,2024-01,921.2
46.0,Transport,2024-01,764.17
47.0,Transport,2024-01,617.25
48.0,Transport,2024-01,716.43
49.0,Transport,2024-01,862.59
50.0,Transport,2024-01,723.76
51.0,Transport,2024-01,787.65
52.0,Transport,2024-01,1009.23
53.0,Transport,2024-01,1042.61
54.0,Transport,2024-01,835.38
55.0,Transport,2024-01,472.27
56.0,Transport,2024-01,569.78
57.0,Transport,2024-01,820.12
58.0,Transport,2024-01,1128.02
59.0,Transport,2024-01,1061.12
60.0,Transport,2024-01,703.25
61.0,Transport,2024-01,857.17
62.0,Transport,2024-01,903.68
63.0,Transport,2024-01,453.38
64.0,Transport,2024-01,535.23
65.0,Transport,2024-01,886.46
66.0,Transport,2024-01,1219.39
67.0,Transport,2024-01,1153.99
68.0,Transport,2024-01,1182.06
69.0,Transport,2024-01,509.91
70.0,Transport,2024-01,1047.3
71.0,Transport,2024-01,1022.52
72.0,Transport,2024-01,1163.89
73.0,Transport,2024-01,1123.39
74.0,Transport,2024-01,1076.41
75.0,Transport,2024-01,787.22
76.0,Transport,2024-01,757.16
77.0,Transport,2024-01,1000.4
78.0,Transport,2024-01,554.67
79.0,Transport,2024-01,1035.87
80.0,Transport,2024-01,1300.94
81.0,Transport,2024-01,986.04
82.0,Transport,2024-01,637.78
83.0,Transport,2024-01,1106.95
84.0,Transport,2024-01,761.0
85.0,Transport,2024-01,1033.64
86.0,Transport,2024-01,534.75
87.0,Transport,2024-01,1081.69
88.0,Transport,2024-01,463.56
89.0,Transport,2024-01,502.53
90.0,Transport,2024-01,693.62
91.0,Transport,2024-01,1200.09
92.0,Transport,2024-01,645.02
93.0,Transport,2024-01,980.26
94.0,Transport,2024-01,452.6
95.0,Transport,2024-01,1166.96
96.0,Transport,2024-01,1247.66
97.0,Transport,2024-01,1189.54
98.0,Transport,2024-01,1163.66
99.0,Transport,2024-01,482.73
100.0,Transport,2024-01,835.56
101.0,Transport,2024-01,940.64
102.0,Transport,2024-01,826.22
103.0,Transport,2024-01,1083.09
104.0,Transport,2024-01,956.37
105.0,Transport,2024-01,1046.46
106.0,Transport,2024-01,881.93
107.0,Transport,2024-01,523.93
108.0,Transport,2024-01,744.29
109.0,Transport,2024-01,690.15
110.0,Transport,2024-01,1115.13
111.0,Transport,2024-01,668.8
112.0,Transport,2024-01,881.6
113.0,Transport,2024-01,1086.62
114.0,Transport,2024-01,618.57
115.0,Transport,2024-01,772.05
116.0,Transport,2024-01,970.5
117.0,Transport,2024-01,903.01
118.0,Transport,2024-01,590.38
119.0,Transport,2024-01,555.93
120.0,Transport,2024-01,456.19
1.0,Transport,2024-02,584.3
2.0,Transport,2024-02,436.57
3.0,Transport,2024-02,667.76
4.0,Transport,2024-02,1072.03
5.0,Transport,2024-02,588.96
6.0,Transport,2024-02,779.5
7.0,Transport,2024-02,985.29
8.0,Transport,2024-02,1192.36
9.0,Transport,2024-02,1070.62
10.0,Transport,2024-02,1125.53
11.0,Transport,2024-02,1029.81
12.0,Transport,2024-02,846.02
13.0,Transport,2024-02,1159.49
14.0,Transport,2024-02,1418.15
15.0,Transport,2024-02,768.9
16.0,Transport,2024-02,846.77
17.0,Transport,2024-02,829.94
18.0,Transport,2024-02,971.34
19.0,Transport,2024-02,1231.71
20.0,Transport,2024-02,741.36
21.0,Transport,2024-02,1171.87
22.0,Transport,2024-02,838.92
23.0,Transport,2024-02,911.91
24.0,Transport,2024-02,930.17
25.0,Transport,2024-02,1024.22
26.0,Transport,2024-02,520.66
27.0,Transport,2024-02,717.36
28.0,Transport,2024-02,1124.86
29.0,Transport,2024-02,1029.48
30.0,Transport,2024-02,983.3
31.0,Transport,2024-02,1216.1
32.0,Transport,2024-02,660.86
33.0,Transport,2024-02,1246.88
34.0,Transport,2024-02,1046.73
35.0,Transport,2024-02,383.42
36.0,Transport,2024-02,1175.24
37.0,Transport,2024-02,971.73
38.0,Transport,2024-02,1171.43
39.0,Transport,2024-02,752.42
40.0,Transport,2024-02,768.61
41.0,Transport,2024-02,918.13
42.0,Transport,2024-02,1037.14
43.0,Transport,2024-02,696.81
44.0,Transport,2024-02,693.96
45.0,Transport,2024-02,1052.68
46.0,Transport,2024-02,869.92
47.0,Transport,2024-02,693.4
48.0,Transport,2024-02,812.17
49.0,Transport,2024-02,805.64
50.0,Transport,2024-02,675.35
51.0,Transport,2024-02,753.3
52.0,Transport,2024-02,1047.27
53.0,Transport,2024-02,1068.02
54.0,Transport,2024-02,837.8
55.0,Transport,2024-02,466.48
56.0,Transport,2024-02,571.68
57.0,Transport,2024-02,886.46
58.0,Transport,2024-02,1148.13
59.0,Transport,2024-02,1068.26
60.0,Transport,2024-02,692.6
61.0,Transport,2024-02,943.99
62.0,Transport,2024-02,947.43
63.0,Transport,2024-02,559.35
64.0,Transport,2024-02,595.02
65.0,Transport,2024-02,1045.85
66.0,Transport,2024-02,1262.99
67.0,Transport,2024-02,1371.89
68.0,Transport,2024-02,1343.69
69.0,Transport,2024-02,585.11
70.0,Transport,2024-02,1176.24
71.0,Transport,2024-02,1100.17
72.0,Transport,2024-02,1397.27
73.0,Transport,2024-02,1219.9
74.0,Transport,2024-02,1239.06
75.0,Transport,2024-02,767.05
76.0,Transport,2024-02,861.65
77.0,Transport,2024-02,1087.2
78.0,Transport,2024-02,619.09
79.0,Transport,2024-02,1057.39
80.0,Transport,2024-02,1355.39
81.0,Transport,2024-02,1129.63
82.0,Transport,2024-02,649.6
83.0,Transport,2024-02,1032.47
84.0,Transport,2024-02,877.47
85.0,Transport,2024-02,1109.91
86.0,Transport,2024-02,542.71
87.0,Transport,2024-02,1042.91
88.0,Transport,2024-02,557.48
89.0,Transport,2024-02,548.01
90.0,Transport,2024-02,767.39
91.0,Transport,2024-02,1293.89
92.0,Transport,2024-02,773.96
93.0,Transport,2024-02,1033.7
94.0,Transport,2024-02,589.85
95.0,Transport,2024-02,1225.37
96.0,Transport,2024-02,1428.65
97.0,Transport,2024-02,1149.11
98.0,Transport,2024-02,1231.51
99.0,Transport,2024-02,550.8
100.0,Transport,2024-02,898.7
101.0,Transport,2024-02,926.32
102.0,Transport,2024-02,913.77
103.0,Transport,2024-02,1191.7
104.0,Transport,2024-02,930.85
105.0,Transport,2024-02,1204.12
106.0,Transport,2024-02,937.68
107.0,Transport,2024-02,533.94
108.0,Transport,2024-02,941.16
109.0,Transport,2024-02,727.22
110.0,Transport,2024-02,1095.23
111.0,Transport,2024-02,830.28
112.0,Transport,2024-02,938.95
113.0,Transport,2024-02,1135.96
114.0,Transport,2024-02,683.08
115.0,Transport,2024-02,822.73
116.0,Transport,2024-02,994.36
117.0,Transport,2024-02,1082.27
118.0,Transport,2024-02,665.64
119.0,Transport,2024-02,584.93
120.0,Transport,2024-02,482.53
1.0,Transport,2024-03,636.27
2.0,Transport,2024-03,422.61
3.0,Transport,2024-03,724.52
4.0,Transport,2024-03,1066.28
5.0,Transport,2024-03,651.63
6.0,Transport,2024-03,780.41
7.0,Transport,2024-03,992.88
8.0,Transport,2024-03,1239.31
9.0,Transport,2024-03,1074.15
10.0,Transport,2024-03,1196.99
11.0,Transport,2024-03,1137.83
12.0,Transport,2024-03,812.78
13.0,Transport,2024-03,1151.76
14.0,Transport,2024-03,1375.62
15.0,Transport,2024-03,826.47
16.0,Transport,2024-03,885.41
17.0,Transport,2024-03,809.84
18.0,Transport,2024-03,968.56
19.0,Transport,2024-03,1254.16
20.0,Transport,2024-03,784.91
21.0,Transport,2024-03,1160.48
22.0,Transport,2024-03,894.61
23.0,Transport,2024-03,1033.11
24.0,Transport,2024-03,1045.87
25.0,Transport,2024-03,1054.82
26.0,Transport,2024-03,521.73
27.0,Transport,2024-03,795.32
28.0,Transport,2024-03,1182.49
29.0,Transport,2024-03,1113.76
30.0,Transport,2024-03,1071.07
31.0,Transport,2024-03,1252.09
32.0,Transport,2024-03,637.42
33.0,Transport,2024-03,1219.57
34.0,Transport,2024-03,1201.01
35.0,Transport,2024-03,434.38
36.0,Transport,2024-03,1338.85
37.0,Transport,2024-03,1063.5
38.0,Transport,2024-03,1124.18
39.0,Transport,2024-03,760.95
40.0,Transport,2024-03,792.22
41.0,Transport,2024-03,1051.52
42.0,Transport,2024-03,1034.87
43.0,Transport,2024-03,713.24
44.0,Transport,2024-03,719.24
45.0,Transport,2024-03,1111.23
46.0,Transport,2024-03,878.79
47.0,Transport,2024-03,693.81
48.0,Transport,2024-03,814.4
49.0,Transport,2024-03,875.53
50.0,Transport,2024-03,806.2
51.0,Transport,2024-03,885.98
52.0,Transport,2024-03,1154.33
53.0,Transport,2024-03,1078.07
54.0,Transport,2024-03,974.97
55.0,Transport,2024-03,419.31
56.0,Transport,2024-03,626.73
57.0,Transport,2024-03,994.03
58.0,Transport,2024-03,1233.16
59.0,Transport,2024-03,1150.81
60.0,Transport,2024-03,717.31
61.0,Transport,2024-03,945.91
62.0,Transport,2024-03,955.46
63.0,Transport,2024-03,634.3
64.0,Transport,2024-03,690.02
65.0,Transport,2024-03,1024.55
66.0,Transport,2024-03,1317.03
67.0,Transport,2024-03,1310.72
68.0,Transport,2024-03,1362.4
69.0,Transport,2024-03,614.31
70.0,Transport,2024-03,1158.13
71.0,Transport,2024-03,1142.89
72.0,Transport,2024-03,1333.75
73.0,Transport,2024-03,1281.03
74.0,Transport,2024-03,1319.29
75.0,Transport,2024-03,768.82
76.0,Transport,2024-03,883.36
77.0,Transport,2024-03,1182.13
78.0,Transport,2024-03,628.61
79.0,Transport,2024-03,1110.64
80.0,Transport,2024-03,1347.18
81.0,Transport,2024-03,1095.71
82.0,Transport,2024-03,695.47
83.0,Transport,2024-03,1102.6
84.0,Transport,2024-03,973.68
85.0,Transport,2024-03,1113.6
86.0,Transport,2024-03,542.12
87.0,Transport,2024-03,1181.75
88.0,Transport,2024-03,603.13
89.0,Transport,2024-03,565.3
90.0,Transport,2024-03,830.38
91.0,Transport,2024-03,1371.71
92.0,Transport,2024-03,819.41
93.0,Transport,2024-03,1086.44
94.0,Transport,2024-03,581.56
95.0,Transport,2024-03,1264.09
96.0,Transport,2024-03,1447.05
97.0,Transport,2024-03,1329.08
98.0,Transport,2024-03,1259.17
99.0,Transport,2024-03,643.83
100.0,Transport,2024-03,932.73
101.0,Transport,2024-03,1151.94
102.0,Transport,2024-03,897.28
103.0,Transport,2024-03,1252.07
104.0,Transport,2024-03,923.27
105.0,Transport,2024-03,1200.27
106.0,Transport,2024-03,971.83
107.0,Transport,2024-03,596.36
108.0,Transport,2024-03,986.64
109.0,Transport,2024-03,835.34
110.0,Transport,2024-03,1065.26
111.0,Transport,2024-03,865.4
112.0,Transport,2024-03,952.94
113.0,Transport,2024-03,1269.05
114.0,Transport,2024-03,736.33
115.0,Transport,2024-03,833.25
116.0,Transport,2024-03,1041.33
117.0,Transport,2024-03,1170.68
118.0,Transport,2024-03,664.95
119.0,Transport,2024-03,630.39
120.0,Transport,2024-03,504.51
1.0,Transport,2024-04,694.35
2.0,Transport,2024-04,467.98
3.0,Transport,2024-04,720.06
4.0,Transport,2024-04,1148.59
5.0,Transport,2024-04,681.66
6.0,Transport,2024-04,801.64
7.0,Transport,2024-04,1081.04
8.0,Transport,2024-04,1327.49
9.0,Transport,2024-04,1149.67
10.0,Transport,2024-04,1263.0
11.0,Transport,2024-04,1209.96
12.0,Transport,2024-04,893.07
13.0,Transport,2024-04,1198.29
14.0,Transport,2024-04,1365.7
15.0,Transport,2024-04,811.82
16.0,Transport,2024-04,896.7
17.0,Transport,2024-04,805.86
18.0,Transport,2024-04,978.88
19.0,Transport,2024-04,1341.54
20.0,Transport,2024-04,789.56
21.0,Transport,2024-04,1116.55
22.0,Transport,2024-04,934.09
23.0,Transport,2024-04,1041.13
24.0,Transport,2024-04,1097.54
25.0,Transport,2024-04,1129.28
26.0,Transport,2024-04,550.12
27.0,Transport,2024-04,771.35
28.0,Transport,2024-04,1232.36
29.0,Transport,2024-04,1009.55
30.0,Transport,2024-04,929.25
31.0,Transport,2024-04,1308.33
32.0,Transport,2024-04,637.03
33.0,Transport,2024-04,1318.94
34.0,Transport,2024-04,1152.28
35.0,Transport,2024-04,428.45
36.0,Transport,2024-04,1270.55
37.0,Transport,2024-04,1087.88
38.0,Transport,2024-04,1270.84
39.0,Transport,2024-04,803.84
40.0,Transport,2024-04,788.74
41.0,Transport,2024-04,997.65
42.0,Transport,2024-04,1078.12
43.0,Transport,2024-04,761.62
44.0,Transport,2024-04,787.38
45.0,Transport,2024-04,1170.25
46.0,Transport,2024-04,877.68
47.0,Transport,2024-04,730.84
48.0,Transport,2024-04,795.78
49.0,Transport,2024-04,856.03
50.0,Transport,2024-04,751.36
51.0,Transport,2024-04,903.71
52.0,Transport,2024-04,1091.7
53.0,Transport,2024-04,1161.52
54.0,Transport,2024-04,891.87
55.0,Transport,2024-04,498.48
56.0,Transport,2024-04,651.56
57.0,Transport,2024-04,933.62
58.0,Transport,2024-04,1197.01
59.0,Transport,2024-04,1190.0
60.0,Transport,2024-04,779.24
61.0,Transport,2024-04,965.66
62.0,Transport,2024-04,1110.6
63.0,Transport,2024-04,579.29
64.0,Transport,2024-04,675.96
65.0,Transport,2024-04,995.85
66.0,Transport,2024-04,1337.42
67.0,Transport,2024-04,1303.32
68.0,Transport,2024-04,1444.06
69.0,Transport,2024-04,563.94
70.0,Transport,2024-04,1201.86
71.0,Transport,2024-04,1188.66
72.0,Transport,2024-04,1431.98
73.0,Transport,2024-04,1197.75
74.0,Transport,2024-04,1335.9
75.0,Transport,2024-04,871.91
76.0,Transport,2024-04,872.35
77.0,Transport,2024-04,1190.03
78.0,Transport,2024-04,646.56
79.0,Transport,2024-04,1189.91
80.0,Transport,2024-04,1366.06
81.0,Transport,2024-04,1139.27
82.0,Transport,2024-04,700.32
83.0,Transport,2024-04,1259.98
84.0,Transport,2024-04,998.13
85.0,Transport,2024-04,1122.85
86.0,Transport,2024-04,609.06
87.0,Transport,2024-04,1232.6
88.0,Transport,2024-04,569.69
89.0,Transport,2024-04,582.0
90.0,Transport,2024-04,811.33
91.0,Transport,2024-04,1397.67
92.0,Transport,2024-04,832.24
93.0,Transport,2024-04,1236.76
94.0,Transport,2024-04,575.18
95.0,Transport,2024-04,1253.27
96.0,Transport,2024-04,1456.99
97.0,Transport,2024-04,1294.15
98.0,Transport,2024-04,1296.83
99.0,Transport,2024-04,573.97
100.0,Transport,2024-04,907.34
101.0,Transport,2024-04,1061.2
102.0,Transport,2024-04,946.66
103.0,Transport,2024-04,1193.06
104.0,Transport,2024-04,975.7
105.0,Transport,2024-04,1173.75
106.0,Transport,2024-04,953.15
107.0,Transport,2024-04,589.94
108.0,Transport,2024-04,1001.61
109.0,Transport,2024-04,757.55
110.0,Transport,2024-04,1196.93
111.0,Transport,2024-04,868.75
112.0,Transport,2024-04,1085.55
113.0,Transport,2024-04,1286.61
114.0,Transport,2024-04,709.53
115.0,Transport,2024-04,791.74
116.0,Transport,2024-04,1088.84
117.0,Transport,2024-04,1120.58
118.0,Transport,2024-04,714.12
119.0,Transport,2024-04,640.91
120.0,Transport,2024-04,529.8
1.0,Transport,2024-05,697.03
2.0,Transport,2024-05,423.14
3.0,Transport,2024-05,720.65
4.0,Transport,2024-05,1024.13
5.0,Transport,2024-05,598.81
6.0,Transport,2024-05,827.78
7.0,Transport,2024-05,1015.37
8.0,Transport,2024-05,1378.77
9.0,Transport,2024-05,1176.57
10.0,Transport,2024-05,1246.4
11.0,Transport,2024-05,1099.13
12.0,Transport,2024-05,866.72
13.0,Transport,2024-05,1240.01
14.0,Transport,2024-05,1382.8
15.0,Transport,2024-05,836.64
16.0,Transport,2024-05,887.37
17.0,Transport,2024-05,794.61
18.0,Transport,2024-05,987.55
19.0,Transport,2024-05,1392.31
20.0,Transport,2024-05,832.53
21.0,Transport,2024-05,1273.42
22.0,Transport,2024-05,846.04
23.0,Transport,2024-05,1069.89
24.0,Transport,2024-05,1079.93
25.0,Transport,2024-05,1039.44
26.0,Transport,2024-05,561.5
27.0,Transport,2024-05,722.75
28.0,Transport,2024-05,1156.86
29.0,Transport,2024-05,1030.92
30.0,Transport,2024-05,1033.6
31.0,Transport,2024-05,1239.65
32.0,Transport,2024-05,631.84
33.0,Transport,2024-05,1332.2
34.0,Transport,2024-05,1065.16
35.0,Transport,2024-05,426.98
36.0,Transport,2024-05,1142.6
37.0,Transport,2024-05,1056.27
38.0,Transport,2024-05,1144.24
39.0,Transport,2024-05,742.55
40.0,Transport,2024-05,807.77
41.0,Transport,2024-05,984.58
42.0,Transport,2024-05,1019.08
43.0,Transport,2024-05,687.24
44.0,Transport,2024-05,751.92
45.0,Transport,2024-05,1148.0
46.0,Transport,2024-05,839.77
47.0,Transport,2024-05,662.03
48.0,Transport,2024-05,762.59
49.0,Transport,2024-05,880.82
50.0,Transport,2024-05,819.77
51.0,Transport,2024-05,897.7
52.0,Transport,2024-05,1158.28
53.0,Transport,2024-05,1152.36
54.0,Transport,2024-05,948.11
55.0,Transport,2024-05,467.37
56.0,Transport,2024-05,623.01
57.0,Transport,2024-05,944.19
58.0,Transport,2024-05,1276.2
59.0,Transport,2024-05,1185.47
60.0,Transport,2024-05,742.77
61.0,Transport,2024-05,1022.77
62.0,Transport,2024-05,978.36
63.0,Transport,2024-05,568.49
64.0,Transport,2024-05,647.86
65.0,Transport,2024-05,1024.44
66.0,Transport,2024-05,1333.64
67.0,Transport,2024-05,1261.14
68.0,Transport,2024-05,1298.6
69.0,Transport,2024-05,443.68
70.0,Transport,2024-05,1119.57
71.0,Transport,2024-05,1094.09
72.0,Transport,2024-05,1321.03
73.0,Transport,2024-05,1205.58
74.0,Transport,2024-05,1197.36
75.0,Transport,2024-05,892.43
76.0,Transport,2024-05,868.64
77.0,Transport,2024-05,1080.5
78.0,Transport,2024-05,677.44
79.0,Transport,2024-05,1176.65
80.0,Transport,2024-05,1430.98
81.0,Transport,2024-05,1068.28
82.0,Transport,2024-05,670.79
83.0,Transport,2024-05,1171.0
84.0,Transport,2024-05,929.2
85.0,Transport,2024-05,1278.92
86.0,Transport,2024-05,623.61
87.0,Transport,2024-05,1220.28
88.0,Transport,2024-05,574.22
89.0,Transport,2024-05,597.79
90.0,Transport,2024-05,795.11
91.0,Transport,2024-05,1338.27
92.0,Transport,2024-05,728.88
93.0,Transport,2024-05,1196.79
94.0,Transport,2024-05,586.95
95.0,Transport,2024-05,1300.03
96.0,Transport,2024-05,1438.25
97.0,Transport,2024-05,1350.09
98.0,Transport,2024-05,1282.46
99.0,Transport,2024-05,603.45
100.0,Transport,2024-05,940.52
101.0,Transport,2024-05,1112.46
102.0,Transport,2024-05,898.64
103.0,Transport,2024-05,1349.63
104.0,Transport,2024-05,1010.85
105.0,Transport,2024-05,1160.44
106.0,Transport,2024-05,893.99
107.0,Transport,2024-05,617.93
108.0,Transport,2024-05,956.59
109.0,Transport,2024-05,787.56
110.0,Transport,2024-05,1162.96
111.0,Transport,2024-05,792.19
112.0,Transport,2024-05,1011.34
113.0,Transport,2024-05,1370.31
114.0,Transport,2024-05,650.68
115.0,Transport,2024-05,877.77
116.0,Transport,2024-05,1117.9
117.0,Transport,2024-05,1070.59
118.0,Transport,2024-05,659.97
119.0,Transport,2024-05,611.91
120.0,Transport,2024-05,453.53
1.0,Transport,2024-06,643.76
2.0,Transport,2024-06,435.1
3.0,Transport,2024-06,699.52
4.0,Transport,2024-06,1029.46
5.0,Transport,2024-06,630.61
6.0,Transport,2024-06,864.65
7.0,Transport,2024-06,1003.71
8.0,Transport,2024-06,1149.69
9.0,Transport,2024-06,1116.8
10.0,Transport,2024-06,1195.19
11.0,Transport,2024-06,1058.58
12.0,Transport,2024-06,844.25
13.0,Transport,2024-06,1130.79
14.0,Transport,2024-06,1417.34
15.0,Transport,2024-06,787.48
16.0,Transport,2024-06,783.13
17.0,Transport,2024-06,781.1
18.0,Transport,2024-06,974.97
19.0,Transport,2024-06,1205.15
20.0,Transport,2024-06,818.63
21.0,Transport,2024-06,1191.81
22.0,Transport,2024-06,847.45
23.0,Transport,2024-06,989.43
24.0,Transport,2024-06,1146.87
25.0,Transport,2024-06,1063.42
26.0,Transport,2024-06,527.84
27.0,Transport,2024-06,718.88
28.0,Transport,2024-06,1156.34
29.0,Transport,2024-06,983.61
30.0,Transport,2024-06,846.31
31.0,Transport,2024-06,1201.55
32.0,Transport,2024-06,585.48
33.0,Transport,2024-06,1276.23
34.0,Transport,2024-06,1048.1
35.0,Transport,2024-06,411.72
36.0,Transport,2024-06,1233.51
37.0,Transport,2024-06,960.26
38.0,Transport,2024-06,1168.29
39.0,Transport,2024-06,745.47
40.0,Transport,2024-06,760.14
41.0,Transport,2024-06,984.69
42.0,Transport,2024-06,932.58
43.0,Transport,2024-06,693.56
44.0,Transport,2024-06,726.75
45.0,Transport,2024-06,1046.84
46.0,Transport,2024-06,794.63
47.0,Transport,2024-06,659.39
48.0,Transport,2024-06,742.79
49.0,Transport,2024-06,831.53
50.0,Transport,2024-06,733.26
51.0,Transport,2024-06,871.35
52.0,Transport,2024-06,1140.3
53.0,Transport,2024-06,1111.89
54.0,Transport,2024-06,850.95
55.0,Transport,2024-06,442.69
56.0,Transport,2024-06,672.87
57.0,Transport,2024-06,859.27
58.0,Transport,2024-06,1220.07
59.0,Transport,2024-06,986.9
60.0,Transport,2024-06,706.9
61.0,Transport,2024-06,940.97
62.0,Transport,2024-06,994.53
63.0,Transport,2024-06,549.3
64.0,Transport,2024-06,598.07
65.0,Transport,2024-06,1045.86
66.0,Transport,2024-06,1250.32
67.0,Transport,2024-06,1327.8
68.0,Transport,2024-06,1342.13
69.0,Transport,2024-06,546.96
70.0,Transport,2024-06,1108.87
71.0,Transport,2024-06,1148.37
72.0,Transport,2024-06,1324.27
73.0,Transport,2024-06,1216.08
74.0,Transport,2024-06,1113.75
75.0,Transport,2024-06,818.55
76.0,Transport,2024-06,834.51
77.0,Transport,2024-06,1045.36
78.0,Transport,2024-06,624.47
79.0,Transport,2024-06,1071.9
80.0,Transport,2024-06,1430.93
81.0,Transport,2024-06,1120.75
82.0,Transport,2024-06,661.48
83.0,Transport,2024-06,1113.77
84.0,Transport,2024-06,901.3
85.0,Transport,2024-06,1098.8
86.0,Transport,2024-06,550.09
87.0,Transport,2024-06,1137.31
88.0,Transport,2024-06,504.73
89.0,Transport,2024-06,544.71
90.0,Transport,2024-06,716.28
91.0,Transport,2024-06,1287.42
92.0,Transport,2024-06,755.03
93.0,Transport,2024-06,1193.76
94.0,Transport,2024-06,490.51
95.0,Transport,2024-06,1265.05
96.0,Transport,2024-06,1340.14
97.0,Transport,2024-06,1231.6
98.0,Transport,2024-06,1270.23
99.0,Transport,2024-06,578.22
100.0,Transport,2024-06,882.14
101.0,Transport,2024-06,1058.35
102.0,Transport,2024-06,894.94
103.0,Transport,2024-06,1150.92
104.0,Transport,2024-06,952.13
105.0,Transport,2024-06,1081.56
106.0,Transport,2024-06,902.03
107.0,Transport,2024-06,601.23
108.0,Transport,2024-06,796.64
109.0,Transport,2024-06,769.82
110.0,Transport,2024-06,1028.09
111.0,Transport,2024-06,792.23
112.0,Transport,2024-06,909.31
113.0,Transport,2024-06,1172.36
114.0,Transport,2024-06,640.67
115.0,Transport,2024-06,768.47
116.0,Transport,2024-06,998.77
117.0,Transport,2024-06,1069.57
118.0,Transport,2024-06,703.79
119.0,Transport,2024-06,630.89
120.0,Transport,2024-06,437.72
1.0,Transport,2024-07,586.71
2.0,Transport,2024-07,409.32
3.0,Transport,2024-07,677.49
4.0,Transport,2024-07,1001.94
5.0,Transport,2024-07,551.16
6.0,Transport,2024-07,768.51
7.0,Transport,2024-07,1048.64
8.0,Transport,2024-07,1069.11
9.0,Transport,2024-07,1022.67
10.0,Transport,2024-07,1090.66
11.0,Transport,2024-07,972.86
12.0,Transport,2024-07,763.49
13.0,Transport,2024-07,1164.42
14.0,Transport,2024-07,1232.48
15.0,Transport,2024-07,780.21
16.0,Transport,2024-07,779.64
17.0,Transport,2024-07,752.81
18.0,Transport,2024-07,843.81
19.0,Transport,2024-07,1166.63
20.0,Transport,2024-07,772.86
21.0,Transport,2024-07,964.15
22.0,Transport,2024-07,752.87
23.0,Transport,2024-07,931.98
24.0,Transport,2024-07,983.66
25.0,Transport,2024-07,972.63
26.0,Transport,2024-07,478.34
27.0,Transport,2024-07,632.25
28.0,Transport,2024-07,994.06
29.0,Transport,2024-07,897.53
30.0,Transport,2024-07,846.5
31.0,Transport,2024-07,1082.11
32.0,Transport,2024-07,513.0
33.0,Transport,2024-07,1099.93
34.0,Transport,2024-07,970.01
35.0,Transport,2024-07,401.14
36.0,Transport,2024-07,1058.57
37.0,Transport,2024-07,945.29
38.0,Transport,2024-07,1042.64
39.0,Transport,2024-07,720.62
40.0,Transport,2024-07,699.54
41.0,Transport,2024-07,958.56
42.0,Transport,2024-07,903.1
43.0,Transport,2024-07,655.91
44.0,Transport,2024-07,713.4
45.0,Transport,2024-07,1090.38
46.0,Transport,2024-07,726.56
47.0,Transport,2024-07,594.42
48.0,Transport,2024-07,661.58
49.0,Transport,2024-07,780.86
50.0,Transport,2024-07,690.62
51.0,Transport,2024-07,856.35
52.0,Transport,2024-07,958.23
53.0,Transport,2024-07,1083.37
54.0,Transport,2024-07,804.46
55.0,Transport,2024-07,394.45
56.0,Transport,2024-07,579.54
57.0,Transport,2024-07,818.86
58.0,Transport,2024-07,1121.74
59.0,Transport,2024-07,1036.03
60.0,Transport,2024-07,681.5
61.0,Transport,2024-07,871.8
62.0,Transport,2024-07,948.86
63.0,Transport,2024-07,480.87
64.0,Transport,2024-07,578.74
65.0,Transport,2024-07,909.94
66.0,Transport,2024-07,1229.77
67.0,Transport,2024-07,1090.5
68.0,Transport,2024-07,1152.95
69.0,Transport,2024-07,454.75
70.0,Transport,2024-07,1195.22
71.0,Transport,2024-07,978.03
72.0,Transport,2024-07,1252.82
73.0,Transport,2024-07,1043.91
74.0,Transport,2024-07,1119.99
75.0,Transport,2024-07,725.03
76.0,Transport,2024-07,786.87
77.0,Transport,2024-07,1006.77
78.0,Transport,2024-07,563.22
79.0,Transport,2024-07,943.44
80.0,Transport,2024-07,1299.37
81.0,Transport,2024-07,1060.75
82.0,Transport,2024-07,654.71
83.0,Transport,2024-07,1006.73
84.0,Transport,2024-07,829.62
85.0,Transport,2024-07,1092.01
86.0,Transport,2024-07,524.27
87.0,Transport,2024-07,1120.84
88.0,Transport,2024-07,431.46
89.0,Transport,2024-07,517.33
90.0,Transport,2024-07,739.1
91.0,Transport,2024-07,1221.05
92.0,Transport,2024-07,731.12
93.0,Transport,2024-07,1080.89
94.0,Transport,2024-07,468.23
95.0,Transport,2024-07,1164.22
96.0,Transport,2024-07,1269.13
97.0,Transport,2024-07,1159.13
98.0,Transport,2024-07,1317.98
99.0,Transport,2024-07,527.97
100.0,Transport,2024-07,816.97
101.0,Transport,2024-07,1005.5
102.0,Transport,2024-07,803.81
103.0,Transport,2024-07,1130.41
104.0,Transport,2024-07,836.51
105.0,Transport,2024-07,987.78
106.0,Transport,2024-07,841.2
107.0,Transport,2024-07,525.24
108.0,Transport,2024-07,775.72
109.0,Transport,2024-07,649.53
110.0,Transport,2024-07,951.46
111.0,Transport,2024-07,732.68
112.0,Transport,2024-07,857.69
113.0,Transport,2024-07,1206.35
114.0,Transport,2024-07,644.54
115.0,Transport,2024-07,721.23
116.0,Transport,2024-07,929.41
117.0,Transport,2024-07,1003.86
118.0,Transport,2024-07,613.43
119.0,Transport,2024-07,569.94
120.0,Transport,2024-07,451.16
1.0,Transport,2024-08,532.8
2.0,Transport,2024-08,334.02
3.0,Transport,2024-08,529.49
4.0,Transport,2024-08,951.09
5.0,Transport,2024-08,542.73
6.0,Transport,2024-08,693.4
7.0,Transport,2024-08,878.2
8.0,Transport,2024-08,1070.68
9.0,Transport,2024-08,935.41
10.0,Transport,2024-08,922.38
11.0,Transport,2024-08,884.54
12.0,Transport,2024-08,657.4
13.0,Transport,2024-08,981.89
14.0,Transport,2024-08,1150.56
15.0,Transport,2024-08,738.62
16.0,Transport,2024-08,750.19
17.0,Transport,2024-08,721.27
18.0,Transport,2024-08,759.06
19.0,Transport,2024-08,954.55
20.0,Transport,2024-08,773.21
21.0,Transport,2024-08,987.64
22.0,Transport,2024-08,742.02
23.0,Transport,2024-08,919.91
24.0,Transport,2024-08,863.78
25.0,Transport,2024-08,925.62
26.0,Transport,2024-08,464.43
27.0,Transport,2024-08,569.25
28.0,Transport,2024-08,1074.29
29.0,Transport,2024-08,815.09
30.0,Transport,2024-08,895.22
31.0,Transport,2024-08,1056.75
32.0,Transport,2024-08,513.63
33.0,Transport,2024-08,1079.49
34.0,Transport,2024-08,912.8
35.0,Transport,2024-08,351.9
36.0,Transport,2024-08,1043.13
37.0,Transport,2024-08,922.25
38.0,Transport,2024-08,1042.66
39.0,Transport,2024-08,662.72
40.0,Transport,2024-08,644.14
41.0,Transport,2024-08,876.48
42.0,Transport,2024-08,851.39
43.0,Transport,2024-08,587.64
44.0,Transport,2024-08,699.01
45.0,Transport,2024-08,995.61
46.0,Transport,2024-08,679.04
47.0,Transport,2024-08,590.24
48.0,Transport,2024-08,643.37
49.0,Transport,2024-08,812.01
50.0,Transport,2024-08,608.86
51.0,Transport,2024-08,714.69
52.0,Transport,2024-08,869.05
53.0,Transport,2024-08,1025.63
54.0,Transport,2024-08,775.92
55.0,Transport,2024-08,381.94
56.0,Transport,2024-08,554.45
57.0,Transport,2024-08,813.75
58.0,Transport,2024-08,1083.84
59.0,Transport,2024-08,902.0
60.0,Transport,2024-08,658.08
61.0,Transport,2024-08,827.19
62.0,Transport,2024-08,816.21
63.0,Transport,2024-08,442.94
64.0,Transport,2024-08,486.48
65.0,Transport,2024-08,827.68
66.0,Transport,2024-08,1084.75
67.0,Transport,2024-08,1088.2
68.0,Transport,2024-08,1141.0
69.0,Transport,2024-08,403.41
70.0,Transport,2024-08,1124.94
71.0,Transport,2024-08,837.46
72.0,Transport,2024-08,1127.25
73.0,Transport,2024-08,1101.96
74.0,Transport,2024-08,1040.59
75.0,Transport,2024-08,712.64
76.0,Transport,2024-08,654.72
77.0,Transport,2024-08,949.23
78.0,Transport,2024-08,567.68
79.0,Transport,2024-08,940.23
80.0,Transport,2024-08,1291.77
81.0,Transport,2024-08,996.79
82.0,Transport,2024-08,622.35
83.0,Transport,2024-08,1020.88
84.0,Transport,2024-08,798.96
85.0,Transport,2024-08,924.69
86.0,Transport,2024-08,517.24
87.0,Transport,2024-08,986.69
88.0,Transport,2024-08,439.7
89.0,Transport,2024-08,487.11
90.0,Transport,2024-08,703.12
91.0,Transport,2024-08,1221.25
92.0,Transport,2024-08,723.63
93.0,Transport,2024-08,977.97
94.0,Transport,2024-08,439.37
95.0,Transport,2024-08,1168.38
96.0,Transport,2024-08,1245.17
97.0,Transport,2024-08,1236.47
98.0,Transport,2024-08,1147.96
99.0,Transport,2024-08,493.4
100.0,Transport,2024-08,729.22
101.0,Transport,2024-08,990.42
102.0,Transport,2024-08,725.45
103.0,Transport,2024-08,1054.36
104.0,Transport,2024-08,803.27
105.0,Transport,2024-08,934.98
106.0,Transport,2024-08,834.27
107.0,Transport,2024-08,509.93
108.0,Transport,2024-08,758.82
109.0,Transport,2024-08,624.19
110.0,Transport,2024-08,915.77
111.0,Transport,2024-08,657.48
112.0,Transport,2024-08,784.78
113.0,Transport,2024-08,1074.09
114.0,Transport,2024-08,573.48
115.0,Transport,2024-08,767.9
116.0,Transport,2024-08,852.14
117.0,Transport,2024-08,919.6
118.0,Transport,2024-08,538.86
119.0,Transport,2024-08,577.73
120.0,Transport,2024-08,359.84
1.0,Transport,2024-09,460.61
2.0,Transport,2024-09,346.45
3.0,Transport,2024-09,603.21
4.0,Transport,2024-09,894.57
5.0,Transport,2024-09,471.27
6.0,Transport,2024-09,707.33
7.0,Transport,2024-09,889.69
8.0,Transport,2024-09,990.0
9.0,Transport,2024-09,954.59
10.0,Transport,2024-09,1010.46
11.0,Transport,2024-09,852.96
12.0,Transport,2024-09,697.97
13.0,Transport,2024-09,960.62
14.0,Transport,2024-09,1116.68
15.0,Transport,2024-09,665.64
16.0,Transport,2024-09,714.26
17.0,Transport,2024-09,695.23
18.0,Transport,2024-09,791.02
19.0,Transport,2024-09,905.84
20.0,Transport,2024-09,698.73
21.0,Transport,2024-09,861.55
22.0,Transport,2024-09,657.46
23.0,Transport,2024-09,863.81
24.0,Transport,2024-09,860.61
25.0,Transport,2024-09,896.1
26.0,Transport,2024-09,452.39
27.0,Transport,2024-09,512.43
28.0,Transport,2024-09,918.82
29.0,Transport,2024-09,788.49
30.0,Transport,2024-09,743.64
31.0,Transport,2024-09,960.44
32.0,Transport,2024-09,459.34
33.0,Transport,2024-09,1073.46
34.0,Transport,2024-09,758.15
35.0,Transport,2024-09,328.89
36.0,Transport,2024-09,937.87
37.0,Transport,2024-09,797.03
38.0,Transport,2024-09,964.0
39.0,Transport,2024-09,550.49
40.0,Transport,2024-09,619.31
41.0,Transport,2024-09,893.17
42.0,Transport,2024-09,752.99
43.0,Transport,2024-09,618.85
44.0,Transport,2024-09,722.25
45.0,Transport,2024-09,956.22
46.0,Transport,2024-09,685.67
47.0,Transport,2024-09,534.06
48.0,Transport,2024-09,578.83
49.0,Transport,2024-09,759.04
50.0,Transport,2024-09,494.52
51.0,Transport,2024-09,695.54
52.0,Transport,2024-09,971.33
53.0,Transport,2024-09,907.62
54.0,Transport,2024-09,728.19
55.0,Transport,2024-09,358.22
56.0,Transport,2024-09,527.16
57.0,Transport,2024-09,617.13
58.0,Transport,2024-09,1057.36
59.0,Transport,2024-09,889.95
60.0,Transport,2024-09,673.27
61.0,Transport,2024-09,843.21
62.0,Transport,2024-09,839.73
63.0,Transport,2024-09,408.6
64.0,Transport,2024-09,484.76
65.0,Transport,2024-09,849.8
66.0,Transport,2024-09,1138.23
67.0,Transport,2024-09,942.0
68.0,Transport,2024-09,941.85
69.0,Transport,2024-09,380.81
70.0,Transport,2024-09,1006.81
71.0,Transport,2024-09,854.84
72.0,Transport,2024-09,918.49
73.0,Transport,2024-09,1049.06
74.0,Transport,2024-09,962.81
75.0,Transport,2024-09,648.58
76.0,Transport,2024-09,672.85
77.0,Transport,2024-09,885.44
78.0,Transport,2024-09,528.74
79.0,Transport,2024-09,929.85
80.0,Transport,2024-09,1068.44
81.0,Transport,2024-09,946.84
82.0,Transport,2024-09,592.7
83.0,Transport,2024-09,981.58
84.0,Transport,2024-09,800.35
85.0,Transport,2024-09,943.04
86.0,Transport,2024-09,521.89
87.0,Transport,2024-09,957.02
88.0,Transport,2024-09,405.31
89.0,Transport,2024-09,499.7
90.0,Transport,2024-09,694.89
91.0,Transport,2024-09,1103.69
92.0,Transport,2024-09,696.01
93.0,Transport,2024-09,1016.09
94.0,Transport,2024-09,446.85
95.0,Transport,2024-09,1057.4
96.0,Transport,2024-09,1081.4
97.0,Transport,2024-09,1159.16
98.0,Transport,2024-09,1156.96
99.0,Transport,2024-09,480.4
100.0,Transport,2024-09,691.43
101.0,Transport,2024-09,990.2
102.0,Transport,2024-09,738.49
103.0,Transport,2024-09,944.33
104.0,Transport,2024-09,610.35
105.0,Transport,2024-09,871.48
106.0,Transport,2024-09,761.06
107.0,Transport,2024-09,491.03
108.0,Transport,2024-09,705.21
109.0,Transport,2024-09,615.04
110.0,Transport,2024-09,873.62
111.0,Transport,2024-09,693.67
112.0,Transport,2024-09,774.44
113.0,Transport,2024-09,966.94
114.0,Transport,2024-09,516.94
115.0,Transport,2024-09,616.65
116.0,Transport,2024-09,882.49
117.0,Transport,2024-09,874.73
118.0,Transport,2024-09,506.55
119.0,Transport,2024-09,588.18
120.0,Transport,2024-09,265.19
1.0,Transport,2024-10,470.02
2.0,Transport,2024-10,324.37
3.0,Transport,2024-10,449.74
4.0,Transport,2024-10,931.98
5.0,Transport,2024-10,428.58
6.0,Transport,2024-10,703.22
7.0,Transport,2024-10,799.65
8.0,Transport,2024-10,1031.72
9.0,Transport,2024-10,932.4
10.0,Transport,2024-10,847.35
11.0,Transport,2024-10,809.85
12.0,Transport,2024-10,625.33
13.0,Transport,2024-10,979.22
14.0,Transport,2024-10,1077.79
15.0,Transport,2024-10,723.29
16.0,Transport,2024-10,657.38
17.0,Transport,2024-10,678.5
18.0,Transport,2024-10,756.08
19.0,Transport,2024-10,963.28
20.0,Transport,2024-10,715.75
21.0,Transport,2024-10,878.72
22.0,Transport,2024-10,662.06
23.0,Transport,2024-10,852.48
24.0,Transport,2024-10,774.51
25.0,Transport,2024-10,895.24
26.0,Transport,2024-10,381.74
27.0,Transport,2024-10,475.04
28.0,Transport,2024-10,1051.83
29.0,Transport,2024-10,634.55
30.0,Transport,2024-10,697.36
31.0,Transport,2024-10,926.54
32.0,Transport,2024-10,437.59
33.0,Transport,2024-10,1092.09
34.0,Transport,2024-10,834.98
35.0,Transport,2024-10,288.98
36.0,Transport,2024-10,821.18
37.0,Transport,2024-10,901.15
38.0,Transport,2024-10,871.55
39.0,Transport,2024-10,565.75
40.0,Transport,2024-10,510.67
41.0,Transport,2024-10,861.31
42.0,Transport,2024-10,752.21
43.0,Transport,2024-10,651.14
44.0,Transport,2024-10,678.73
45.0,Transport,2024-10,938.77
46.0,Transport,2024-10,630.77
47.0,Transport,2024-10,541.78
48.0,Transport,2024-10,528.15
49.0,Transport,2024-10,716.2
50.0,Transport,2024-10,508.29
51.0,Transport,2024-10,665.83
52.0,Transport,2024-10,841.2
53.0,Transport,2024-10,894.84
54.0,Transport,2024-10,744.06
55.0,Transport,2024-10,323.48
56.0,Transport,2024-10,590.92
57.0,Transport,2024-10,703.18
58.0,Transport,2024-10,997.89
59.0,Transport,2024-10,868.55
60.0,Transport,2024-10,575.47
61.0,Transport,2024-10,781.18
62.0,Transport,2024-10,812.6
63.0,Transport,2024-10,386.24
64.0,Transport,2024-10,436.2
65.0,Transport,2024-10,680.46
66.0,Transport,2024-10,1109.87
67.0,Transport,2024-10,920.67
68.0,Transport,2024-10,1018.43
69.0,Transport,2024-10,364.8
70.0,Transport,2024-10,1072.44
71.0,Transport,2024-10,774.44
72.0,Transport,2024-10,1034.72
73.0,Transport,2024-10,1002.12
74.0,Transport,2024-10,801.02
75.0,Transport,2024-10,699.11
76.0,Transport,2024-10,618.25
77.0,Transport,2024-10,812.69
78.0,Transport,2024-10,449.8
79.0,Transport,2024-10,970.44
80.0,Transport,2024-10,1059.9
81.0,Transport,2024-10,936.04
82.0,Transport,2024-10,574.68
83.0,Transport,2024-10,893.9
84.0,Transport,2024-10,704.94
85.0,Transport,2024-10,939.34
86.0,Transport,2024-10,468.52
87.0,Transport,2024-10,1022.34
88.0,Transport,2024-10,377.38
89.0,Transport,2024-10,457.08
90.0,Transport,2024-10,650.08
91.0,Transport,2024-10,1095.1
92.0,Transport,2024-10,675.9
93.0,Transport,2024-10,945.29
94.0,Transport,2024-10,394.81
95.0,Transport,2024-10,1066.32
96.0,Transport,2024-10,1181.0
97.0,Transport,2024-10,1090.22
98.0,Transport,2024-10,1108.53
99.0,Transport,2024-10,455.86
100.0,Transport,2024-10,699.24
101.0,Transport,2024-10,923.76
102.0,Transport,2024-10,676.85
103.0,Transport,2024-10,963.13
104.0,Transport,2024-10,697.46
105.0,Transport,2024-10,924.62
106.0,Transport,2024-10,799.75
107.0,Transport,2024-10,495.94
108.0,Transport,2024-10,668.08
109.0,Transport,2024-10,578.57
110.0,Transport,2024-10,698.36
111.0,Transport,2024-10,657.79
112.0,Transport,2024-10,801.61
113.0,Transport,2024-10,1026.96
114.0,Transport,2024-10,494.73
115.0,Transport,2024-10,655.18
116.0,Transport,2024-10,761.69
117.0,Transport,2024-10,841.47
118.0,Transport,2024-10,496.58
119.0,Transport,2024-10,549.04
120.0,Transport,2024-10,314.89
1.0,Transport,2024-11,488.86
2.0,Transport,2024-11,339.44
3.0,Transport,2024-11,521.09
4.0,Transport,2024-11,888.17
5.0,Transport,2024-11,444.78
6.0,Transport,2024-11,650.23
7.0,Transport,2024-11,850.16
8.0,Transport,2024-11,984.05
9.0,Transport,2024-11,980.07
10.0,Transport,2024-11,944.34
11.0,Transport,2024-11,891.37
12.0,Transport,2024-11,644.35
13.0,Transport,2024-11,882.5
14.0,Transport,2024-11,1168.46
15.0,Transport,2024-11,694.04
16.0,Transport,2024-11,761.28
17.0,Transport,2024-11,690.43
18.0,Transport,2024-11,806.21
19.0,Transport,2024-11,1043.68
20.0,Transport,2024-11,683.86
21.0,Transport,2024-11,899.55
22.0,Transport,2024-11,656.31
23.0,Transport,2024-11,881.84
24.0,Transport,2024-11,871.52
25.0,Transport,2024-11,905.63
26.0,Transport,2024-11,466.31
27.0,Transport,2024-11,533.75
28.0,Transport,2024-11,994.29
29.0,Transport,2024-11,797.58
30.0,Transport,2024-11,758.96
31.0,Transport,2024-11,1025.02
32.0,Transport,2024-11,416.41
33.0,Transport,2024-11,978.12
34.0,Transport,2024-11,682.52
35.0,Transport,2024-11,299.79
36.0,Transport,2024-11,939.34
37.0,Transport,2024-11,805.52
38.0,Transport,2024-11,996.7
39.0,Transport,2024-11,576.92
40.0,Transport,2024-11,635.09
41.0,Transport,2024-11,780.01
42.0,Transport,2024-11,736.42
43.0,Transport,2024-11,602.7
44.0,Transport,2024-11,707.95
45.0,Transport,2024-11,943.35
46.0,Transport,2024-11,601.36
47.0,Transport,2024-11,566.25
48.0,Transport,2024-11,641.68
49.0,Transport,2024-11,653.03
50.0,Transport,2024-11,576.16
51.0,Transport,2024-11,698.63
52.0,Transport,2024-11,950.33
53.0,Transport,2024-11,900.54
54.0,Transport,2024-11,699.03
55.0,Transport,2024-11,313.5
56.0,Transport,2024-11,577.2
57.0,Transport,2024-11,788.77
58.0,Transport,2024-11,994.57
59.0,Transport,2024-11,930.48
60.0,Transport,2024-11,649.63
61.0,Transport,2024-11,823.67
62.0,Transport,2024-11,873.78
63.0,Transport,2024-11,445.59
64.0,Transport,2024-11,440.09
65.0,Transport,2024-11,703.59
66.0,Transport,2024-11,999.35
67.0,Transport,2024-11,1030.54
68.0,Transport,2024-11,909.66
69.0,Transport,2024-11,400.3
70.0,Transport,2024-11,1013.8
71.0,Transport,2024-11,872.31
72.0,Transport,2024-11,1130.38
73.0,Transport,2024-11,949.83
74.0,Transport,2024-11,886.48
75.0,Transport,2024-11,651.67
76.0,Transport,2024-11,735.42
77.0,Transport,2024-11,771.02
78.0,Transport,2024-11,541.34
79.0,Transport,2024-11,846.48
80.0,Transport,2024-11,1069.65
81.0,Transport,2024-11,998.05
82.0,Transport,2024-11,625.23
83.0,Transport,2024-11,964.33
84.0,Transport,2024-11,796.0
85.0,Transport,2024-11,993.2
86.0,Transport,2024-11,463.65
87.0,Transport,2024-11,970.74
88.0,Transport,2024-11,375.92
89.0,Transport,2024-11,519.53
90.0,Transport,2024-11,678.02
91.0,Transport,2024-11,1211.06
92.0,Transport,2024-11,720.85
93.0,Transport,2024-11,983.44
94.0,Transport,2024-11,416.07
95.0,Transport,2024-11,1052.76
96.0,Transport,2024-11,1154.04
97.0,Transport,2024-11,1130.57
98.0,Transport,2024-11,1170.59
99.0,Transport,2024-11,446.02
100.0,Transport,2024-11,809.9
101.0,Transport,2024-11,967.08
102.0,Transport,2024-11,630.45
103.0,Transport,2024-11,965.31
104.0,Transport,2024-11,746.67
105.0,Transport,2024-11,860.87
106.0,Transport,2024-11,801.09
107.0,Transport,2024-11,495.35
108.0,Transport,2024-11,708.5
109.0,Transport,2024-11,596.25
110.0,Transport,2024-11,903.88
111.0,Transport,2024-11,793.37
112.0,Transport,2024-11,753.08
113.0,Transport,2024-11,1040.04
114.0,Transport,2024-11,500.09
115.0,Transport,2024-11,663.45
116.0,Transport,2024-11,795.58
117.0,Transport,2024-11,917.85
118.0,Transport,2024-11,565.67
119.0,Transport,2024-11,545.78
120.0,Transport,2024-11,328.41
1.0,Transport,2024-12,568.3
2.0,Transport,2024-12,383.18
3.0,Transport,2024-12,580.2
4.0,Transport,2024-12,981.63
5.0,Transport,2024-12,524.88
6.0,Transport,2024-12,774.04
7.0,Transport,2024-12,978.2
8.0,Transport,2024-12,992.3
9.0,Transport,2024-12,1024.9
10.0,Transport,2024-12,947.8
11.0,Transport,2024-12,908.33
12.0,Transport,2024-12,649.72
13.0,Transport,2024-12,924.1
14.0,Transport,2024-12,1320.98
15.0,Transport,2024-12,776.86
16.0,Transport,2024-12,725.26
17.0,Transport,2024-12,732.38
18.0,Transport,2024-12,869.72
19.0,Transport,2024-12,1038.35
20.0,Transport,2024-12,746.77
21.0,Transport,2024-12,927.77
22.0,Transport,2024-12,762.52
23.0,Transport,2024-12,850.26
24.0,Transport,2024-12,891.79
25.0,Transport,2024-12,973.12
26.0,Transport,2024-12,459.09
27.0,Transport,2024-12,588.37
28.0,Transport,2024-12,1059.99
29.0,Transport,2024-12,821.14
30.0,Transport,2024-12,910.9
31.0,Transport,2024-12,1084.92
32.0,Transport,2024-12,514.2
33.0,Transport,2024-12,1150.56
34.0,Transport,2024-12,842.51
35.0,Transport,2024-12,376.82
36.0,Transport,2024-12,1116.26
37.0,Transport,2024-12,881.47
38.0,Transport,2024-12,1006.7
39.0,Transport,2024-12,640.6
40.0,Transport,2024-12,651.09
41.0,Transport,2024-12,895.45
42.0,Transport,2024-12,882.88
43.0,Transport,2024-12,653.15
44.0,Transport,2024-12,701.98
45.0,Transport,2024-12,1032.94
46.0,Transport,2024-12,764.62
47.0,Transport,2024-12,587.72
48.0,Transport,2024-12,615.8
49.0,Transport,2024-12,762.95
50.0,Transport,2024-12,593.77
51.0,Transport,2024-12,796.11
52.0,Transport,2024-12,941.34
53.0,Transport,2024-12,1037.78
54.0,Transport,2024-12,760.58
55.0,Transport,2024-12,342.85
56.0,Transport,2024-12,574.36
57.0,Transport,2024-12,758.48
58.0,Transport,2024-12,1220.21
59.0,Transport,2024-12,971.68
60.0,Transport,2024-12,705.02
61.0,Transport,2024-12,878.71
62.0,Transport,2024-12,828.32
63.0,Transport,2024-12,451.53
64.0,Transport,2024-12,479.13
65.0,Transport,2024-12,737.26
66.0,Transport,2024-12,1120.22
67.0,Transport,2024-12,1008.66
68.0,Transport,2024-12,1077.06
69.0,Transport,2024-12,367.49
70.0,Transport,2024-12,1070.85
71.0,Transport,2024-12,1008.6
72.0,Transport,2024-12,1155.68
73.0,Transport,2024-12,1145.81
74.0,Transport,2024-12,993.83
75.0,Transport,2024-12,728.41
76.0,Transport,2024-12,729.42
77.0,Transport,2024-12,837.27
78.0,Transport,2024-12,572.56
79.0,Transport,2024-12,940.09
80.0,Transport,2024-12,1228.16
81.0,Transport,2024-12,1032.7
82.0,Transport,2024-12,636.99
83.0,Transport,2024-12,1013.67
84.0,Transport,2024-12,769.77
85.0,Transport,2024-12,904.52
86.0,Transport,2024-12,537.74
87.0,Transport,2024-12,1105.95
88.0,Transport,2024-12,433.82
89.0,Transport,2024-12,537.33
90.0,Transport,2024-12,687.36
91.0,Transport,2024-12,1282.33
92.0,Transport,2024-12,710.12
93.0,Transport,2024-12,1029.65
94.0,Transport,2024-12,414.64
95.0,Transport,2024-12,1144.67
96.0,Transport,2024-12,1296.81
97.0,Transport,2024-12,1174.88
98.0,Transport,2024-12,1030.12
99.0,Transport,2024-12,517.37
100.0,Transport,2024-12,769.84
101.0,Transport,2024-12,1009.0
102.0,Transport,2024-12,700.49
103.0,Transport,2024-12,934.26
104.0,Transport,2024-12,714.4
105.0,Transport,2024-12,1037.53
106.0,Transport,2024-12,780.25
107.0,Transport,2024-12,529.07
108.0,Transport,2024-12,737.75
109.0,Transport,2024-12,650.53
110.0,Transport,2024-12,876.33
111.0,Transport,2024-12,740.44
112.0,Transport,2024-12,714.13
113.0,Transport,2024-12,1074.21
114.0,Transport,2024-12,547.5
115.0,Transport,2024-12,697.64
116.0,Transport,2024-12,916.33
117.0,Transport,2024-12,959.67
118.0,Transport,2024-12,518.94
119.0,Transport,2024-12,602.74
120.0,Transport,2024-12,283.02
