user_id,category,month,actual,predicted,abs_error
U001,Bills,2024-03,0.0,1.8315188463634002,1.8315188463634002
U001,Bills,2024-04,0.0,2.9969170640958853,2.9969170640958853
U001,Bills,2024-05,0.0,2.6237742603611762,2.6237742603611762
U001,Bills,2024-06,0.0,3.2311581233654447,3.2311581233654447
U001,Bills,2024-07,0.0,3.1529627114682706,3.1529627114682706
U001,Bills,2024-08,0.0,2.9311542028026207,2.9311542028026207
U001,Bills,2024-09,0.0,2.802541497730425,2.802541497730425
U001,Bills,2024-10,0.0,2.669782280269477,2.669782280269477
U001,Bills,2024-11,36001.0,3.1241614481098763,35997.87583855189
U001,Food,2023-10,0.0,4.750551562688103,4.750551562688103
U001,Food,2023-11,4839.0,1.4027365588686038,4837.597263441131
U001,Food,2023-12,0.0,0.22545538984167623,0.22545538984167623
U001,Food,2024-01,0.0,0.6407891051511121,0.6407891051511121
U001,Food,2024-02,4103.0,4.771767692496079,4098.228232307504
U001,Food,2024-03,0.0,0.11728959206463137,0.11728959206463137
U001,Food,2024-04,7814.0,1.5916432791306274,7812.408356720869
U001,Food,2024-05,1413.0,1.0792920869795521,1411.9207079130204
U001,Shopping,2023-09,0.0,0.2914767173609039,0.2914767173609039
U001,Shopping,2023-10,0.0,0.6910889803141447,0.6910889803141447
U001,Shopping,2023-11,1543.64,0.9329782564199929,1542.70702174358
U001,Shopping,2023-12,0.0,0.5997746647735025,0.5997746647735025
U001,Shopping,2024-01,0.0,1.3212587324566019,1.3212587324566019
U001,Shopping,2024-02,0.0,2.507848801610361,2.507848801610361
U001,Shopping,2024-03,0.0,1.6125022340293254,1.6125022340293254
U001,Shopping,2024-04,2916.52,1.622935799682319,2914.897064200318
U002,Bills,2024-04,0.0,2.9969170640958853,2.9969170640958853
U002,Bills,2024-05,0.0,2.6237742603611762,2.6237742603611762
U002,Bills,2024-06,0.0,3.2311581233654447,3.2311581233654447
U002,Bills,2024-07,0.0,3.1529627114682706,3.1529627114682706
U002,Bills,2024-08,0.0,2.9311542028026207,2.9311542028026207
U002,Bills,2024-09,5919.0,2.802541497730425,5916.19745850227
U002,Bills,2024-10,5727.0,2.4538939753986315,5724.546106024602
U002,Food,2023-07,0.0,1.860626639738364,1.860626639738364
U002,Food,2023-08,0.0,0.722242854155162,0.722242854155162
U002,Food,2023-09,0.0,1.777211949598251,1.777211949598251
U002,Food,2023-10,0.0,2.184604656446028,2.184604656446028
U002,Food,2023-11,3203.0,1.8572302708777366,3201.1427697291224
U003,Bills,2024-01,3397.0,3.4926114860631907,3393.507388513937
U003,Bills,2024-02,0.0,1.2222198098970578,1.2222198098970578
U003,Bills,2024-03,0.0,2.9682600830782717,2.9682600830782717
U003,Bills,2024-04,0.0,2.865219997255699,2.865219997255699
U003,Bills,2024-05,7693.0,2.6237742603611762,7690.376225739639
U003,Food,2024-05,1495.0,1.2382025998277455,1493.7617974001723
U003,Food,2024-06,0.0,2.713052106941724,2.713052106941724
U003,Food,2024-07,0.0,0.9893750126980603,0.9893750126980603
U003,Food,2024-08,0.0,1.959080570240923,1.959080570240923
U003,Food,2024-09,6002.0,1.777211949598251,6000.2227880504015
U003,Food,2024-10,6437.0,0.2308621189110259,6436.769137881089
U003,Food,2024-11,0.0,1.9274187115006929,1.9274187115006929
U003,Food,2024-12,7717.0,1.3882489355602687,7715.61175106444
U003,Shopping,2024-05,1263.06,1.7612371510631197,1261.2987628489368
U003,Shopping,2024-06,0.0,1.2664075043162888,1.2664075043162888
U003,Shopping,2024-07,0.0,0.9024969108565091,0.9024969108565091
U003,Shopping,2024-08,0.0,1.2928815006692291,1.2928815006692291
U003,Shopping,2024-09,0.0,1.664443917937822,1.664443917937822
U003,Shopping,2024-10,2391.58,2.046873845516607,2389.5331261544834
U003,Shopping,2024-11,0.0,0.35155275038409045,0.35155275038409045
U003,Shopping,2024-12,2679.37,1.355190590012604,2678.0148094099873
U004,Bills,2023-10,0.0,2.669782280269477,2.669782280269477
U004,Bills,2023-11,0.0,3.1241614481098763,3.1241614481098763
U004,Bills,2023-12,2970.0,3.1808002087834897,2966.8191997912163
U004,Bills,2024-01,0.0,1.4844070449458417,1.4844070449458417
U004,Bills,2024-02,0.0,30.972301266899585,30.972301266899585
U004,Bills,2024-03,7649.0,3.7942597503171376,7645.205740249683
U004,Bills,2024-04,9966.0,2.5634915007477463,9963.436508499251
U004,Food,2024-04,0.0,0.22325818774285458,0.22325818774285458
U004,Food,2024-05,0.0,0.9789522368134069,0.9789522368134069
U004,Food,2024-06,0.0,0.6624924557449619,0.6624924557449619
U004,Food,2024-07,3986.0,1.4456610593873394,3984.5543389406125
U004,Food,2024-08,0.0,0.6483766146425765,0.6483766146425765
U004,Food,2024-09,2508.0,4.35798703949543,2503.6420129605044
U004,Food,2024-10,0.0,4.295056211010631,4.295056211010631
U004,Food,2024-11,4648.0,1.9406370378123543,4646.059362962188
U004,Shopping,2024-04,0.0,1.622935799682319,1.622935799682319
U004,Shopping,2024-05,0.0,1.4004335929177936,1.4004335929177936
U004,Shopping,2024-06,0.0,1.3086460102894746,1.3086460102894746
U004,Shopping,2024-07,1453.36,1.3296454101124717,1452.0303545898873
U004,Shopping,2024-08,0.0,2.0350880338198483,2.0350880338198483
U004,Shopping,2024-09,854.8,0.9615047218723984,853.8384952781275
U004,Shopping,2024-10,5217.87,2.234474479758854,5215.635525520241
U004,Transport,2024-02,0.0,1.9866871986943244,1.9866871986943244
U004,Transport,2024-03,7119.0,1.6569918167578055,7117.343008183242
U004,Transport,2024-04,0.0,0.7513552117046958,0.7513552117046958
U004,Transport,2024-05,0.0,2.03092658137705,2.03092658137705
U004,Transport,2024-06,0.0,13.519443419376483,13.519443419376483
U004,Transport,2024-07,0.0,1.1507372701204015,1.1507372701204015
U004,Transport,2024-08,0.0,1.5415287071402988,1.5415287071402988
U004,Transport,2024-09,15086.0,1.6540408114498377,15084.34595918855
U004,Transport,2024-10,4701.0,1.4340664789132131,4699.565933521087
U005,Food,2022-05,7238.0,0.4226148213062371,7237.5773851786935
U005,Food,2022-06,0.0,0.97592122978657,0.97592122978657
U005,Food,2022-07,2059.0,1.6991579969436872,2057.3008420030565
U005,Shopping,2023-09,0.0,1.664443917937822,1.664443917937822
U005,Shopping,2023-10,0.0,2.046873845516607,2.046873845516607
U005,Shopping,2023-11,0.0,1.6742505422440779,1.6742505422440779
U005,Shopping,2023-12,0.0,1.703250397544633,1.703250397544633
U005,Shopping,2024-01,0.0,1.5772050409505152,1.5772050409505152
U005,Shopping,2024-02,0.0,1.5103530898038673,1.5103530898038673
U005,Shopping,2024-03,811.43,1.6125022340293254,809.8174977659706
U006,Bills,2024-08,0.0,0.7776954706475627,0.7776954706475627
U006,Bills,2024-09,4020.0,2.802541497730425,4017.1974585022695
U006,Food,2024-01,2415.0,1.742605803779599,2413.2573941962205
U006,Food,2024-02,0.0,0.4171846702678063,0.4171846702678063
U006,Food,2024-03,0.0,2.029024110635203,2.029024110635203
U006,Food,2024-04,0.0,5.450145613582809,5.450145613582809
U006,Food,2024-05,0.0,1.6356447047143288,1.6356447047143288
U006,Food,2024-06,0.0,1.5112204884042004,1.5112204884042004
U006,Food,2024-07,0.0,1.4456610593873394,1.4456610593873394
U006,Food,2024-08,1077.0,1.7781663363657025,1075.2218336636342
U006,Shopping,2024-03,0.0,2.3764389282270044,2.3764389282270044
U006,Shopping,2024-04,500.0,1.622935799682319,498.3770642003177
U006,Shopping,2024-05,0.0,0.5325316014863302,0.5325316014863302
U006,Shopping,2024-06,0.0,1.5320180317873482,1.5320180317873482
U006,Shopping,2024-07,921.61,1.6662246397715599,919.9437753602284
U006,Shopping,2024-08,500.0,0.6094343567165899,499.3905656432834
U007,Bills,2024-01,0.0,3.4926114860631907,3.4926114860631907
U007,Bills,2024-02,0.0,2.1158642652680886,2.1158642652680886
U007,Bills,2024-03,0.0,2.949181490600317,2.949181490600317
U007,Bills,2024-04,0.0,2.9969170640958853,2.9969170640958853
U007,Bills,2024-05,0.0,2.6237742603611762,2.6237742603611762
U007,Bills,2024-06,982.0,3.2311581233654447,978.7688418766346
U007,Entertainment,2022-09,0.0,1.3519534554398889,1.3519534554398889
U007,Entertainment,2022-10,0.0,1.3377460388348332,1.3377460388348332
U007,Entertainment,2022-11,2788.0,1.2204648306410655,2786.779535169359
U007,Entertainment,2022-12,9871.0,1.8862801260032445,9869.113719873996
U007,Food,2024-03,0.0,2.0235869492415324,2.0235869492415324
U007,Food,2024-04,0.0,1.9844451122178643,1.9844451122178643
U007,Food,2024-05,0.0,1.6356447047143288,1.6356447047143288
U007,Food,2024-06,0.0,1.5112204884042004,1.5112204884042004
U007,Food,2024-07,0.0,1.4456610593873394,1.4456610593873394
U007,Food,2024-08,9722.0,1.7781663363657025,9720.221833663634
U007,Food,2024-09,0.0,1.085422776159902,1.085422776159902
U007,Food,2024-10,3826.0,0.5715786224636172,3825.4284213775363
U007,Shopping,2024-02,0.0,1.5103530898038673,1.5103530898038673
U007,Shopping,2024-03,0.0,1.6125022340293254,1.6125022340293254
U007,Shopping,2024-04,0.0,1.622935799682319,1.622935799682319
U007,Shopping,2024-05,0.0,1.4004335929177936,1.4004335929177936
U007,Shopping,2024-06,500.0,1.3086460102894746,498.69135398971054
U007,Shopping,2024-07,0.0,0.5306316364098147,0.5306316364098147
U007,Shopping,2024-08,3608.52,2.4544381221505085,3606.0655618778496
U007,Shopping,2024-09,0.0,0.8411513468516421,0.8411513468516421
U007,Shopping,2024-10,1290.91,0.8786528515474579,1290.0313471484526
U007,Transport,2024-02,2061.0,1.0873255908402752,2059.9126744091595
U007,Transport,2024-03,0.0,5.021937134830239,5.021937134830239
U007,Transport,2024-04,0.0,2.186281822699327,2.186281822699327
U007,Transport,2024-05,9916.0,1.5217883355740502,9914.478211664426
U007,Transport,2024-06,0.0,3.768801815730832,3.768801815730832
U007,Transport,2024-07,0.0,0.1941346077544076,0.1941346077544076
U007,Transport,2024-08,0.0,0.49970842409616045,0.49970842409616045
U007,Transport,2024-09,0.0,1.6540408114498377,1.6540408114498377
U007,Transport,2024-10,4973.0,1.6909835725826596,4971.309016427417
U008,Bills,2023-05,0.0,7.774557261530147,7.774557261530147
U008,Bills,2023-06,0.0,11.632413008635016,11.632413008635016
U008,Bills,2023-07,0.0,3.1529627114682706,3.1529627114682706
U008,Bills,2023-08,0.0,2.9311542028026207,2.9311542028026207
U008,Bills,2023-09,0.0,2.802541497730425,2.802541497730425
U008,Bills,2023-10,15677.0,2.669782280269477,15674.330217719731
U008,Food,2023-10,0.0,2.184604656446028,2.184604656446028
U008,Food,2023-11,0.0,1.8572302708777366,1.8572302708777366
U008,Food,2023-12,0.0,1.7589561936604499,1.7589561936604499
U008,Food,2024-01,0.0,1.742605803779599,1.742605803779599
U008,Food,2024-02,2814.0,1.78037315686798,2812.219626843132
U008,Food,2024-03,7929.0,0.35724683385845174,7928.642753166141
U008,Shopping,2023-12,0.0,9.357639792810735,9.357639792810735
U008,Shopping,2024-01,0.0,1.0157415316531901,1.0157415316531901
U008,Shopping,2024-02,1101.85,7.122054321494353,1094.7279456785056
U008,Shopping,2024-03,3299.89,0.9147993072105027,3298.9752006927893
U009,Bills,2024-05,0.0,4.2106110701447035,4.2106110701447035
U009,Bills,2024-06,0.0,3.5247668498344353,3.5247668498344353
U009,Bills,2024-07,1846.0,2.558945495432136,1843.4410545045678
U009,Bills,2024-08,0.0,1.3638480242805864,1.3638480242805864
U009,Bills,2024-09,0.0,2.340694737640172,2.340694737640172
U009,Bills,2024-10,0.0,3.7602366504061386,3.7602366504061386
U009,Bills,2024-11,13335.0,3.1241614481098763,13331.87583855189
U009,Bills,2024-12,7937.0,31.836335912889652,7905.16366408711
U009,Food,2024-01,0.0,1.742605803779599,1.742605803779599
U009,Food,2024-02,0.0,1.78037315686798,1.78037315686798
U009,Food,2024-03,0.0,2.0235869492415324,2.0235869492415324
U009,Food,2024-04,0.0,1.9844451122178643,1.9844451122178643
U009,Food,2024-05,0.0,1.6356447047143288,1.6356447047143288
U009,Food,2024-06,0.0,1.5112204884042004,1.5112204884042004
U009,Food,2024-07,0.0,1.4456610593873394,1.4456610593873394
U009,Food,2024-08,6031.0,1.7781663363657025,6029.221833663634
U009,Shopping,2024-04,0.0,1.622935799682319,1.622935799682319
U009,Shopping,2024-05,0.0,1.4004335929177936,1.4004335929177936
U009,Shopping,2024-06,0.0,1.3086460102894746,1.3086460102894746
U009,Shopping,2024-07,0.0,1.3296454101124717,1.3296454101124717
U009,Shopping,2024-08,1816.75,1.8021512413813277,1814.9478487586186
U009,Shopping,2024-09,0.0,0.7696462159311497,0.7696462159311497
U009,Shopping,2024-10,0.0,0.8394852789881204,0.8394852789881204
U009,Shopping,2024-11,0.0,0.7445403872282201,0.7445403872282201
U009,Shopping,2024-12,4339.51,1.703250397544633,4337.806749602456
U009,Transport,2023-12,3790.0,1.8515011584818208,3788.148498841518
U009,Transport,2024-01,0.0,0.22417029823578857,0.22417029823578857
U009,Transport,2024-02,0.0,0.9206362602168958,0.9206362602168958
U009,Transport,2024-03,0.0,0.6228358543203965,0.6228358543203965
U009,Transport,2024-04,0.0,1.4756468194099863,1.4756468194099863
U009,Transport,2024-05,0.0,1.3411764251370029,1.3411764251370029
U009,Transport,2024-06,1680.0,1.2467494947004258,1678.7532505052995
U010,Bills,2023-12,0.0,1.4730288489815133,1.4730288489815133
U010,Bills,2024-01,1426.0,259.6342876373568,1166.365712362643
U010,Bills,2024-02,0.0,6.777081027310829,6.777081027310829
U010,Bills,2024-03,0.0,1.6032731734467234,1.6032731734467234
U010,Bills,2024-04,0.0,1.7174178268801423,1.7174178268801423
U010,Bills,2024-05,0.0,2.6237742603611762,2.6237742603611762
U010,Bills,2024-06,47640.09999999999,3.2311581233654447,47636.868841876625
U010,Bills,2024-07,1566.0,0.8182203144679023,1565.181779685532
U010,Food,2024-05,8293.0,0.4148054397011981,8292.585194560299
U010,Food,2024-06,0.0,7.436082385627914,7.436082385627914
U010,Food,2024-07,0.0,0.5464708597828434,0.5464708597828434
U010,Food,2024-08,0.0,1.5635801973516976,1.5635801973516976
U010,Food,2024-09,540.0,1.777211949598251,538.2227880504017
U010,Shopping,2024-02,0.0,1.4453591275473099,1.4453591275473099
U010,Shopping,2024-03,0.0,2.015866096824203,2.015866096824203
U010,Shopping,2024-04,1168.75,2.1491994638140484,1166.600800536186
U010,Shopping,2024-05,2205.85,0.8889368468244183,2204.9610631531755
U011,Bills,2024-03,0.0,2.949181490600317,2.949181490600317
U011,Bills,2024-04,0.0,2.9969170640958853,2.9969170640958853
U011,Bills,2024-05,0.0,2.6237742603611762,2.6237742603611762
U011,Bills,2024-06,0.0,3.2311581233654447,3.2311581233654447
U011,Bills,2024-07,0.0,3.1529627114682706,3.1529627114682706
U011,Bills,2024-08,23463.0,2.9311542028026207,23460.0688457972
U011,Bills,2024-09,327.0,0.6904890426077033,326.3095109573923
U011,Bills,2024-10,0.0,0.5177643541773027,0.5177643541773027
U011,Bills,2024-11,2728.0,0.5053978502978942,2727.494602149702
U011,Food,2023-05,0.0,1.6356447047143288,1.6356447047143288
U011,Food,2023-06,0.0,1.5112204884042004,1.5112204884042004
U011,Food,2023-07,0.0,1.4456610593873394,1.4456610593873394
U011,Food,2023-08,0.0,1.7781663363657025,1.7781663363657025
U011,Food,2023-09,0.0,1.777211949598251,1.777211949598251
U011,Food,2023-10,4311.0,2.184604656446028,4308.815395343554
U011,Food,2023-11,1199.0,0.08360580460494209,1198.916394195395
U012,Bills,2024-08,0.0,2.9311542028026207,2.9311542028026207
U012,Bills,2024-09,0.0,2.802541497730425,2.802541497730425
U012,Bills,2024-10,0.0,2.669782280269477,2.669782280269477
U012,Bills,2024-11,0.0,3.1241614481098763,3.1241614481098763
U012,Bills,2024-12,1152.0,3.1808002087834897,1148.8191997912165
U012,Food,2024-03,0.0,2.0235869492415324,2.0235869492415324
U012,Food,2024-04,0.0,1.9844451122178643,1.9844451122178643
U012,Food,2024-05,0.0,1.6356447047143288,1.6356447047143288
U012,Food,2024-06,1363.0,1.5112204884042004,1361.4887795115958
U012,Food,2024-07,0.0,18.28323405314519,18.28323405314519
U012,Food,2024-08,0.0,1.0649792628453496,1.0649792628453496
U012,Food,2024-09,0.0,1.5068701193494358,1.5068701193494358
U012,Food,2024-10,779.0,2.184604656446028,776.815395343554
U012,Food,2024-11,4640.0,1.2757007635951942,4638.7242992364045
U012,Shopping,2024-02,0.0,1.5103530898038673,1.5103530898038673
U012,Shopping,2024-03,0.0,1.6125022340293254,1.6125022340293254
U012,Shopping,2024-04,0.0,1.622935799682319,1.622935799682319
U012,Shopping,2024-05,0.0,1.4004335929177936,1.4004335929177936
U012,Shopping,2024-06,542.54,1.3086460102894746,541.2313539897104
U012,Shopping,2024-07,0.0,0.5371784602476637,0.5371784602476637
U012,Shopping,2024-08,0.0,1.6950182873740234,1.6950182873740234
U012,Shopping,2024-09,0.0,1.4307540734077615,1.4307540734077615
U012,Shopping,2024-10,500.0,2.046873845516607,497.9531261544834
U013,Bills,2024-05,0.0,5.1585871751258505,5.1585871751258505
U013,Bills,2024-06,0.0,3.68675317695112,3.68675317695112
U013,Bills,2024-07,0.0,3.6040715083380395,3.6040715083380395
U013,Bills,2024-08,0.0,2.9311542028026207,2.9311542028026207
U013,Bills,2024-09,0.0,2.802541497730425,2.802541497730425
U013,Bills,2024-10,4778.0,2.669782280269477,4775.33021771973
U013,Bills,2024-11,0.0,1.3090789206569085,1.3090789206569085
U013,Bills,2024-12,9356.0,2.507342966048005,9353.492657033952
U013,Entertainment,2023-12,0.0,0.25948874456544024,0.25948874456544024
U013,Entertainment,2024-01,0.0,2.309442154372805,2.309442154372805
U013,Entertainment,2024-02,6798.0,1.046060205624292,6796.953939794375
U013,Entertainment,2024-03,0.0,0.04695947417380896,0.04695947417380896
U013,Entertainment,2024-04,7038.0,0.25808259028752806,7037.741917409712
U013,Food,2023-06,0.0,1.5112204884042004,1.5112204884042004
U013,Food,2023-07,0.0,1.4456610593873394,1.4456610593873394
U013,Food,2023-08,0.0,1.7781663363657025,1.7781663363657025
U013,Food,2023-09,0.0,1.777211949598251,1.777211949598251
U013,Food,2023-10,0.0,2.184604656446028,2.184604656446028
U013,Food,2023-11,4324.0,1.8572302708777366,4322.142769729122
U013,Shopping,2023-10,0.0,2.046873845516607,2.046873845516607
U013,Shopping,2023-11,0.0,1.6742505422440779,1.6742505422440779
U013,Shopping,2023-12,0.0,1.703250397544633,1.703250397544633
U013,Shopping,2024-01,0.0,1.5772050409505152,1.5772050409505152
U013,Shopping,2024-02,4843.22,1.5103530898038673,4841.709646910196
U013,Shopping,2024-03,0.0,0.43572852842681004,0.43572852842681004
U013,Shopping,2024-04,4206.69,1.748482657989701,4204.94151734201
U013,Transport,2023-11,0.0,1.157861112543395,1.157861112543395
U013,Transport,2023-12,0.0,1.8515011584818208,1.8515011584818208
U013,Transport,2024-01,0.0,2.0773911431466217,2.0773911431466217
U013,Transport,2024-02,0.0,1.9866871986943244,1.9866871986943244
U013,Transport,2024-03,1295.0,1.6569918167578055,1293.343008183242
U013,Transport,2024-04,312.0,3.818696993177012,308.181303006823
U014,Bills,2024-06,0.0,3.2311581233654447,3.2311581233654447
U014,Bills,2024-07,0.0,3.1529627114682706,3.1529627114682706
U014,Bills,2024-08,0.0,2.9311542028026207,2.9311542028026207
U014,Bills,2024-09,0.0,2.802541497730425,2.802541497730425
U014,Bills,2024-10,9348.0,2.669782280269477,9345.330217719731
U014,Bills,2024-11,0.0,0.8398295894056638,0.8398295894056638
U014,Bills,2024-12,9238.0,0.37444131972506206,9237.625558680274
U014,Shopping,2022-09,0.0,1.4037032389673305,1.4037032389673305
U014,Shopping,2022-10,0.0,2.046873845516607,2.046873845516607
U014,Shopping,2022-11,500.0,1.6742505422440779,498.32574945775593
U014,Transport,2024-04,0.0,1.4756468194099863,1.4756468194099863
U014,Transport,2024-05,0.0,1.3411764251370029,1.3411764251370029
U014,Transport,2024-06,0.0,1.2467494947004258,1.2467494947004258
U014,Transport,2024-07,0.0,1.1507372701204015,1.1507372701204015
U014,Transport,2024-08,0.0,1.5415287071402988,1.5415287071402988
U014,Transport,2024-09,0.0,1.6540408114498377,1.6540408114498377
U014,Transport,2024-10,0.0,1.6909835725826596,1.6909835725826596
U014,Transport,2024-11,707.0,1.157861112543395,705.8421388874566
U015,Bills,2024-04,0.0,2.9969170640958853,2.9969170640958853
U015,Bills,2024-05,0.0,2.6237742603611762,2.6237742603611762
U015,Bills,2024-06,5394.0,3.2311581233654447,5390.768841876635
U015,Bills,2024-07,0.0,2.8124645307603293,2.8124645307603293
U015,Bills,2024-08,0.0,3.6954978867557635,3.6954978867557635
U015,Bills,2024-09,0.0,1.127696644470607,1.127696644470607
U015,Bills,2024-10,8349.0,2.669782280269477,8346.330217719731
U015,Entertainment,2023-07,0.0,1.0560113112551708,1.0560113112551708
U015,Entertainment,2023-08,0.0,1.8969819601148328,1.8969819601148328
U015,Entertainment,2023-09,0.0,1.3519534554398889,1.3519534554398889
U015,Entertainment,2023-10,0.0,1.3377460388348332,1.3377460388348332
U015,Entertainment,2023-11,0.0,1.2204648306410655,1.2204648306410655
U015,Entertainment,2023-12,9428.0,0.25948874456544024,9427.740511255435
U015,Shopping,2023-12,4574.46,1.703250397544633,4572.756749602456
U015,Shopping,2024-01,0.0,0.33856825047179,0.33856825047179
U015,Shopping,2024-02,0.0,0.9800844405464879,0.9800844405464879
U015,Shopping,2024-03,0.0,0.7765706377149513,0.7765706377149513
U015,Shopping,2024-04,2416.42,1.622935799682319,2414.797064200318
U015,Shopping,2024-05,0.0,0.3572015165663359,0.3572015165663359
U015,Shopping,2024-06,500.0,1.471695853779892,498.5283041462201
U015,Transport,2023-09,0.0,1.6540408114498377,1.6540408114498377
U015,Transport,2023-10,0.0,1.6909835725826596,1.6909835725826596
U015,Transport,2023-11,0.0,1.157861112543395,1.157861112543395
U015,Transport,2023-12,0.0,1.8515011584818208,1.8515011584818208
U015,Transport,2024-01,0.0,2.0773911431466217,2.0773911431466217
U015,Transport,2024-02,0.0,1.9866871986943244,1.9866871986943244
U015,Transport,2024-03,176.0,1.6569918167578055,174.3430081832422
U016,Bills,2023-12,4480.0,1.562875009070916,4478.437124990929
U016,Bills,2024-01,578.0,3.0586293201264594,574.9413706798736
U016,Bills,2024-02,0.0,7.07919885814759,7.07919885814759
U016,Bills,2024-03,0.0,3.2118277604115013,3.2118277604115013
U016,Bills,2024-04,5063.0,2.1742531931939317,5060.825746806806
U016,Food,2024-08,0.0,1.8711587150900457,1.8711587150900457
U016,Food,2024-09,0.0,0.6216651793971524,0.6216651793971524
U016,Food,2024-10,0.0,1.3314196210966416,1.3314196210966416
U016,Food,2024-11,2491.0,1.8572302708777366,2489.1427697291224
U016,Shopping,2024-03,0.0,0.857549919568515,0.857549919568515
U016,Shopping,2024-04,0.0,1.0064281428546322,1.0064281428546322
U016,Shopping,2024-05,0.0,1.4004335929177936,1.4004335929177936
U016,Shopping,2024-06,0.0,1.3086460102894746,1.3086460102894746
U016,Shopping,2024-07,2282.92,1.3296454101124717,2281.5903545898877
U016,Shopping,2024-08,0.0,0.2151436474301853,0.2151436474301853
U016,Shopping,2024-09,0.0,0.546066481282006,0.546066481282006
U016,Shopping,2024-10,0.0,2.333290691765697,2.333290691765697
U016,Shopping,2024-11,826.3,1.6742505422440779,824.6257494577559
U016,Transport,2024-02,0.0,1.9866871986943244,1.9866871986943244
U016,Transport,2024-03,0.0,1.6569918167578055,1.6569918167578055
U016,Transport,2024-04,0.0,1.4756468194099863,1.4756468194099863
U016,Transport,2024-05,0.0,1.3411764251370029,1.3411764251370029
U016,Transport,2024-06,0.0,1.2467494947004258,1.2467494947004258
U016,Transport,2024-07,0.0,1.1507372701204015,1.1507372701204015
U016,Transport,2024-08,0.0,1.5415287071402988,1.5415287071402988
U016,Transport,2024-09,22224.0,1.6540408114498377,22222.34595918855
U017,Bills,2024-02,0.0,1.1626043656864948,1.1626043656864948
U017,Bills,2024-03,7677.0,2.949181490600317,7674.0508185093995
U017,Bills,2024-04,0.0,2.680221949144464,2.680221949144464
U017,Bills,2024-05,0.0,1.9723836476451035,1.9723836476451035
U017,Bills,2024-06,0.0,6.067389604417324,6.067389604417324
U017,Bills,2024-07,0.0,3.1529627114682706,3.1529627114682706
U017,Bills,2024-08,0.0,2.9311542028026207,2.9311542028026207
U017,Bills,2024-09,1501.0,2.802541497730425,1498.1974585022697
U017,Shopping,2023-04,500.0,1.622935799682319,498.3770642003177
U017,Shopping,2023-05,0.0,0.5325316014863302,0.5325316014863302
U017,Shopping,2023-06,0.0,1.5320180317873482,1.5320180317873482
U017,Shopping,2023-07,0.0,1.6662246397715599,1.6662246397715599
U017,Shopping,2023-08,0.0,1.8021512413813277,1.8021512413813277
U017,Shopping,2023-09,0.0,1.664443917937822,1.664443917937822
U017,Shopping,2023-10,794.22,2.046873845516607,792.1731261544834
U018,Food,2024-01,0.0,1.742605803779599,1.742605803779599
U018,Food,2024-02,0.0,1.78037315686798,1.78037315686798
U018,Food,2024-03,1575.0,2.0235869492415324,1572.9764130507585
U018,Food,2024-04,0.0,1.6980164328625111,1.6980164328625111
U018,Food,2024-05,0.0,1.0765525775020826,1.0765525775020826
U018,Food,2024-06,0.0,1.092598776670131,1.092598776670131
U018,Food,2024-07,0.0,1.4456610593873394,1.4456610593873394
U018,Food,2024-08,0.0,1.7781663363657025,1.7781663363657025
U018,Food,2024-09,3929.0,1.777211949598251,3927.222788050402
U018,Shopping,2023-08,0.0,1.8021512413813277,1.8021512413813277
U018,Shopping,2023-09,0.0,1.664443917937822,1.664443917937822
U018,Shopping,2023-10,0.0,2.046873845516607,2.046873845516607
U018,Shopping,2023-11,0.0,1.6742505422440779,1.6742505422440779
U018,Shopping,2023-12,0.0,1.703250397544633,1.703250397544633
U018,Shopping,2024-01,0.0,1.5772050409505152,1.5772050409505152
U018,Shopping,2024-02,0.0,1.5103530898038673,1.5103530898038673
U018,Shopping,2024-03,719.11,1.6125022340293254,717.4974977659707
U019,Bills,2023-10,0.0,13.144395836327691,13.144395836327691
U019,Bills,2023-11,0.0,0.8488266186193467,0.8488266186193467
U019,Bills,2023-12,0.0,3.1808002087834897,3.1808002087834897
U019,Bills,2024-01,0.0,3.4926114860631907,3.4926114860631907
U019,Bills,2024-02,0.0,2.1158642652680886,2.1158642652680886
U019,Bills,2024-03,0.0,2.949181490600317,2.949181490600317
U019,Bills,2024-04,0.0,2.9969170640958853,2.9969170640958853
U019,Bills,2024-05,1183.0,2.6237742603611762,1180.3762257396388
U019,Food,2024-05,0.0,1.8124233091935689,1.8124233091935689
U019,Food,2024-06,0.0,1.6476909972811056,1.6476909972811056
U019,Food,2024-07,0.0,1.4456610593873394,1.4456610593873394
U019,Food,2024-08,0.0,1.7781663363657025,1.7781663363657025
U019,Food,2024-09,3301.0,1.777211949598251,3299.222788050402
U019,Shopping,2024-02,0.0,1.5103530898038673,1.5103530898038673
U019,Shopping,2024-03,2426.32,1.6125022340293254,2424.707497765971
U019,Shopping,2024-04,0.0,0.3736870212677352,0.3736870212677352
U019,Shopping,2024-05,500.0,1.5762091435563494,498.42379085644365
U019,Shopping,2024-06,0.0,1.055174200603378,1.055174200603378
U019,Shopping,2024-07,0.0,3.2092026694384534,3.2092026694384534
U019,Shopping,2024-08,500.0,2.1678825054092594,497.83211749459076
U020,Bills,2023-09,47640.09999999999,2.802541497730425,47637.29745850226
U020,Bills,2023-10,0.0,2.091012783705522,2.091012783705522
U020,Bills,2023-11,0.0,65.30586476389222,65.30586476389222
U020,Bills,2023-12,0.0,0.7262233947167906,0.7262233947167906
U020,Bills,2024-01,0.0,3.4926114860631907,3.4926114860631907
U020,Bills,2024-02,0.0,2.1158642652680886,2.1158642652680886
U020,Bills,2024-03,8394.0,2.949181490600317,8391.0508185094
U020,Food,2024-04,0.0,1.9844451122178643,1.9844451122178643
U020,Food,2024-05,7279.0,1.6356447047143288,7277.364355295285
U020,Food,2024-06,0.0,0.3192194249845024,0.3192194249845024
U020,Food,2024-07,0.0,1.6123139046823147,1.6123139046823147
U020,Food,2024-08,0.0,0.949933430940288,0.949933430940288
U020,Food,2024-09,4871.0,1.777211949598251,4869.2227880504015
U020,Food,2024-10,518.0,0.2846453069485717,517.7153546930514
U020,Shopping,2024-02,0.0,1.5103530898038673,1.5103530898038673
U020,Shopping,2024-03,0.0,1.6125022340293254,1.6125022340293254
U020,Shopping,2024-04,0.0,1.622935799682319,1.622935799682319
U020,Shopping,2024-05,2036.53,1.4004335929177936,2035.1295664070822
U020,Shopping,2024-06,0.0,0.4126546190562866,0.4126546190562866
U020,Shopping,2024-07,0.0,2.602059499265388,2.602059499265388
U020,Shopping,2024-08,0.0,1.6543497860481517,1.6543497860481517
U020,Shopping,2024-09,1586.56,1.664443917937822,1584.895556082062
U020,Shopping,2024-10,500.0,0.5592513480618668,499.4407486519381
U020,Transport,2024-04,0.0,1.1696950117218887,1.1696950117218887
U020,Transport,2024-05,5953.0,1.3411764251370029,5951.658823574863
U020,Transport,2024-06,0.0,0.6647056318465534,0.6647056318465534
U020,Transport,2024-07,0.0,0.8471737564630164,0.8471737564630164
U020,Transport,2024-08,0.0,2.2566233067176964,2.2566233067176964
U020,Transport,2024-09,0.0,1.6540408114498377,1.6540408114498377
U020,Transport,2024-10,0.0,1.6909835725826596,1.6909835725826596
U020,Transport,2024-11,0.0,1.157861112543395,1.157861112543395
U020,Transport,2024-12,2329.0,1.8515011584818208,2327.148498841518
U021,Bills,2024-02,0.0,14.216018629004008,14.216018629004008
U021,Bills,2024-03,0.0,23.037178690962712,23.037178690962712
U021,Bills,2024-04,0.0,0.6275250132925745,0.6275250132925745
U021,Bills,2024-05,1263.0,2.6237742603611762,1260.3762257396388
U021,Food,2023-03,0.0,2.0235869492415324,2.0235869492415324
U021,Food,2023-04,0.0,1.9844451122178643,1.9844451122178643
U021,Food,2023-05,4698.0,1.6356447047143288,4696.364355295285
U021,Transport,2024-03,0.0,0.41509604629548486,0.41509604629548486
U021,Transport,2024-04,0.0,1.4756468194099863,1.4756468194099863
U021,Transport,2024-05,0.0,1.3411764251370029,1.3411764251370029
U021,Transport,2024-06,0.0,1.2467494947004258,1.2467494947004258
U021,Transport,2024-07,0.0,1.1507372701204015,1.1507372701204015
U021,Transport,2024-08,0.0,1.5415287071402988,1.5415287071402988
U021,Transport,2024-09,0.0,1.6540408114498377,1.6540408114498377
U021,Transport,2024-10,0.0,1.6909835725826596,1.6909835725826596
U021,Transport,2024-11,8573.0,1.157861112543395,8571.842138887456
U022,Bills,2024-03,0.0,2.949181490600317,2.949181490600317
U022,Bills,2024-04,0.0,2.9969170640958853,2.9969170640958853
U022,Bills,2024-05,0.0,2.6237742603611762,2.6237742603611762
U022,Bills,2024-06,47640.09999999999,3.2311581233654447,47636.868841876625
U022,Bills,2024-07,0.0,0.8182203144679023,0.8182203144679023
U022,Bills,2024-08,0.0,0.46050829355536316,0.46050829355536316
U022,Bills,2024-09,5455.0,10.865702558186664,5444.134297441813
U022,Bills,2024-10,0.0,2.7758836152380386,2.7758836152380386
U022,Bills,2024-11,1000.0,1.6088469441395472,998.3911530558604
U022,Entertainment,2024-04,0.0,0.6967808652490657,0.6967808652490657
U022,Entertainment,2024-05,0.0,0.48338714037991565,0.48338714037991565
U022,Entertainment,2024-06,0.0,0.6841403631402618,0.6841403631402618
U022,Entertainment,2024-07,0.0,1.0560113112551708,1.0560113112551708
U022,Entertainment,2024-08,1467.0,1.8969819601148328,1465.1030180398852
U022,Food,2023-08,2670.0,1.7781663363657025,2668.2218336636342
U022,Food,2023-09,0.0,0.2491098025592608,0.2491098025592608
U022,Food,2023-10,9413.0,1.2455292390068773,9411.754470760992
U022,Food,2023-11,0.0,0.5678080462695154,0.5678080462695154
U022,Food,2023-12,0.0,5.033650036196816,5.033650036196816
U022,Food,2024-01,0.0,1.0345625850121056,1.0345625850121056
U022,Food,2024-02,2612.0,1.78037315686798,2610.219626843132
U022,Shopping,2024-02,0.0,1.5103530898038673,1.5103530898038673
U022,Shopping,2024-03,0.0,1.6125022340293254,1.6125022340293254
U022,Shopping,2024-04,0.0,1.622935799682319,1.622935799682319
U022,Shopping,2024-05,0.0,1.4004335929177936,1.4004335929177936
U022,Shopping,2024-06,0.0,1.3086460102894746,1.3086460102894746
U022,Shopping,2024-07,0.0,1.3296454101124717,1.3296454101124717
U022,Shopping,2024-08,1011.02,1.8021512413813277,1009.2178487586186
U023,Bills,2024-01,0.0,0.8751072204308514,0.8751072204308514
U023,Bills,2024-02,0.0,2.1158642652680886,2.1158642652680886
U023,Bills,2024-03,0.0,2.949181490600317,2.949181490600317
U023,Bills,2024-04,0.0,2.9969170640958853,2.9969170640958853
U023,Bills,2024-05,0.0,2.6237742603611762,2.6237742603611762
U023,Bills,2024-06,9095.0,3.2311581233654447,9091.768841876634
U023,Food,2024-02,7702.0,3.9964222629576165,7698.003577737042
U023,Food,2024-03,4946.0,6.740850916491182,4939.259149083508
U023,Food,2024-04,0.0,4.882940519777884,4.882940519777884
U023,Food,2024-05,0.0,0.816265729413058,0.816265729413058
U023,Food,2024-06,0.0,0.7172568475830705,0.7172568475830705
U023,Food,2024-07,0.0,1.4456610593873394,1.4456610593873394
U023,Food,2024-08,0.0,1.7781663363657025,1.7781663363657025
U023,Food,2024-09,0.0,1.777211949598251,1.777211949598251
U023,Food,2024-10,1783.0,2.184604656446028,1780.815395343554
U023,Transport,2024-03,0.0,1.6569918167578055,1.6569918167578055
U023,Transport,2024-04,0.0,1.4756468194099863,1.4756468194099863
U023,Transport,2024-05,0.0,1.3411764251370029,1.3411764251370029
U023,Transport,2024-06,0.0,1.2467494947004258,1.2467494947004258
U023,Transport,2024-07,0.0,1.1507372701204015,1.1507372701204015
U023,Transport,2024-08,0.0,1.5415287071402988,1.5415287071402988
U023,Transport,2024-09,0.0,1.6540408114498377,1.6540408114498377
U023,Transport,2024-10,0.0,1.6909835725826596,1.6909835725826596
U023,Transport,2024-11,409.0,1.157861112543395,407.8421388874566
U024,Bills,2024-04,0.0,3.3980510130084216,3.3980510130084216
U024,Bills,2024-05,0.0,11.68720021815742,11.68720021815742
U024,Bills,2024-06,0.0,2.0492416785318994,2.0492416785318994
U024,Bills,2024-07,9635.0,3.1529627114682706,9631.847037288531
U024,Bills,2024-08,0.0,0.44262922751567874,0.44262922751567874
U024,Bills,2024-09,0.0,0.5458682891327598,0.5458682891327598
U024,Bills,2024-10,0.0,0.4718422366219099,0.4718422366219099
U024,Bills,2024-11,2657.0,3.1241614481098763,2653.87583855189
U024,Bills,2024-12,9497.0,1.9865689539572222,9495.013431046043
U024,Entertainment,2024-04,0.0,0.7112022831202338,0.7112022831202338
U024,Entertainment,2024-05,0.0,0.0971560821868113,0.0971560821868113
U024,Entertainment,2024-06,0.0,0.6841403631402618,0.6841403631402618
U024,Entertainment,2024-07,0.0,1.0560113112551708,1.0560113112551708
U024,Entertainment,2024-08,0.0,1.8969819601148328,1.8969819601148328
U024,Entertainment,2024-09,0.0,1.3519534554398889,1.3519534554398889
U024,Entertainment,2024-10,8882.0,1.3377460388348332,8880.662253961165
U024,Food,2024-03,8781.0,2.0235869492415324,8778.97641305076
U024,Food,2024-04,0.0,1.7278051751559826,1.7278051751559826
U024,Food,2024-05,0.0,9.969580450829254,9.969580450829254
U024,Food,2024-06,0.0,3.0072601531106296,3.0072601531106296
U024,Food,2024-07,0.0,1.4456610593873394,1.4456610593873394
U024,Food,2024-08,2768.0,1.7781663363657025,2766.2218336636342
U024,Food,2024-09,2265.0,0.24576701461125244,2264.7542329853886
U024,Shopping,2024-03,0.0,1.6125022340293254,1.6125022340293254
U024,Shopping,2024-04,0.0,1.622935799682319,1.622935799682319
U024,Shopping,2024-05,0.0,1.4004335929177936,1.4004335929177936
U024,Shopping,2024-06,0.0,1.3086460102894746,1.3086460102894746
U024,Shopping,2024-07,0.0,1.3296454101124717,1.3296454101124717
U024,Shopping,2024-08,0.0,1.8021512413813277,1.8021512413813277
U024,Shopping,2024-09,0.0,1.664443917937822,1.664443917937822
U024,Shopping,2024-10,4783.63,2.046873845516607,4781.583126154484
U025,Bills,2023-08,0.0,2.9311542028026207,2.9311542028026207
U025,Bills,2023-09,0.0,2.802541497730425,2.802541497730425
U025,Bills,2023-10,0.0,2.669782280269477,2.669782280269477
U025,Bills,2023-11,0.0,3.1241614481098763,3.1241614481098763
U025,Bills,2023-12,0.0,3.1808002087834897,3.1808002087834897
U025,Bills,2024-01,7195.0,3.4926114860631907,7191.507388513937
U025,Bills,2024-02,3838.0,1.4395020053442331,3836.5604979946556
U025,Transport,2023-06,0.0,1.2467494947004258,1.2467494947004258
U025,Transport,2023-07,0.0,1.1507372701204015,1.1507372701204015
U025,Transport,2023-08,0.0,1.5415287071402988,1.5415287071402988
U025,Transport,2023-09,1372.0,1.6540408114498377,1370.34595918855
U025,Transport,2023-10,7914.0,6.004072916190163,7907.99592708381
U025,Transport,2023-11,7031.0,0.5292365510963692,7030.470763448903
U026,Bills,2024-05,0.0,6.53325529197322,6.53325529197322
U026,Bills,2024-06,0.0,0.9261226475025621,0.9261226475025621
U026,Bills,2024-07,0.0,0.7370245663807251,0.7370245663807251
U026,Bills,2024-08,0.0,2.9311542028026207,2.9311542028026207
U026,Bills,2024-09,0.0,2.802541497730425,2.802541497730425
U026,Bills,2024-10,0.0,2.669782280269477,2.669782280269477
U026,Bills,2024-11,0.0,3.1241614481098763,3.1241614481098763
U026,Bills,2024-12,3550.0,3.1808002087834897,3546.8191997912163
U026,Food,2024-04,3646.0,0.6794318902950038,3645.320568109705
U026,Food,2024-05,0.0,6.953623411909608,6.953623411909608
U026,Food,2024-06,0.0,0.6538757427150081,0.6538757427150081
U026,Food,2024-07,3054.0,0.7504826922755028,3053.2495173077245
U026,Food,2024-08,0.0,0.5262137177850192,0.5262137177850192
U026,Food,2024-09,0.0,1.8820634245787544,1.8820634245787544
U026,Food,2024-10,0.0,9.45719221953406,9.45719221953406
U026,Food,2024-11,1239.0,1.8572302708777366,1237.1427697291222
U026,Shopping,2024-03,0.0,2.015866096824203,2.015866096824203
U026,Shopping,2024-04,0.0,2.1491994638140484,2.1491994638140484
U026,Shopping,2024-05,0.0,1.4004335929177936,1.4004335929177936
U026,Shopping,2024-06,0.0,1.3086460102894746,1.3086460102894746
U026,Shopping,2024-07,0.0,1.3296454101124717,1.3296454101124717
U026,Shopping,2024-08,0.0,1.8021512413813277,1.8021512413813277
U026,Shopping,2024-09,0.0,1.664443917937822,1.664443917937822
U026,Shopping,2024-10,2197.88,2.046873845516607,2195.8331261544836
U027,Bills,2024-02,0.0,2.951185339118554,2.951185339118554
U027,Bills,2024-03,0.0,15.924703207342592,15.924703207342592
U027,Bills,2024-04,9363.0,2.034056944789271,9360.965943055211
U027,Bills,2024-05,0.0,0.4666691193399218,0.4666691193399218
U027,Bills,2024-06,0.0,0.5767532408774112,0.5767532408774112
U027,Bills,2024-07,0.0,2.084448207922743,2.084448207922743
U027,Bills,2024-08,16602.0,2.9311542028026207,16599.0688457972
U027,Entertainment,2023-03,0.0,0.15645152015182295,0.15645152015182295
U027,Entertainment,2023-04,0.0,0.6967808652490657,0.6967808652490657
U027,Entertainment,2023-05,5174.0,0.48338714037991565,5173.51661285962
U027,Entertainment,2023-06,9028.0,0.1738112197814766,9027.826188780218
U027,Food,2023-11,151.0,0.36709029408238886,150.6329097059176
U027,Food,2023-12,0.0,2.3549182943572338,2.3549182943572338
U027,Food,2024-01,0.0,1.648046037896843,1.648046037896843
U027,Food,2024-02,0.0,3.2008954884881584,3.2008954884881584
U027,Food,2024-03,0.0,2.0235869492415324,2.0235869492415324
U027,Food,2024-04,0.0,1.9844451122178643,1.9844451122178643
U027,Food,2024-05,0.0,1.6356447047143288,1.6356447047143288
U027,Food,2024-06,6514.0,1.5112204884042004,6512.488779511596
U027,Shopping,2023-11,0.0,2.8546036728521877,2.8546036728521877
U027,Shopping,2023-12,0.0,2.622630352064287,2.622630352064287
U027,Shopping,2024-01,0.0,2.2737388312364706,2.2737388312364706
U027,Shopping,2024-02,0.0,1.5103530898038673,1.5103530898038673
U027,Shopping,2024-03,0.0,1.6125022340293254,1.6125022340293254
U027,Shopping,2024-04,0.0,1.622935799682319,1.622935799682319
U027,Shopping,2024-05,0.0,1.4004335929177936,1.4004335929177936
U027,Shopping,2024-06,1669.0,1.3086460102894746,1667.6913539897105
U028,Bills,2024-03,0.0,2.949181490600317,2.949181490600317
U028,Bills,2024-04,0.0,2.9969170640958853,2.9969170640958853
U028,Bills,2024-05,0.0,2.6237742603611762,2.6237742603611762
U028,Bills,2024-06,0.0,3.2311581233654447,3.2311581233654447
U028,Bills,2024-07,0.0,3.1529627114682706,3.1529627114682706
U028,Bills,2024-08,0.0,2.9311542028026207,2.9311542028026207
U028,Bills,2024-09,0.0,2.802541497730425,2.802541497730425
U028,Bills,2024-10,0.0,2.669782280269477,2.669782280269477
U028,Bills,2024-11,3355.0,3.1241614481098763,3351.87583855189
U028,Food,2024-05,0.0,1.2938109782974578,1.2938109782974578
U028,Food,2024-06,5177.0,1.1430746601747952,5175.8569253398255
U028,Food,2024-07,0.0,0.2652745921111669,0.2652745921111669
U028,Food,2024-08,0.0,0.6773728418769984,0.6773728418769984
U028,Food,2024-09,0.0,0.484478457404166,0.484478457404166
U028,Food,2024-10,0.0,2.184604656446028,2.184604656446028
U028,Food,2024-11,0.0,1.8572302708777366,1.8572302708777366
U028,Food,2024-12,4723.0,1.7589561936604499,4721.24104380634
U028,Health,2024-04,0.0,0.5110271646067504,0.5110271646067504
U028,Health,2024-05,0.0,2.426325084387797,2.426325084387797
U028,Health,2024-06,0.0,2.0761330805317253,2.0761330805317253
U028,Health,2024-07,0.0,0.3829880682658943,0.3829880682658943
U028,Health,2024-08,0.0,0.40834551294692806,0.40834551294692806
U028,Health,2024-09,2452.0,0.3600486075675168,2451.6399513924325
U028,Shopping,2023-12,0.0,2.36065455125493,2.36065455125493
U028,Shopping,2024-01,0.0,3.6018886357775353,3.6018886357775353
U028,Shopping,2024-02,0.0,1.5103530898038673,1.5103530898038673
U028,Shopping,2024-03,797.39,1.6125022340293254,795.7774977659707
U028,Shopping,2024-04,0.0,0.48751476599290927,0.48751476599290927
U028,Shopping,2024-05,0.0,1.387870548715867,1.387870548715867
U028,Shopping,2024-06,1532.15,0.9024662791028364,1531.2475337208973
U029,Bills,2024-04,0.0,2.9969170640958853,2.9969170640958853
U029,Bills,2024-05,0.0,2.6237742603611762,2.6237742603611762
U029,Bills,2024-06,0.0,3.2311581233654447,3.2311581233654447
U029,Bills,2024-07,0.0,3.1529627114682706,3.1529627114682706
U029,Bills,2024-08,0.0,2.9311542028026207,2.9311542028026207
U029,Bills,2024-09,0.0,2.802541497730425,2.802541497730425
U029,Bills,2024-10,0.0,2.669782280269477,2.669782280269477
U029,Bills,2024-11,0.0,3.1241614481098763,3.1241614481098763
U029,Bills,2024-12,9244.0,3.1808002087834897,9240.819199791216
U029,Food,2023-02,0.0,9.841686696147692,9.841686696147692
U029,Food,2023-03,0.0,0.39545811727095953,0.39545811727095953
U029,Food,2023-04,0.0,1.9844451122178643,1.9844451122178643
U029,Food,2023-05,0.0,1.6356447047143288,1.6356447047143288
U029,Food,2023-06,93.0,1.5112204884042004,91.4887795115958
U029,Shopping,2022-12,6085.979999999998,1.703250397544633,6084.2767496024535
U029,Shopping,2023-01,0.0,2.050411246266384,2.050411246266384
U029,Shopping,2023-02,0.0,0.6974607163828843,0.6974607163828843
U029,Shopping,2023-03,0.0,0.8131653758850259,0.8131653758850259
U029,Shopping,2023-04,5444.27,1.622935799682319,5442.647064200318
U030,Bills,2023-11,0.0,3.1241614481098763,3.1241614481098763
U030,Bills,2023-12,16289.0,3.1808002087834897,16285.819199791216
U030,Bills,2024-01,0.0,0.6863746007661322,0.6863746007661322
U030,Bills,2024-02,0.0,7.043765032471226,7.043765032471226
U030,Bills,2024-03,0.0,1.9627275327024685,1.9627275327024685
U030,Bills,2024-04,0.0,2.9969170640958853,2.9969170640958853
U030,Bills,2024-05,41993.0,2.6237742603611762,41990.37622573964
U030,Food,2023-03,2753.0,2.0235869492415324,2750.9764130507583
U030,Food,2023-04,0.0,0.45290082683229743,0.45290082683229743
U030,Food,2023-05,0.0,1.6217414991870904,1.6217414991870904
U030,Food,2023-06,0.0,1.2682132676912339,1.2682132676912339
U030,Food,2023-07,2004.0,1.4456610593873394,2002.5543389406128
U030,Shopping,2022-12,0.0,2.162999744035255,2.162999744035255
U030,Shopping,2023-01,0.0,2.2737388312364706,2.2737388312364706
U030,Shopping,2023-02,0.0,1.5103530898038673,1.5103530898038673
U030,Shopping,2023-03,836.57,1.6125022340293254,834.9574977659707
U030,Transport,2023-04,0.0,3.6772018593843683,3.6772018593843683
U030,Transport,2023-05,6900.0,1.3411764251370029,6898.658823574863
U030,Transport,2023-06,1640.0,0.6111356951977185,1639.3888643048024
U031,Bills,2023-05,0.0,2.6237742603611762,2.6237742603611762
U031,Bills,2023-06,41676.0,3.2311581233654447,41672.768841876634
U031,Bills,2023-07,0.0,0.7168995488405032,0.7168995488405032
U031,Bills,2023-08,0.0,0.17919915900650107,0.17919915900650107
U031,Bills,2023-09,1257.0,0.5239977908419471,1256.476002209158
U031,Food,2024-03,0.0,2.0235869492415324,2.0235869492415324
U031,Food,2024-04,0.0,1.9844451122178643,1.9844451122178643
U031,Food,2024-05,0.0,1.6356447047143288,1.6356447047143288
U031,Food,2024-06,0.0,1.5112204884042004,1.5112204884042004
U031,Food,2024-07,0.0,1.4456610593873394,1.4456610593873394
U031,Food,2024-08,8167.0,1.7781663363657025,8165.221833663634
U031,Food,2024-09,0.0,0.3528475665320039,0.3528475665320039
U031,Food,2024-10,4973.0,3.824656152583259,4969.175343847417
U031,Food,2024-11,7126.0,0.5938839846067663,7125.406116015393
U031,Shopping,2024-04,0.0,1.622935799682319,1.622935799682319
U031,Shopping,2024-05,0.0,1.4004335929177936,1.4004335929177936
U031,Shopping,2024-06,0.0,1.3086460102894746,1.3086460102894746
U031,Shopping,2024-07,0.0,1.3296454101124717,1.3296454101124717
U031,Shopping,2024-08,0.0,1.8021512413813277,1.8021512413813277
U031,Shopping,2024-09,0.0,1.664443917937822,1.664443917937822
U031,Shopping,2024-10,1589.21,2.046873845516607,1587.1631261544835
U031,Shopping,2024-11,2503.83,0.4369850311423178,2503.3930149688576
U032,Bills,2022-10,0.0,2.669782280269477,2.669782280269477
U032,Bills,2022-11,0.0,3.1241614481098763,3.1241614481098763
U032,Bills,2022-12,32595.0,3.1808002087834897,32591.819199791218
U032,Entertainment,2023-09,0.0,1.3519534554398889,1.3519534554398889
U032,Entertainment,2023-10,0.0,1.3377460388348332,1.3377460388348332
U032,Entertainment,2023-11,0.0,1.2204648306410655,1.2204648306410655
U032,Entertainment,2023-12,0.0,0.25948874456544024,0.25948874456544024
U032,Entertainment,2024-01,0.0,2.309442154372805,2.309442154372805
U032,Entertainment,2024-02,8312.0,1.046060205624292,8310.953939794375
U032,Entertainment,2024-03,0.0,1.0047578814064355,1.0047578814064355
U032,Entertainment,2024-04,7397.0,0.6834132581767971,7396.316586741823
U032,Food,2023-03,3445.0,2.0235869492415324,3442.9764130507583
U032,Food,2023-04,0.0,1.6166378294680732,1.6166378294680732
U032,Food,2023-05,0.0,1.6659943662598309,1.6659943662598309
U032,Food,2023-06,3272.0,0.8370993477289179,3271.162900652271
U032,Shopping,2023-09,0.0,0.9996582951329243,0.9996582951329243
U032,Shopping,2023-10,0.0,2.046873845516607,2.046873845516607
U032,Shopping,2023-11,0.0,1.6742505422440779,1.6742505422440779
U032,Shopping,2023-12,0.0,1.703250397544633,1.703250397544633
U032,Shopping,2024-01,0.0,1.5772050409505152,1.5772050409505152
U032,Shopping,2024-02,6085.979999999998,1.5103530898038673,6084.469646910194
U032,Transport,2024-03,0.0,1.6569918167578055,1.6569918167578055
U032,Transport,2024-04,3208.0,1.4756468194099863,3206.52435318059
U032,Transport,2024-05,0.0,0.5470444759104844,0.5470444759104844
U032,Transport,2024-06,0.0,0.8795927603780833,0.8795927603780833
U032,Transport,2024-07,0.0,0.6180119642746524,0.6180119642746524
U032,Transport,2024-08,0.0,1.5415287071402988,1.5415287071402988
U032,Transport,2024-09,0.0,1.6540408114498377,1.6540408114498377
U032,Transport,2024-10,6385.0,1.6909835725826596,6383.309016427417
U033,Bills,2024-04,1000.0,2.9969170640958853,997.0030829359041
U033,Bills,2024-05,0.0,3.016200245079818,3.016200245079818
U033,Bills,2024-06,0.0,30.79198407670632,30.79198407670632
U033,Bills,2024-07,0.0,3.8924684625357964,3.8924684625357964
U033,Bills,2024-08,0.0,2.9311542028026207,2.9311542028026207
U033,Bills,2024-09,0.0,2.802541497730425,2.802541497730425
U033,Bills,2024-10,0.0,2.669782280269477,2.669782280269477
U033,Bills,2024-11,0.0,3.1241614481098763,3.1241614481098763
U033,Bills,2024-12,47640.09999999999,3.1808002087834897,47636.919199791206
U033,Entertainment,2024-02,0.0,0.08616065245916829,0.08616065245916829
U033,Entertainment,2024-03,0.0,0.003082662907873809,0.003082662907873809
U033,Entertainment,2024-04,0.0,0.6967808652490657,0.6967808652490657
U033,Entertainment,2024-05,0.0,0.48338714037991565,0.48338714037991565
U033,Entertainment,2024-06,0.0,0.6841403631402618,0.6841403631402618
U033,Entertainment,2024-07,0.0,1.0560113112551708,1.0560113112551708
U033,Entertainment,2024-08,0.0,1.8969819601148328,1.8969819601148328
U033,Entertainment,2024-09,0.0,1.3519534554398889,1.3519534554398889
U033,Entertainment,2024-10,4139.0,1.3377460388348332,4137.662253961165
U033,Food,2024-03,0.0,2.0235869492415324,2.0235869492415324
U033,Food,2024-04,0.0,1.9844451122178643,1.9844451122178643
U033,Food,2024-05,0.0,1.6356447047143288,1.6356447047143288
U033,Food,2024-06,0.0,1.5112204884042004,1.5112204884042004
U033,Food,2024-07,4268.0,1.4456610593873394,4266.554338940613
U033,Food,2024-08,0.0,0.29817454589047676,0.29817454589047676
U033,Food,2024-09,3000.0,2.2507074985925444,2997.7492925014076
U033,Shopping,2024-02,0.0,2.0475222236262693,2.0475222236262693
U033,Shopping,2024-03,0.0,0.5158527428218218,0.5158527428218218
U033,Shopping,2024-04,0.0,1.622935799682319,1.622935799682319
U033,Shopping,2024-05,0.0,1.4004335929177936,1.4004335929177936
U033,Shopping,2024-06,0.0,1.3086460102894746,1.3086460102894746
U033,Shopping,2024-07,0.0,1.3296454101124717,1.3296454101124717
U033,Shopping,2024-08,0.0,1.8021512413813277,1.8021512413813277
U033,Shopping,2024-09,0.0,1.664443917937822,1.664443917937822
U033,Shopping,2024-10,2169.64,2.046873845516607,2167.5931261544833
U033,Transport,2024-05,0.0,1.3411764251370029,1.3411764251370029
U033,Transport,2024-06,0.0,1.2467494947004258,1.2467494947004258
U033,Transport,2024-07,0.0,1.1507372701204015,1.1507372701204015
U033,Transport,2024-08,0.0,1.5415287071402988,1.5415287071402988
U033,Transport,2024-09,0.0,1.6540408114498377,1.6540408114498377
U033,Transport,2024-10,0.0,1.6909835725826596,1.6909835725826596
U033,Transport,2024-11,7614.0,1.157861112543395,7612.842138887457
U034,Bills,2024-05,2880.0,0.663606975741813,2879.336393024258
U034,Bills,2024-06,0.0,1.9906824283366453,1.9906824283366453
U034,Bills,2024-07,0.0,4.2502768132281945,4.2502768132281945
U034,Bills,2024-08,0.0,7.876871028469834,7.876871028469834
U034,Bills,2024-09,3551.0,2.802541497730425,3548.1974585022695
U034,Bills,2024-10,0.0,1.9170976121192687,1.9170976121192687
U034,Bills,2024-11,6340.0,1.5265735351026737,6338.473426464897
U034,Bills,2024-12,19127.0,0.9210548598473678,19126.078945140154
U034,Food,2023-09,0.0,1.777211949598251,1.777211949598251
U034,Food,2023-10,0.0,2.184604656446028,2.184604656446028
U034,Food,2023-11,2072.0,1.8572302708777366,2070.1427697291224
U034,Food,2023-12,0.0,2.993267559300238,2.993267559300238
U034,Food,2024-01,0.0,1.8862722697297625,1.8862722697297625
U034,Food,2024-02,4193.0,6.8253387715690765,4186.1746612284305
U034,Shopping,2023-08,0.0,1.8021512413813277,1.8021512413813277
U034,Shopping,2023-09,0.0,1.664443917937822,1.664443917937822
U034,Shopping,2023-10,0.0,2.046873845516607,2.046873845516607
U034,Shopping,2023-11,596.53,1.6742505422440779,594.8557494577559
U034,Shopping,2023-12,0.0,1.6053897070365832,1.6053897070365832
U034,Shopping,2024-01,0.0,1.8204313402127217,1.8204313402127217
U034,Shopping,2024-02,1730.75,5.1913398742969035,1725.558660125703
U035,Bills,2024-01,0.0,3.4926114860631907,3.4926114860631907
U035,Bills,2024-02,0.0,2.1158642652680886,2.1158642652680886
U035,Bills,2024-03,0.0,2.949181490600317,2.949181490600317
U035,Bills,2024-04,0.0,2.9969170640958853,2.9969170640958853
U035,Bills,2024-05,0.0,2.6237742603611762,2.6237742603611762
U035,Bills,2024-06,1737.0,3.2311581233654447,1733.7688418766345
U035,Food,2024-02,0.0,1.78037315686798,1.78037315686798
U035,Food,2024-03,0.0,2.0235869492415324,2.0235869492415324
U035,Food,2024-04,0.0,1.9844451122178643,1.9844451122178643
U035,Food,2024-05,0.0,1.6356447047143288,1.6356447047143288
U035,Food,2024-06,0.0,1.5112204884042004,1.5112204884042004
U035,Food,2024-07,0.0,1.4456610593873394,1.4456610593873394
U035,Food,2024-08,1714.0,1.7781663363657025,1712.2218336636342
U035,Shopping,2024-02,0.0,1.5103530898038673,1.5103530898038673
U035,Shopping,2024-03,0.0,1.6125022340293254,1.6125022340293254
U035,Shopping,2024-04,0.0,1.622935799682319,1.622935799682319
U035,Shopping,2024-05,0.0,1.4004335929177936,1.4004335929177936
U035,Shopping,2024-06,0.0,1.3086460102894746,1.3086460102894746
U035,Shopping,2024-07,0.0,1.3296454101124717,1.3296454101124717
U035,Shopping,2024-08,588.49,1.8021512413813277,586.6878487586187
U035,Transport,2023-07,0.0,2.543984211213656,2.543984211213656
U035,Transport,2023-08,0.0,2.4119387313009324,2.4119387313009324
U035,Transport,2023-09,0.0,1.6540408114498377,1.6540408114498377
U035,Transport,2023-10,0.0,1.6909835725826596,1.6909835725826596
U035,Transport,2023-11,0.0,1.157861112543395,1.157861112543395
U035,Transport,2023-12,3965.0,1.8515011584818208,3963.148498841518
U036,Bills,2023-09,0.0,2.2675760817300343,2.2675760817300343
U036,Bills,2023-10,3255.0,1.2208849856307111,3253.7791150143694
U036,Bills,2023-11,1872.0,1.4632166404307174,1870.5367833595692
U036,Bills,2023-12,0.0,1.2511958225932993,1.2511958225932993
U036,Bills,2024-01,0.0,11.515146113124683,11.515146113124683
U036,Bills,2024-02,2581.0,2.785270978846489,2578.2147290211533
U036,Bills,2024-03,0.0,1.198870787271693,1.198870787271693
U036,Bills,2024-04,6377.0,4.125460930392019,6372.874539069608
U036,Entertainment,2023-12,0.0,0.25948874456544024,0.25948874456544024
U036,Entertainment,2024-01,4892.0,2.309442154372805,4889.690557845627
U036,Entertainment,2024-02,0.0,2.182119143422294,2.182119143422294
U036,Entertainment,2024-03,0.0,5.0835567958017105,5.0835567958017105
U036,Entertainment,2024-04,0.0,0.7209805752430665,0.7209805752430665
U036,Entertainment,2024-05,0.0,0.48338714037991565,0.48338714037991565
U036,Entertainment,2024-06,9742.0,0.6841403631402618,9741.31585963686
U036,Entertainment,2024-07,9752.0,0.18238509240723544,9751.817614907593
U036,Food,2024-02,0.0,1.78037315686798,1.78037315686798
U036,Food,2024-03,0.0,2.0235869492415324,2.0235869492415324
U036,Food,2024-04,6862.0,1.9844451122178643,6860.015554887782
U036,Food,2024-05,0.0,0.5393330759500292,0.5393330759500292
U036,Food,2024-06,0.0,1.8056215758114802,1.8056215758114802
U036,Food,2024-07,4088.0,7.617085038299962,4080.3829149617
U036,Food,2024-08,0.0,0.339012382656304,0.339012382656304
U036,Food,2024-09,1416.0,1.8016635436040271,1414.198336456396
U036,Shopping,2023-12,0.0,4.846185679225971,4.846185679225971
U036,Shopping,2024-01,3028.81,1.4193635527280968,3027.390636447272
U036,Shopping,2024-02,500.0,1.5967817855950388,498.40321821440494
U036,Shopping,2024-03,0.0,2.528785237674462,2.528785237674462
U036,Shopping,2024-04,2067.29,1.2355911939838418,2066.054408806016
U036,Shopping,2024-05,0.0,0.49486316372249567,0.49486316372249567
U036,Shopping,2024-06,5023.92,1.615110471684301,5022.3048895283155
U036,Shopping,2024-07,5316.86,16.90412011056866,5299.955879889431
U036,Transport,2023-07,0.0,1.1507372701204015,1.1507372701204015
U036,Transport,2023-08,0.0,1.5415287071402988,1.5415287071402988
U036,Transport,2023-09,0.0,1.6540408114498377,1.6540408114498377
U036,Transport,2023-10,0.0,1.6909835725826596,1.6909835725826596
U036,Transport,2023-11,8112.0,1.157861112543395,8110.842138887457
U037,Bills,2024-07,0.0,7.471071102551598,7.471071102551598
U037,Bills,2024-08,2705.0,7.459675568477879,2697.540324431522
U037,Bills,2024-09,0.0,0.42592543753878753,0.42592543753878753
U037,Bills,2024-10,6102.0,5.329857567346459,6096.670142432654
U037,Bills,2024-11,0.0,0.8126345438039526,0.8126345438039526
U037,Bills,2024-12,386.0,3.7576666990090057,382.242333300991
U037,Entertainment,2023-09,0.0,1.3519534554398889,1.3519534554398889
U037,Entertainment,2023-10,0.0,1.3377460388348332,1.3377460388348332
U037,Entertainment,2023-11,1896.0,1.2204648306410655,1894.779535169359
U037,Entertainment,2023-12,6805.0,0.7539970925451003,6804.246002907455
U037,Food,2023-12,0.0,0.6651695245920555,0.6651695245920555
U037,Food,2024-01,0.0,1.742605803779599,1.742605803779599
U037,Food,2024-02,0.0,1.78037315686798,1.78037315686798
U037,Food,2024-03,0.0,2.0235869492415324,2.0235869492415324
U037,Food,2024-04,0.0,1.9844451122178643,1.9844451122178643
U037,Food,2024-05,0.0,1.6356447047143288,1.6356447047143288
U037,Food,2024-06,3840.0,1.5112204884042004,3838.488779511596
U037,Shopping,2024-05,0.0,1.4004335929177936,1.4004335929177936
U037,Shopping,2024-06,500.0,1.3086460102894746,498.69135398971054
U037,Shopping,2024-07,0.0,0.5306316364098147,0.5306316364098147
U037,Shopping,2024-08,500.0,2.4544381221505085,497.5455618778495
U037,Shopping,2024-09,0.0,0.9229064919516208,0.9229064919516208
U037,Shopping,2024-10,500.0,2.4161274721986623,497.58387252780136
U037,Transport,2024-02,0.0,1.9866871986943244,1.9866871986943244
U037,Transport,2024-03,0.0,1.6569918167578055,1.6569918167578055
U037,Transport,2024-04,5405.0,1.4756468194099863,5403.52435318059
U037,Transport,2024-05,5004.0,1.8766735214638035,5002.123326478536
U037,Transport,2024-06,0.0,1.8493602945447387,1.8493602945447387
U037,Transport,2024-07,2608.0,0.49249293662336996,2607.5075070633766
U038,Bills,2024-04,0.0,2.4833407636293923,2.4833407636293923
U038,Bills,2024-05,3872.0,1.580301399478747,3870.4196986005213
U038,Bills,2024-06,0.0,1.4906197195578028,1.4906197195578028
U038,Bills,2024-07,0.0,3.8639049097697153,3.8639049097697153
U038,Bills,2024-08,0.0,1.6782104255702057,1.6782104255702057
U038,Bills,2024-09,0.0,2.802541497730425,2.802541497730425
U038,Bills,2024-10,3710.0,2.669782280269477,3707.3302177197306
U038,Bills,2024-11,0.0,1.1177650409076927,1.1177650409076927
U038,Bills,2024-12,42615.0,1.4072443193554993,42613.59275568064
U038,Entertainment,2024-03,0.0,0.6664960178633292,0.6664960178633292
U038,Entertainment,2024-04,0.0,0.6967808652490657,0.6967808652490657
U038,Entertainment,2024-05,0.0,0.48338714037991565,0.48338714037991565
U038,Entertainment,2024-06,0.0,0.6841403631402618,0.6841403631402618
U038,Entertainment,2024-07,0.0,1.0560113112551708,1.0560113112551708
U038,Entertainment,2024-08,0.0,1.8969819601148328,1.8969819601148328
U038,Entertainment,2024-09,5813.0,1.3519534554398889,5811.64804654456
U038,Food,2024-04,0.0,2.2146108863991825,2.2146108863991825
U038,Food,2024-05,883.0,1.6356447047143288,881.3643552952857
U038,Food,2024-06,0.0,0.6131355310229969,0.6131355310229969
U038,Food,2024-07,0.0,1.8527270740531696,1.8527270740531696
U038,Food,2024-08,0.0,1.3268979658068987,1.3268979658068987
U038,Food,2024-09,0.0,1.777211949598251,1.777211949598251
U038,Food,2024-10,0.0,2.184604656446028,2.184604656446028
U038,Food,2024-11,0.0,1.8572302708777366,1.8572302708777366
U038,Food,2024-12,3301.0,1.7589561936604499,3299.2410438063393
U038,Shopping,2024-03,0.0,0.9591720752304271,0.9591720752304271
U038,Shopping,2024-04,0.0,1.1812887880889908,1.1812887880889908
U038,Shopping,2024-05,0.0,1.4004335929177936,1.4004335929177936
U038,Shopping,2024-06,0.0,1.3086460102894746,1.3086460102894746
U038,Shopping,2024-07,0.0,1.3296454101124717,1.3296454101124717
U038,Shopping,2024-08,0.0,1.8021512413813277,1.8021512413813277
U038,Shopping,2024-09,2652.05,1.664443917937822,2650.3855560820625
U038,Transport,2024-04,0.0,0.5001154812393189,0.5001154812393189
U038,Transport,2024-05,0.0,1.407261083035467,1.407261083035467
U038,Transport,2024-06,0.0,2.2419623506183184,2.2419623506183184
U038,Transport,2024-07,0.0,1.1507372701204015,1.1507372701204015
U038,Transport,2024-08,2825.0,1.5415287071402988,2823.4584712928595
U038,Transport,2024-09,9238.0,0.24366411676138205,9237.75633588324
U038,Transport,2024-10,0.0,2.2022745721053263,2.2022745721053263
U038,Transport,2024-11,6835.0,2.9997521500975317,6832.000247849903
U039,Bills,2023-10,0.0,2.567026262393952,2.567026262393952
U039,Bills,2023-11,0.0,3.1241614481098763,3.1241614481098763
U039,Bills,2023-12,0.0,3.1808002087834897,3.1808002087834897
U039,Bills,2024-01,0.0,3.4926114860631907,3.4926114860631907
U039,Bills,2024-02,0.0,2.1158642652680886,2.1158642652680886
U039,Bills,2024-03,0.0,2.949181490600317,2.949181490600317
U039,Bills,2024-04,4081.0,2.9969170640958853,4078.0030829359043
U039,Food,2024-04,0.0,0.15965247431735397,0.15965247431735397
U039,Food,2024-05,0.0,1.8483579270929806,1.8483579270929806
U039,Food,2024-06,0.0,0.8151932729152209,0.8151932729152209
U039,Food,2024-07,0.0,1.4456610593873394,1.4456610593873394
U039,Food,2024-08,11122.0,1.7781663363657025,11120.221833663634
U039,Food,2024-09,0.0,0.6866353294235534,0.6866353294235534
U039,Food,2024-10,0.0,0.8009722660192935,0.8009722660192935
U039,Food,2024-11,0.0,1.7081551396494215,1.7081551396494215
U039,Food,2024-12,1476.0,1.7589561936604499,1474.2410438063396
U039,Shopping,2024-04,0.0,1.622935799682319,1.622935799682319
U039,Shopping,2024-05,0.0,1.4004335929177936,1.4004335929177936
U039,Shopping,2024-06,0.0,1.3086460102894746,1.3086460102894746
U039,Shopping,2024-07,0.0,1.3296454101124717,1.3296454101124717
U039,Shopping,2024-08,0.0,1.8021512413813277,1.8021512413813277
U039,Shopping,2024-09,0.0,1.664443917937822,1.664443917937822
U039,Shopping,2024-10,0.0,2.046873845516607,2.046873845516607
U039,Shopping,2024-11,0.0,1.6742505422440779,1.6742505422440779
U039,Shopping,2024-12,500.0,1.703250397544633,498.29674960245535
U039,Transport,2024-04,0.0,0.3504200559699486,0.3504200559699486
U039,Transport,2024-05,0.0,1.0622065531516114,1.0622065531516114
U039,Transport,2024-06,0.0,2.4689375223546444,2.4689375223546444
U039,Transport,2024-07,0.0,1.1507372701204015,1.1507372701204015
U039,Transport,2024-08,0.0,1.5415287071402988,1.5415287071402988
U039,Transport,2024-09,0.0,1.6540408114498377,1.6540408114498377
U039,Transport,2024-10,22224.0,1.6909835725826596,22222.309016427418
U039,Transport,2024-11,222.0,30.964781823176374,191.03521817682363
U040,Bills,2024-06,0.0,3.2311581233654447,3.2311581233654447
U040,Bills,2024-07,0.0,3.1529627114682706,3.1529627114682706
U040,Bills,2024-08,0.0,2.9311542028026207,2.9311542028026207
U040,Bills,2024-09,0.0,2.802541497730425,2.802541497730425
U040,Bills,2024-10,0.0,2.669782280269477,2.669782280269477
U040,Bills,2024-11,0.0,3.1241614481098763,3.1241614481098763
U040,Bills,2024-12,6183.0,3.1808002087834897,6179.819199791216
U040,Food,2023-06,0.0,1.5112204884042004,1.5112204884042004
U040,Food,2023-07,0.0,1.4456610593873394,1.4456610593873394
U040,Food,2023-08,0.0,1.7781663363657025,1.7781663363657025
U040,Food,2023-09,0.0,1.777211949598251,1.777211949598251
U040,Food,2023-10,5779.0,2.184604656446028,5776.815395343554
U040,Shopping,2023-05,0.0,1.4004335929177936,1.4004335929177936
U040,Shopping,2023-06,0.0,1.3086460102894746,1.3086460102894746
U040,Shopping,2023-07,0.0,1.3296454101124717,1.3296454101124717
U040,Shopping,2023-08,0.0,1.8021512413813277,1.8021512413813277
U040,Shopping,2023-09,0.0,1.664443917937822,1.664443917937822
U040,Shopping,2023-10,1662.91,2.046873845516607,1660.8631261544836
U041,Bills,2023-09,0.0,2.802541497730425,2.802541497730425
U041,Bills,2023-10,0.0,2.669782280269477,2.669782280269477
U041,Bills,2023-11,0.0,3.1241614481098763,3.1241614481098763
U041,Bills,2023-12,0.0,3.1808002087834897,3.1808002087834897
U041,Bills,2024-01,0.0,3.4926114860631907,3.4926114860631907
U041,Bills,2024-02,0.0,2.1158642652680886,2.1158642652680886
U041,Bills,2024-03,0.0,2.949181490600317,2.949181490600317
U041,Bills,2024-04,122.0,2.9969170640958853,119.00308293590412
U041,Food,2023-02,0.0,1.78037315686798,1.78037315686798
U041,Food,2023-03,0.0,2.0235869492415324,2.0235869492415324
U041,Food,2023-04,0.0,1.9844451122178643,1.9844451122178643
U041,Food,2023-05,0.0,1.6356447047143288,1.6356447047143288
U041,Food,2023-06,3576.0,1.5112204884042004,3574.488779511596
U041,Shopping,2023-03,0.0,1.6125022340293254,1.6125022340293254
U041,Shopping,2023-04,0.0,1.622935799682319,1.622935799682319
U041,Shopping,2023-05,0.0,1.4004335929177936,1.4004335929177936
U041,Shopping,2023-06,1038.85,1.3086460102894746,1037.5413539897104
U042,Bills,2024-06,0.0,3.2311581233654447,3.2311581233654447
U042,Bills,2024-07,0.0,3.1529627114682706,3.1529627114682706
U042,Bills,2024-08,0.0,2.9311542028026207,2.9311542028026207
U042,Bills,2024-09,1000.0,2.802541497730425,997.1974585022696
U042,Bills,2024-10,5511.0,2.690453427969132,5508.309546572031
U042,Bills,2024-11,0.0,4.255006965588365,4.255006965588365
U042,Bills,2024-12,5337.0,3.1897413471045937,5333.810258652896
U042,Food,2023-12,0.0,1.7589561936604499,1.7589561936604499
U042,Food,2024-01,0.0,1.742605803779599,1.742605803779599
U042,Food,2024-02,0.0,1.78037315686798,1.78037315686798
U042,Food,2024-03,7853.0,2.0235869492415324,7850.976413050758
U042,Food,2024-04,0.0,0.5034536755871624,0.5034536755871624
U042,Food,2024-05,0.0,1.6330805877668682,1.6330805877668682
U042,Food,2024-06,0.0,3.82105559191701,3.82105559191701
U042,Food,2024-07,706.0,1.4456610593873394,704.5543389406126
U042,Shopping,2023-12,0.0,1.703250397544633,1.703250397544633
U042,Shopping,2024-01,0.0,1.5772050409505152,1.5772050409505152
U042,Shopping,2024-02,0.0,1.5103530898038673,1.5103530898038673
U042,Shopping,2024-03,2356.97,1.6125022340293254,2355.3574977659705
U042,Shopping,2024-04,0.0,0.38259843727368237,0.38259843727368237
U042,Shopping,2024-05,0.0,1.0682914483298722,1.0682914483298722
U042,Shopping,2024-06,0.0,1.0369435620648457,1.0369435620648457
U042,Shopping,2024-07,500.0,1.3296454101124717,498.67035458988755
U042,Transport,2024-02,0.0,1.9866871986943244,1.9866871986943244
U042,Transport,2024-03,0.0,1.6569918167578055,1.6569918167578055
U042,Transport,2024-04,0.0,1.4756468194099863,1.4756468194099863
U042,Transport,2024-05,0.0,1.3411764251370029,1.3411764251370029
U042,Transport,2024-06,0.0,1.2467494947004258,1.2467494947004258
U042,Transport,2024-07,0.0,1.1507372701204015,1.1507372701204015
U042,Transport,2024-08,8564.0,1.5415287071402988,8562.458471292859
U043,Bills,2024-03,0.0,2.949181490600317,2.949181490600317
U043,Bills,2024-04,0.0,2.9969170640958853,2.9969170640958853
U043,Bills,2024-05,0.0,2.6237742603611762,2.6237742603611762
U043,Bills,2024-06,0.0,3.2311581233654447,3.2311581233654447
U043,Bills,2024-07,0.0,3.1529627114682706,3.1529627114682706
U043,Bills,2024-08,0.0,2.9311542028026207,2.9311542028026207
U043,Bills,2024-09,0.0,2.802541497730425,2.802541497730425
U043,Bills,2024-10,0.0,2.669782280269477,2.669782280269477
U043,Bills,2024-11,44120.0,3.1241614481098763,44116.87583855189
U043,Food,2023-05,0.0,1.6356447047143288,1.6356447047143288
U043,Food,2023-06,0.0,1.5112204884042004,1.5112204884042004
U043,Food,2023-07,12248.0,1.4456610593873394,12246.554338940612
U043,Food,2023-08,0.0,3.2221111985794044,3.2221111985794044
U043,Food,2023-09,0.0,0.6139497209134805,0.6139497209134805
U043,Food,2023-10,4273.0,0.7605384652820173,4272.239461534718
U043,Shopping,2023-05,0.0,1.4004335929177936,1.4004335929177936
U043,Shopping,2023-06,0.0,1.3086460102894746,1.3086460102894746
U043,Shopping,2023-07,787.98,1.3296454101124717,786.6503545898876
U044,Bills,2024-04,0.0,2.327285413271252,2.327285413271252
U044,Bills,2024-05,0.0,2.6237742603611762,2.6237742603611762
U044,Bills,2024-06,0.0,3.2311581233654447,3.2311581233654447
U044,Bills,2024-07,0.0,3.1529627114682706,3.1529627114682706
U044,Bills,2024-08,0.0,2.9311542028026207,2.9311542028026207
U044,Bills,2024-09,0.0,2.802541497730425,2.802541497730425
U044,Bills,2024-10,0.0,2.669782280269477,2.669782280269477
U044,Bills,2024-11,0.0,3.1241614481098763,3.1241614481098763
U044,Bills,2024-12,4494.0,3.1808002087834897,4490.819199791216
U044,Food,2023-08,0.0,1.4063910213994735,1.4063910213994735
U044,Food,2023-09,0.0,1.777211949598251,1.777211949598251
U044,Food,2023-10,0.0,2.184604656446028,2.184604656446028
U044,Food,2023-11,0.0,1.8572302708777366,1.8572302708777366
U044,Food,2023-12,0.0,1.7589561936604499,1.7589561936604499
U044,Food,2024-01,3890.0,1.742605803779599,3888.2573941962205
U044,Shopping,2023-11,0.0,1.6742505422440779,1.6742505422440779
U044,Shopping,2023-12,0.0,1.703250397544633,1.703250397544633
U044,Shopping,2024-01,500.0,1.5772050409505152,498.4227949590495
U044,Shopping,2024-02,0.0,1.4453591275473099,1.4453591275473099
U044,Shopping,2024-03,0.0,2.015866096824203,2.015866096824203
U044,Shopping,2024-04,0.0,2.1491994638140484,2.1491994638140484
U044,Shopping,2024-05,6085.979999999998,1.4004335929177936,6084.57956640708
U045,Bills,2024-03,0.0,2.949181490600317,2.949181490600317
U045,Bills,2024-04,0.0,2.9969170640958853,2.9969170640958853
U045,Bills,2024-05,0.0,2.6237742603611762,2.6237742603611762
U045,Bills,2024-06,0.0,3.2311581233654447,3.2311581233654447
U045,Bills,2024-07,0.0,3.1529627114682706,3.1529627114682706
U045,Bills,2024-08,0.0,2.9311542028026207,2.9311542028026207
U045,Bills,2024-09,3834.0,2.802541497730425,3831.1974585022695
U045,Bills,2024-10,4682.0,1.5048761889792464,4680.495123811021
U045,Bills,2024-11,7918.0,0.5100093991557708,7917.489990600844
U045,Food,2023-08,0.0,1.7781663363657025,1.7781663363657025
U045,Food,2023-09,0.0,1.777211949598251,1.777211949598251
U045,Food,2023-10,0.0,2.184604656446028,2.184604656446028
U045,Food,2023-11,0.0,1.8572302708777366,1.8572302708777366
U045,Food,2023-12,0.0,1.7589561936604499,1.7589561936604499
U045,Food,2024-01,0.0,1.742605803779599,1.742605803779599
U045,Food,2024-02,1942.0,1.78037315686798,1940.2196268431321
U045,Shopping,2023-10,0.0,2.4161274721986623,2.4161274721986623
U045,Shopping,2023-11,0.0,1.7224548472687538,1.7224548472687538
U045,Shopping,2023-12,0.0,1.703250397544633,1.703250397544633
U045,Shopping,2024-01,0.0,1.5772050409505152,1.5772050409505152
U045,Shopping,2024-02,0.0,1.5103530898038673,1.5103530898038673
U045,Shopping,2024-03,0.0,1.6125022340293254,1.6125022340293254
U045,Shopping,2024-04,0.0,1.622935799682319,1.622935799682319
U045,Shopping,2024-05,6085.979999999998,1.4004335929177936,6084.57956640708
U046,Bills,2023-11,0.0,3.1241614481098763,3.1241614481098763
U046,Bills,2023-12,0.0,3.1808002087834897,3.1808002087834897
U046,Bills,2024-01,0.0,3.4926114860631907,3.4926114860631907
U046,Bills,2024-02,0.0,2.1158642652680886,2.1158642652680886
U046,Bills,2024-03,3524.0,2.949181490600317,3521.0508185093995
U046,Bills,2024-04,0.0,3.5979730529107385,3.5979730529107385
U046,Bills,2024-05,5964.0,3.772001177408736,5960.227998822591
U046,Food,2023-12,0.0,1.7589561936604499,1.7589561936604499
U046,Food,2024-01,9721.0,1.742605803779599,9719.25739419622
U046,Food,2024-02,0.0,6.17789140388131,6.17789140388131
U046,Food,2024-03,0.0,0.7519743705235598,0.7519743705235598
U046,Food,2024-04,4041.0,1.166062578006796,4039.833937421993
U046,Food,2024-05,0.0,0.44869424752305687,0.44869424752305687
U046,Food,2024-06,0.0,1.3724926577725767,1.3724926577725767
U046,Food,2024-07,0.0,0.6073506852894086,0.6073506852894086
U046,Food,2024-08,1376.0,1.7781663363657025,1374.2218336636342
U046,Shopping,2023-10,0.0,2.046873845516607,2.046873845516607
U046,Shopping,2023-11,0.0,1.6742505422440779,1.6742505422440779
U046,Shopping,2023-12,0.0,1.703250397544633,1.703250397544633
U046,Shopping,2024-01,3483.37,1.5772050409505152,3481.7927949590494
U046,Shopping,2024-02,0.0,1.4175418833222553,1.4175418833222553
U046,Shopping,2024-03,0.0,0.6911528655839321,0.6911528655839321
U046,Shopping,2024-04,2018.83,0.6899685750666877,2018.1400314249333
U047,Bills,2023-09,0.0,2.802541497730425,2.802541497730425
U047,Bills,2023-10,0.0,2.669782280269477,2.669782280269477
U047,Bills,2023-11,0.0,3.1241614481098763,3.1241614481098763
U047,Bills,2023-12,0.0,3.1808002087834897,3.1808002087834897
U047,Bills,2024-01,0.0,3.4926114860631907,3.4926114860631907
U047,Bills,2024-02,0.0,2.1158642652680886,2.1158642652680886
U047,Bills,2024-03,1020.0,2.949181490600317,1017.0508185093997
U047,Food,2023-05,0.0,0.6373808133901626,0.6373808133901626
U047,Food,2023-06,0.0,1.2950301658641221,1.2950301658641221
U047,Food,2023-07,0.0,1.4333609357690054,1.4333609357690054
U047,Food,2023-08,0.0,1.7781663363657025,1.7781663363657025
U047,Food,2023-09,0.0,1.777211949598251,1.777211949598251
U047,Food,2023-10,1537.0,2.184604656446028,1534.815395343554
U047,Shopping,2023-08,0.0,1.8021512413813277,1.8021512413813277
U047,Shopping,2023-09,0.0,1.664443917937822,1.664443917937822
U047,Shopping,2023-10,0.0,2.046873845516607,2.046873845516607
U047,Shopping,2023-11,0.0,1.6742505422440779,1.6742505422440779
U047,Shopping,2023-12,0.0,1.703250397544633,1.703250397544633
U047,Shopping,2024-01,606.8,1.5772050409505152,605.2227949590495
U047,Shopping,2024-02,2182.29,0.8787544392181219,2181.411245560782
U048,Bills,2024-03,0.0,11.314956774736002,11.314956774736002
U048,Bills,2024-04,0.0,2.2090675635091017,2.2090675635091017
U048,Bills,2024-05,0.0,2.6237742603611762,2.6237742603611762
U048,Bills,2024-06,0.0,3.2311581233654447,3.2311581233654447
U048,Bills,2024-07,0.0,3.1529627114682706,3.1529627114682706
U048,Bills,2024-08,0.0,2.9311542028026207,2.9311542028026207
U048,Bills,2024-09,0.0,2.802541497730425,2.802541497730425
U048,Bills,2024-10,6771.0,2.669782280269477,6768.33021771973
U048,Bills,2024-11,43922.0,4.693981101277411,43917.30601889872
U048,Food,2024-05,0.0,4.198697332724012,4.198697332724012
U048,Food,2024-06,0.0,1.1979454712098079,1.1979454712098079
U048,Food,2024-07,0.0,1.0842157513362305,1.0842157513362305
U048,Food,2024-08,14976.0,1.7781663363657025,14974.221833663634
U048,Food,2024-09,0.0,1.0866876098329463,1.0866876098329463
U048,Food,2024-10,0.0,1.0774459161096486,1.0774459161096486
U048,Food,2024-11,3381.0,1.9017069427273428,3379.0982930572727
U048,Shopping,2023-10,0.0,2.046873845516607,2.046873845516607
U048,Shopping,2023-11,500.0,1.6742505422440779,498.32574945775593
U048,Shopping,2023-12,0.0,4.846185679225971,4.846185679225971
U048,Shopping,2024-01,0.0,1.4193635527280968,1.4193635527280968
U048,Shopping,2024-02,0.0,2.192837436965269,2.192837436965269
U048,Shopping,2024-03,0.0,1.6125022340293254,1.6125022340293254
U048,Shopping,2024-04,3336.78,1.622935799682319,3335.157064200318
U048,Transport,2024-05,0.0,1.3411764251370029,1.3411764251370029
U048,Transport,2024-06,0.0,1.2467494947004258,1.2467494947004258
U048,Transport,2024-07,0.0,1.1507372701204015,1.1507372701204015
U048,Transport,2024-08,0.0,1.5415287071402988,1.5415287071402988
U048,Transport,2024-09,0.0,1.6540408114498377,1.6540408114498377
U048,Transport,2024-10,22224.0,1.6909835725826596,22222.309016427418
U049,Bills,2024-04,16068.0,1.5159302543223316,16066.484069745678
U049,Bills,2024-05,0.0,6.114118738441582,6.114118738441582
U049,Bills,2024-06,0.0,0.8561273367240438,0.8561273367240438
U049,Bills,2024-07,0.0,1.3229142490254198,1.3229142490254198
U049,Bills,2024-08,0.0,2.9311542028026207,2.9311542028026207
U049,Bills,2024-09,0.0,2.802541497730425,2.802541497730425
U049,Bills,2024-10,0.0,2.669782280269477,2.669782280269477
U049,Bills,2024-11,0.0,3.1241614481098763,3.1241614481098763
U049,Bills,2024-12,1114.0,3.1808002087834897,1110.8191997912165
U050,Bills,2024-01,0.0,3.4926114860631907,3.4926114860631907
U050,Bills,2024-02,0.0,2.1158642652680886,2.1158642652680886
U050,Bills,2024-03,8499.0,2.949181490600317,8496.0508185094
U050,Bills,2024-04,0.0,1.2002812644117165,1.2002812644117165
U050,Bills,2024-05,0.0,0.4738743919563044,0.4738743919563044
U050,Bills,2024-06,0.0,1.0636136711154887,1.0636136711154887
U050,Bills,2024-07,4882.0,3.1529627114682706,4878.847037288531
U050,Food,2023-06,0.0,1.5112204884042004,1.5112204884042004
U050,Food,2023-07,0.0,1.4456610593873394,1.4456610593873394
U050,Food,2023-08,14976.0,1.7781663363657025,14974.221833663634
U050,Food,2023-09,0.0,1.0866876098329463,1.0866876098329463
U050,Food,2023-10,0.0,1.0774459161096486,1.0774459161096486
U050,Food,2023-11,14976.0,1.9017069427273428,14974.098293057272
U050,Shopping,2023-06,0.0,1.3086460102894746,1.3086460102894746
U050,Shopping,2023-07,0.0,1.3296454101124717,1.3296454101124717
U050,Shopping,2023-08,4468.99,1.8021512413813277,4467.187848758618
U050,Shopping,2023-09,0.0,0.19019430952565627,0.19019430952565627
U050,Shopping,2023-10,0.0,3.0779044999639487,3.0779044999639487
U050,Shopping,2023-11,6085.979999999998,3.1269827415103224,6082.853017258488
U050,Transport,2024-04,3605.0,1.4756468194099863,3603.52435318059
U050,Transport,2024-05,6726.0,1.3276332019194825,6724.6723667980805
U050,Transport,2024-06,0.0,1.3953477599932276,1.3953477599932276
U050,Transport,2024-07,0.0,0.5444899440263824,0.5444899440263824
U050,Transport,2024-08,500.0,0.9318164373638553,499.06818356263614
U051,Bills,2024-03,0.0,2.949181490600317,2.949181490600317
U051,Bills,2024-04,0.0,2.9969170640958853,2.9969170640958853
U051,Bills,2024-05,0.0,2.6237742603611762,2.6237742603611762
U051,Bills,2024-06,0.0,3.2311581233654447,3.2311581233654447
U051,Bills,2024-07,0.0,3.1529627114682706,3.1529627114682706
U051,Bills,2024-08,0.0,2.9311542028026207,2.9311542028026207
U051,Bills,2024-09,0.0,2.802541497730425,2.802541497730425
U051,Bills,2024-10,13400.0,2.669782280269477,13397.330217719731
U051,Food,2024-03,0.0,2.0235869492415324,2.0235869492415324
U051,Food,2024-04,0.0,1.9844451122178643,1.9844451122178643
U051,Food,2024-05,0.0,1.6356447047143288,1.6356447047143288
U051,Food,2024-06,0.0,1.5112204884042004,1.5112204884042004
U051,Food,2024-07,0.0,1.4456610593873394,1.4456610593873394
U051,Food,2024-08,0.0,1.7781663363657025,1.7781663363657025
U051,Food,2024-09,0.0,1.777211949598251,1.777211949598251
U051,Food,2024-10,0.0,2.184604656446028,2.184604656446028
U051,Food,2024-11,4396.0,1.8572302708777366,4394.142769729122
U051,Shopping,2024-03,0.0,1.6125022340293254,1.6125022340293254
U051,Shopping,2024-04,0.0,1.622935799682319,1.622935799682319
U051,Shopping,2024-05,0.0,1.4004335929177936,1.4004335929177936
U051,Shopping,2024-06,4850.16,1.3086460102894746,4848.85135398971
U051,Shopping,2024-07,0.0,0.6878166822882128,0.6878166822882128
U051,Shopping,2024-08,2118.23,1.2805833143323357,2116.9494166856675
U051,Transport,2023-07,0.0,1.853710311125821,1.853710311125821
U051,Transport,2023-08,0.0,0.2743819949582922,0.2743819949582922
U051,Transport,2023-09,0.0,1.6540408114498377,1.6540408114498377
U051,Transport,2023-10,0.0,1.6909835725826596,1.6909835725826596
U051,Transport,2023-11,0.0,1.157861112543395,1.157861112543395
U051,Transport,2023-12,0.0,1.8515011584818208,1.8515011584818208
U051,Transport,2024-01,8688.0,2.0773911431466217,8685.922608856854
U052,Bills,2024-05,0.0,2.6237742603611762,2.6237742603611762
U052,Bills,2024-06,0.0,3.2311581233654447,3.2311581233654447
U052,Bills,2024-07,0.0,3.1529627114682706,3.1529627114682706
U052,Bills,2024-08,0.0,2.9311542028026207,2.9311542028026207
U052,Bills,2024-09,0.0,2.802541497730425,2.802541497730425
U052,Bills,2024-10,0.0,2.669782280269477,2.669782280269477
U052,Bills,2024-11,0.0,3.1241614481098763,3.1241614481098763
U052,Bills,2024-12,7493.0,3.1808002087834897,7489.819199791216
U052,Food,2024-01,0.0,1.742605803779599,1.742605803779599
U052,Food,2024-02,0.0,1.78037315686798,1.78037315686798
U052,Food,2024-03,5662.0,2.0235869492415324,5659.976413050758
U052,Food,2024-04,0.0,1.0367954254092941,1.0367954254092941
U052,Food,2024-05,0.0,1.0809932888320097,1.0809932888320097
U052,Food,2024-06,0.0,0.6758804862248715,0.6758804862248715
U052,Food,2024-07,0.0,1.4456610593873394,1.4456610593873394
U052,Food,2024-08,1151.0,1.7781663363657025,1149.2218336636342
U052,Shopping,2024-01,0.0,1.0637704069791378,1.0637704069791378
U052,Shopping,2024-02,0.0,0.676964365144475,0.676964365144475
U052,Shopping,2024-03,0.0,1.5286261036384472,1.5286261036384472
U052,Shopping,2024-04,0.0,1.622935799682319,1.622935799682319
U052,Shopping,2024-05,0.0,1.4004335929177936,1.4004335929177936
U052,Shopping,2024-06,0.0,1.3086460102894746,1.3086460102894746
U052,Shopping,2024-07,0.0,1.3296454101124717,1.3296454101124717
U052,Shopping,2024-08,500.0,1.8021512413813277,498.19784875861865
U052,Transport,2024-01,0.0,2.0773911431466217,2.0773911431466217
U052,Transport,2024-02,0.0,1.9866871986943244,1.9866871986943244
U052,Transport,2024-03,0.0,1.6569918167578055,1.6569918167578055
U052,Transport,2024-04,0.0,1.4756468194099863,1.4756468194099863
U052,Transport,2024-05,0.0,1.3411764251370029,1.3411764251370029
U052,Transport,2024-06,0.0,1.2467494947004258,1.2467494947004258
U052,Transport,2024-07,5134.0,1.1507372701204015,5132.849262729879
U053,Bills,2024-02,0.0,2.1158642652680886,2.1158642652680886
U053,Bills,2024-03,0.0,2.949181490600317,2.949181490600317
U053,Bills,2024-04,0.0,2.9969170640958853,2.9969170640958853
U053,Bills,2024-05,0.0,2.6237742603611762,2.6237742603611762
U053,Bills,2024-06,0.0,3.2311581233654447,3.2311581233654447
U053,Bills,2024-07,0.0,3.1529627114682706,3.1529627114682706
U053,Bills,2024-08,0.0,2.9311542028026207,2.9311542028026207
U053,Bills,2024-09,521.0,2.802541497730425,518.1974585022696
U053,Food,2024-03,0.0,2.0480427463557938,2.0480427463557938
U053,Food,2024-04,0.0,1.7503518750484681,1.7503518750484681
U053,Food,2024-05,0.0,1.6356447047143288,1.6356447047143288
U053,Food,2024-06,0.0,1.5112204884042004,1.5112204884042004
U053,Food,2024-07,0.0,1.4456610593873394,1.4456610593873394
U053,Food,2024-08,9142.0,1.7781663363657025,9140.221833663634
U053,Shopping,2024-06,0.0,1.3086460102894746,1.3086460102894746
U053,Shopping,2024-07,0.0,1.3296454101124717,1.3296454101124717
U053,Shopping,2024-08,3255.64,1.8021512413813277,3253.8378487586187
U053,Shopping,2024-09,0.0,1.865052846484303,1.865052846484303
U053,Shopping,2024-10,0.0,0.6717016135951412,0.6717016135951412
U053,Shopping,2024-11,0.0,2.1806214323467987,2.1806214323467987
U053,Shopping,2024-12,2243.73,1.703250397544633,2242.0267496024553
U053,Transport,2024-03,0.0,1.6569918167578055,1.6569918167578055
U053,Transport,2024-04,8575.0,1.4756468194099863,8573.52435318059
U053,Transport,2024-05,0.0,1.978689320919755,1.978689320919755
U053,Transport,2024-06,0.0,1.2434618006954001,1.2434618006954001
U053,Transport,2024-07,0.0,0.9264104551412324,0.9264104551412324
U053,Transport,2024-08,0.0,1.5415287071402988,1.5415287071402988
U053,Transport,2024-09,0.0,1.6540408114498377,1.6540408114498377
U053,Transport,2024-10,0.0,1.6909835725826596,1.6909835725826596
U053,Transport,2024-11,7994.0,1.157861112543395,7992.842138887457
U054,Bills,2024-04,0.0,2.9969170640958853,2.9969170640958853
U054,Bills,2024-05,0.0,2.6237742603611762,2.6237742603611762
U054,Bills,2024-06,0.0,3.2311581233654447,3.2311581233654447
U054,Bills,2024-07,0.0,3.1529627114682706,3.1529627114682706
U054,Bills,2024-08,0.0,2.9311542028026207,2.9311542028026207
U054,Bills,2024-09,0.0,2.802541497730425,2.802541497730425
U054,Bills,2024-10,0.0,2.669782280269477,2.669782280269477
U054,Bills,2024-11,7619.0,3.1241614481098763,7615.87583855189
U054,Other Expense,2024-07,0.0,6.5672661133065535,6.5672661133065535
U054,Other Expense,2024-08,0.0,7.603686790388306,7.603686790388306
U054,Other Expense,2024-09,4231.0,7.231284824378493,4223.768715175622
U054,Shopping,2024-02,1422.85,1.5103530898038673,1421.339646910196
U054,Shopping,2024-03,0.0,10.460992352883038,10.460992352883038
U054,Shopping,2024-04,0.0,1.0215818282857434,1.0215818282857434
U054,Shopping,2024-05,0.0,1.4499829859958204,1.4499829859958204
U054,Shopping,2024-06,0.0,1.3086460102894746,1.3086460102894746
U054,Shopping,2024-07,0.0,1.3296454101124717,1.3296454101124717
U054,Shopping,2024-08,0.0,1.8021512413813277,1.8021512413813277
U054,Shopping,2024-09,590.09,1.664443917937822,588.4255560820623
U054,Shopping,2024-10,6085.979999999998,2.255934724838612,6083.724065275159
U055,Bills,2023-07,0.0,3.1529627114682706,3.1529627114682706
U055,Bills,2023-08,8156.0,2.9311542028026207,8153.068845797197
U055,Bills,2023-09,0.0,1.610298268797155,1.610298268797155
U055,Bills,2023-10,9088.0,2.244107956621626,9085.755892043378
U055,Bills,2023-11,0.0,30.83812628615966,30.83812628615966
U055,Bills,2023-12,239.0,0.22155331665797207,238.77844668334203
U055,Education,2024-06,0.0,0.2125562004104604,0.2125562004104604
U055,Education,2024-07,0.0,0.19246838180162265,0.19246838180162265
U055,Education,2024-08,0.0,0.7166469300413956,0.7166469300413956
U055,Education,2024-09,0.0,1.2543420531220222,1.2543420531220222
U055,Education,2024-10,0.0,1.5351751276678787,1.5351751276678787
U055,Education,2024-11,7487.0,1.6562653677880719,7485.343734632212
U055,Food,2023-10,0.0,2.184604656446028,2.184604656446028
U055,Food,2023-11,7845.0,1.8572302708777366,7843.142769729122
U055,Food,2023-12,0.0,1.3476958922144404,1.3476958922144404
U055,Food,2024-01,0.0,0.7263976060299953,0.7263976060299953
U055,Food,2024-02,0.0,0.817418748103119,0.817418748103119
U055,Food,2024-03,0.0,2.0235869492415324,2.0235869492415324
U055,Food,2024-04,3020.0,1.9844451122178643,3018.015554887782
U055,Shopping,2023-09,0.0,0.8959479109760811,0.8959479109760811
U055,Shopping,2023-10,0.0,2.4161274721986623,2.4161274721986623
U055,Shopping,2023-11,2555.51,1.7224548472687538,2553.7875451527316
U056,Bills,2023-10,41043.0,4.840183175221682,41038.15981682478
U056,Bills,2023-11,0.0,1.8646613218140997,1.8646613218140997
U056,Bills,2023-12,0.0,0.2535957327743791,0.2535957327743791
U056,Bills,2024-01,0.0,2.4303175764112512,2.4303175764112512
U056,Bills,2024-02,0.0,2.1158642652680886,2.1158642652680886
U056,Bills,2024-03,0.0,2.949181490600317,2.949181490600317
U056,Bills,2024-04,4123.0,2.9969170640958853,4120.003082935904
U056,Food,2024-03,0.0,1.3683472626346194,1.3683472626346194
U056,Food,2024-04,0.0,1.9844451122178643,1.9844451122178643
U056,Food,2024-05,0.0,1.6356447047143288,1.6356447047143288
U056,Food,2024-06,0.0,1.5112204884042004,1.5112204884042004
U056,Food,2024-07,0.0,1.4456610593873394,1.4456610593873394
U056,Food,2024-08,0.0,1.7781663363657025,1.7781663363657025
U056,Food,2024-09,2093.0,1.777211949598251,2091.222788050402
U056,Food,2024-10,4234.0,0.8876864481441096,4233.112313551856
U056,Shopping,2024-02,0.0,0.6974607163828843,0.6974607163828843
U056,Shopping,2024-03,0.0,0.8131653758850259,0.8131653758850259
U056,Shopping,2024-04,0.0,1.622935799682319,1.622935799682319
U056,Shopping,2024-05,0.0,1.4004335929177936,1.4004335929177936
U056,Shopping,2024-06,0.0,1.3086460102894746,1.3086460102894746
U056,Shopping,2024-07,0.0,1.3296454101124717,1.3296454101124717
U056,Shopping,2024-08,0.0,1.8021512413813277,1.8021512413813277
U056,Shopping,2024-09,504.43,1.664443917937822,502.7655560820622
U056,Transport,2024-03,0.0,1.6569918167578055,1.6569918167578055
U056,Transport,2024-04,0.0,1.4756468194099863,1.4756468194099863
U056,Transport,2024-05,0.0,1.3411764251370029,1.3411764251370029
U056,Transport,2024-06,0.0,1.2467494947004258,1.2467494947004258
U056,Transport,2024-07,0.0,1.1507372701204015,1.1507372701204015
U056,Transport,2024-08,0.0,1.5415287071402988,1.5415287071402988
U056,Transport,2024-09,0.0,1.6540408114498377,1.6540408114498377
U056,Transport,2024-10,1869.0,1.6909835725826596,1867.3090164274174
U057,Bills,2023-03,0.0,2.949181490600317,2.949181490600317
U057,Bills,2023-04,0.0,2.9969170640958853,2.9969170640958853
U057,Bills,2023-05,0.0,2.6237742603611762,2.6237742603611762
U057,Bills,2023-06,7343.0,3.2311581233654447,7339.768841876635
U057,Bills,2023-07,0.0,3.2409212669052927,3.2409212669052927
U057,Bills,2023-08,2977.0,2.1375015004140407,2974.862498499586
U057,Education,2023-09,0.0,1.2543420531220222,1.2543420531220222
U057,Education,2023-10,6170.0,1.5351751276678787,6168.464824872332
U057,Education,2023-11,0.0,0.2559111468533557,0.2559111468533557
U057,Education,2023-12,0.0,0.3680234594469607,0.3680234594469607
U057,Education,2024-01,0.0,0.0702855317326341,0.0702855317326341
U057,Education,2024-02,7698.0,1.1657706385092022,7696.8342293614905
U057,Food,2023-07,0.0,1.4456610593873394,1.4456610593873394
U057,Food,2023-08,8584.0,1.7781663363657025,8582.221833663634
U057,Food,2023-09,0.0,1.567626495387803,1.567626495387803
U057,Food,2023-10,0.0,1.3006243771423218,1.3006243771423218
U057,Food,2023-11,0.0,5.516189729477792,5.516189729477792
U057,Food,2023-12,0.0,1.7589561936604499,1.7589561936604499
U057,Food,2024-01,7566.0,1.742605803779599,7564.25739419622
U057,Shopping,2023-10,0.0,0.5730715604255154,0.5730715604255154
U057,Shopping,2023-11,0.0,0.6699948400241675,0.6699948400241675
U057,Shopping,2023-12,0.0,1.703250397544633,1.703250397544633
U057,Shopping,2024-01,597.11,1.5772050409505152,595.5327949590495
U058,Bills,2024-02,21785.0,2.1158642652680886,21782.884135734734
U058,Bills,2024-03,0.0,0.6494243344820905,0.6494243344820905
U058,Bills,2024-04,0.0,225.63762367930624,225.63762367930624
U058,Bills,2024-05,0.0,7.572233105006003,7.572233105006003
U058,Bills,2024-06,0.0,3.2311581233654447,3.2311581233654447
U058,Bills,2024-07,0.0,3.1529627114682706,3.1529627114682706
U058,Bills,2024-08,0.0,2.9311542028026207,2.9311542028026207
U058,Bills,2024-09,3977.0,2.802541497730425,3974.1974585022695
U058,Entertainment,2023-07,0.0,1.0560113112551708,1.0560113112551708
U058,Entertainment,2023-08,0.0,1.8969819601148328,1.8969819601148328
U058,Entertainment,2023-09,0.0,1.3519534554398889,1.3519534554398889
U058,Entertainment,2023-10,0.0,1.3377460388348332,1.3377460388348332
U058,Entertainment,2023-11,6776.0,1.2204648306410655,6774.7795351693585
U058,Entertainment,2023-12,0.0,6.050235941107176,6.050235941107176
U058,Entertainment,2024-01,7782.0,0.06319112117587523,7781.936808878824
U058,Shopping,2023-07,0.0,1.3296454101124717,1.3296454101124717
U058,Shopping,2023-08,0.0,1.8021512413813277,1.8021512413813277
U058,Shopping,2023-09,0.0,1.664443917937822,1.664443917937822
U058,Shopping,2023-10,0.0,2.046873845516607,2.046873845516607
U058,Shopping,2023-11,4097.82,1.6742505422440779,4096.145749457755
U058,Shopping,2023-12,0.0,0.4386594621815143,0.4386594621815143
U058,Shopping,2024-01,5753.59,0.8728848419189117,5752.7171151580815
U058,Transport,2023-12,0.0,1.8515011584818208,1.8515011584818208
U058,Transport,2024-01,0.0,2.0773911431466217,2.0773911431466217
U058,Transport,2024-02,9234.0,1.9866871986943244,9232.013312801306
U058,Transport,2024-03,0.0,0.9566114888857715,0.9566114888857715
U058,Transport,2024-04,1499.0,3.65665950327576,1495.3433404967243
U059,Bills,2022-12,0.0,0.4404402253624939,0.4404402253624939
U059,Bills,2023-01,0.0,16.503788378461984,16.503788378461984
U059,Bills,2023-02,0.0,2.1158642652680886,2.1158642652680886
U059,Bills,2023-03,0.0,2.949181490600317,2.949181490600317
U059,Bills,2023-04,0.0,2.9969170640958853,2.9969170640958853
U059,Bills,2023-05,4254.0,2.6237742603611762,4251.376225739639
U059,Food,2024-04,7445.0,1.9844451122178643,7443.015554887782
U059,Food,2024-05,0.0,0.3782188527511383,0.3782188527511383
U059,Food,2024-06,0.0,2.5241136528091537,2.5241136528091537
U059,Food,2024-07,0.0,1.3323526954452647,1.3323526954452647
U059,Food,2024-08,0.0,1.7781663363657025,1.7781663363657025
U059,Food,2024-09,0.0,1.777211949598251,1.777211949598251
U059,Food,2024-10,0.0,2.184604656446028,2.184604656446028
U059,Food,2024-11,6738.0,1.8572302708777366,6736.142769729122
U059,Shopping,2024-03,0.0,1.6125022340293254,1.6125022340293254
U059,Shopping,2024-04,0.0,1.622935799682319,1.622935799682319
U059,Shopping,2024-05,0.0,1.4004335929177936,1.4004335929177936
U059,Shopping,2024-06,0.0,1.3086460102894746,1.3086460102894746
U059,Shopping,2024-07,0.0,1.3296454101124717,1.3296454101124717
U059,Shopping,2024-08,0.0,1.8021512413813277,1.8021512413813277
U059,Shopping,2024-09,0.0,1.664443917937822,1.664443917937822
U059,Shopping,2024-10,0.0,2.046873845516607,2.046873845516607
U059,Shopping,2024-11,2290.06,1.6742505422440779,2288.385749457756
U059,Transport,2023-08,0.0,5.456156317296241,5.456156317296241
U059,Transport,2023-09,0.0,2.092882530084138,2.092882530084138
U059,Transport,2023-10,0.0,1.6909835725826596,1.6909835725826596
U059,Transport,2023-11,0.0,1.157861112543395,1.157861112543395
U059,Transport,2023-12,0.0,1.8515011584818208,1.8515011584818208
U059,Transport,2024-01,0.0,2.0773911431466217,2.0773911431466217
U059,Transport,2024-02,8870.0,1.9866871986943244,8868.013312801306
U060,Bills,2024-09,5290.0,1.9998174980782597,5288.000182501922
U060,Bills,2024-10,3520.0,4.694986778107605,3515.3050132218923
U060,Bills,2024-11,0.0,0.44939289574336044,0.44939289574336044
U060,Bills,2024-12,8524.0,0.5027482387194164,8523.49725176128
U060,Food,2023-11,0.0,1.8572302708777366,1.8572302708777366
U060,Food,2023-12,0.0,1.7589561936604499,1.7589561936604499
U060,Food,2024-01,0.0,1.742605803779599,1.742605803779599
U060,Food,2024-02,0.0,1.78037315686798,1.78037315686798
U060,Food,2024-03,0.0,2.0235869492415324,2.0235869492415324
U060,Food,2024-04,0.0,1.9844451122178643,1.9844451122178643
U060,Food,2024-05,0.0,1.6356447047143288,1.6356447047143288
U060,Food,2024-06,4538.0,1.5112204884042004,4536.488779511596
U060,Shopping,2023-10,0.0,2.046873845516607,2.046873845516607
U060,Shopping,2023-11,0.0,1.6742505422440779,1.6742505422440779
U060,Shopping,2023-12,0.0,1.703250397544633,1.703250397544633
U060,Shopping,2024-01,0.0,1.5772050409505152,1.5772050409505152
U060,Shopping,2024-02,6085.979999999998,1.5103530898038673,6084.469646910194
U060,Shopping,2024-03,0.0,0.8561887641365962,0.8561887641365962
U060,Shopping,2024-04,5526.52,1.9395066268233716,5524.580493373177
U061,Bills,2024-06,0.0,1.4617589483325708,1.4617589483325708
U061,Bills,2024-07,0.0,0.13826021837965025,0.13826021837965025
U061,Bills,2024-08,0.0,2.6917439811324844,2.6917439811324844
U061,Bills,2024-09,37160.0,2.802541497730425,37157.19745850227
U061,Bills,2024-10,0.0,15.521584502370487,15.521584502370487
U061,Bills,2024-11,0.0,1.1162307535823492,1.1162307535823492
U061,Bills,2024-12,31237.0,18.496376494754735,31218.503623505247
U061,Shopping,2024-01,0.0,1.9762729987945975,1.9762729987945975
U061,Shopping,2024-02,1019.86,1.5103530898038673,1018.3496469101962
U061,Shopping,2024-03,0.0,0.5237010502702086,0.5237010502702086
U061,Shopping,2024-04,0.0,1.7418865527688197,1.7418865527688197
U061,Shopping,2024-05,0.0,2.3610041491524885,2.3610041491524885
U061,Shopping,2024-06,4193.82,1.3086460102894746,4192.51135398971
U062,Food,2024-06,0.0,1.380376688149497,1.380376688149497
U062,Food,2024-07,0.0,2.5411668152483418,2.5411668152483418
U062,Food,2024-08,0.0,1.0546481219059443,1.0546481219059443
U062,Food,2024-09,0.0,1.777211949598251,1.777211949598251
U062,Food,2024-10,9063.0,2.184604656446028,9060.815395343554
U062,Food,2024-11,0.0,1.573538808022994,1.573538808022994
U062,Food,2024-12,616.0,4.395174268824539,611.6048257311754
U062,Shopping,2024-07,0.0,0.8668062255126072,0.8668062255126072
U062,Shopping,2024-08,0.0,1.3133349614977154,1.3133349614977154
U062,Shopping,2024-09,0.0,1.664443917937822,1.664443917937822
U062,Shopping,2024-10,2528.0,2.046873845516607,2525.9531261544835
U062,Shopping,2024-11,2075.56,0.2768123629419446,2075.283187637058
U062,Shopping,2024-12,500.0,6.104739395923671,493.8952606040763
U063,Bills,2023-06,0.0,3.2311581233654447,3.2311581233654447
U063,Bills,2023-07,0.0,3.1529627114682706,3.1529627114682706
U063,Bills,2023-08,0.0,2.9311542028026207,2.9311542028026207
U063,Bills,2023-09,0.0,2.802541497730425,2.802541497730425
U063,Bills,2023-10,0.0,2.669782280269477,2.669782280269477
U063,Bills,2023-11,0.0,3.1241614481098763,3.1241614481098763
U063,Bills,2023-12,47640.09999999999,3.1808002087834897,47636.919199791206
U063,Food,2024-01,0.0,1.742605803779599,1.742605803779599
U063,Food,2024-02,0.0,1.78037315686798,1.78037315686798
U063,Food,2024-03,0.0,2.0235869492415324,2.0235869492415324
U063,Food,2024-04,0.0,1.9844451122178643,1.9844451122178643
U063,Food,2024-05,0.0,1.6356447047143288,1.6356447047143288
U063,Food,2024-06,2932.0,1.5112204884042004,2930.488779511596
U063,Food,2024-07,0.0,0.28680540276101285,0.28680540276101285
U063,Food,2024-08,13218.0,2.2042540197918257,13215.795745980207
U063,Shopping,2024-01,0.0,1.5772050409505152,1.5772050409505152
U063,Shopping,2024-02,0.0,1.5103530898038673,1.5103530898038673
U063,Shopping,2024-03,0.0,1.6125022340293254,1.6125022340293254
U063,Shopping,2024-04,0.0,1.622935799682319,1.622935799682319
U063,Shopping,2024-05,0.0,1.4004335929177936,1.4004335929177936
U063,Shopping,2024-06,0.0,1.3086460102894746,1.3086460102894746
U063,Shopping,2024-07,0.0,1.3296454101124717,1.3296454101124717
U063,Shopping,2024-08,2015.34,1.8021512413813277,2013.5378487586186
U064,Bills,2022-12,0.0,3.1808002087834897,3.1808002087834897
U064,Bills,2023-01,4342.0,3.4926114860631907,4338.507388513937
U064,Bills,2023-02,0.0,1.3595408800197846,1.3595408800197846
U064,Bills,2023-03,0.0,1.9700359316638378,1.9700359316638378
U064,Bills,2023-04,0.0,2.0527424726518513,2.0527424726518513
U064,Bills,2023-05,47640.09999999999,2.6237742603611762,47637.47622573963
U064,Food,2022-07,0.0,1.4456610593873394,1.4456610593873394
U064,Food,2022-08,0.0,1.7781663363657025,1.7781663363657025
U064,Food,2022-09,0.0,1.777211949598251,1.777211949598251
U064,Food,2022-10,1739.0,2.184604656446028,1736.815395343554
U064,Shopping,2021-10,2504.47,2.046873845516607,2502.4231261544833
U064,Shopping,2021-11,4060.83,0.31757180159809606,4060.5124281984017
U065,Bills,2023-11,0.0,2.972275001942788,2.972275001942788
U065,Bills,2023-12,0.0,3.1808002087834897,3.1808002087834897
U065,Bills,2024-01,0.0,3.4926114860631907,3.4926114860631907
U065,Bills,2024-02,0.0,2.1158642652680886,2.1158642652680886
U065,Bills,2024-03,11967.0,2.949181490600317,11964.0508185094
U065,Bills,2024-04,8455.0,3.332035067923238,8451.667964932078
U065,Shopping,2023-10,0.0,2.046873845516607,2.046873845516607
U065,Shopping,2023-11,0.0,1.6742505422440779,1.6742505422440779
U065,Shopping,2023-12,0.0,1.703250397544633,1.703250397544633
U065,Shopping,2024-01,0.0,1.5772050409505152,1.5772050409505152
U065,Shopping,2024-02,0.0,1.5103530898038673,1.5103530898038673
U065,Shopping,2024-03,500.0,1.6125022340293254,498.3874977659707
U065,Shopping,2024-04,0.0,0.6833862770703891,0.6833862770703891
U065,Shopping,2024-05,3402.73,1.7612371510631197,3400.968762848937
U065,Transport,2024-01,3962.0,2.0773911431466217,3959.9226088568535
U065,Transport,2024-02,0.0,0.2643135512468613,0.2643135512468613
U065,Transport,2024-03,0.0,2.5645691855888915,2.5645691855888915
U065,Transport,2024-04,8518.0,0.8063715233152757,8517.193628476685
U065,Transport,2024-05,0.0,9.478181534374336,9.478181534374336
U065,Transport,2024-06,0.0,1.229687589683373,1.229687589683373
U065,Transport,2024-07,0.0,0.47817343153943176,0.47817343153943176
U065,Transport,2024-08,1580.0,1.5415287071402988,1578.4584712928597
U066,Bills,2024-03,6985.0,2.949181490600317,6982.0508185093995
U066,Bills,2024-04,7439.0,6.6680916161480175,7432.331908383852
U066,Bills,2024-05,0.0,6.124536253275531,6.124536253275531
U066,Bills,2024-06,0.0,2.961929596753079,2.961929596753079
U066,Bills,2024-07,35760.0,2.690011228103721,35757.30998877189
U066,Bills,2024-08,0.0,1.6188994504685184,1.6188994504685184
U066,Bills,2024-09,0.0,86.65186032779725,86.65186032779725
U066,Bills,2024-10,0.0,5.738620921014459,5.738620921014459
U066,Bills,2024-11,403.0,3.1241614481098763,399.8758385518901
U066,Entertainment,2023-02,0.0,1.046060205624292,1.046060205624292
U066,Entertainment,2023-03,0.0,0.6664960178633292,0.6664960178633292
U066,Entertainment,2023-04,5115.0,0.6967808652490657,5114.303219134751
U066,Entertainment,2023-05,0.0,0.3044924139241226,0.3044924139241226
U066,Entertainment,2023-06,719.0,5.623831436890044,713.3761685631099
U066,Food,2023-10,0.0,9.10609656179913,9.10609656179913
U066,Food,2023-11,0.0,1.8572302708777366,1.8572302708777366
U066,Food,2023-12,0.0,1.7589561936604499,1.7589561936604499
U066,Food,2024-01,0.0,1.742605803779599,1.742605803779599
U066,Food,2024-02,0.0,1.78037315686798,1.78037315686798
U066,Food,2024-03,0.0,2.0235869492415324,2.0235869492415324
U066,Food,2024-04,0.0,1.9844451122178643,1.9844451122178643
U066,Food,2024-05,4785.0,1.6356447047143288,4783.364355295285
U066,Shopping,2023-10,0.0,1.639430713072573,1.639430713072573
U066,Shopping,2023-11,0.0,1.6742505422440779,1.6742505422440779
U066,Shopping,2023-12,0.0,1.703250397544633,1.703250397544633
U066,Shopping,2024-01,0.0,1.5772050409505152,1.5772050409505152
U066,Shopping,2024-02,0.0,1.5103530898038673,1.5103530898038673
U066,Shopping,2024-03,0.0,1.6125022340293254,1.6125022340293254
U066,Shopping,2024-04,500.0,1.622935799682319,498.3770642003177
U066,Shopping,2024-05,1295.5,0.5325316014863302,1294.9674683985136
U067,Bills,2024-05,0.0,2.226716124375303,2.226716124375303
U067,Bills,2024-06,0.0,3.2311581233654447,3.2311581233654447
U067,Bills,2024-07,0.0,3.1529627114682706,3.1529627114682706
U067,Bills,2024-08,0.0,2.9311542028026207,2.9311542028026207
U067,Bills,2024-09,0.0,2.802541497730425,2.802541497730425
U067,Bills,2024-10,0.0,2.669782280269477,2.669782280269477
U067,Bills,2024-11,3064.0,3.1241614481098763,3060.87583855189
U067,Bills,2024-12,9302.0,2.329153381647706,9299.670846618352
U067,Food,2023-10,0.0,2.184604656446028,2.184604656446028
U067,Food,2023-11,0.0,1.8572302708777366,1.8572302708777366
U067,Food,2023-12,0.0,1.7589561936604499,1.7589561936604499
U067,Food,2024-01,0.0,1.742605803779599,1.742605803779599
U067,Food,2024-02,0.0,1.78037315686798,1.78037315686798
U067,Food,2024-03,0.0,2.0235869492415324,2.0235869492415324
U067,Food,2024-04,0.0,1.9844451122178643,1.9844451122178643
U067,Food,2024-05,3315.0,1.6356447047143288,3313.364355295286
U067,Shopping,2022-04,0.0,1.622935799682319,1.622935799682319
U067,Shopping,2022-05,0.0,1.4004335929177936,1.4004335929177936
U067,Shopping,2022-06,0.0,1.3086460102894746,1.3086460102894746
U067,Shopping,2022-07,6085.979999999998,1.3296454101124717,6084.650354589885
U068,Bills,2024-08,0.0,2.9311542028026207,2.9311542028026207
U068,Bills,2024-09,0.0,2.802541497730425,2.802541497730425
U068,Bills,2024-10,5766.0,2.669782280269477,5763.33021771973
U068,Bills,2024-11,0.0,3.0326260941012624,3.0326260941012624
U068,Bills,2024-12,44196.0,5.960198483471231,44190.03980151653
U068,Entertainment,2024-05,2596.0,0.48338714037991565,2595.51661285962
U068,Entertainment,2024-06,0.0,0.13908069868455428,0.13908069868455428
U068,Entertainment,2024-07,0.0,1.8400873303310599,1.8400873303310599
U068,Entertainment,2024-08,0.0,0.5367412506982978,0.5367412506982978
U068,Entertainment,2024-09,9794.0,1.3519534554398889,9792.64804654456
U068,Entertainment,2024-10,8124.0,0.2536758022914385,8123.746324197708
U068,Food,2024-05,0.0,2.108969723935907,2.108969723935907
U068,Food,2024-06,0.0,1.9436123687065927,1.9436123687065927
U068,Food,2024-07,0.0,0.6441578054698065,0.6441578054698065
U068,Food,2024-08,0.0,1.7781663363657025,1.7781663363657025
U068,Food,2024-09,2044.0,1.777211949598251,2042.2227880504017
U068,Food,2024-10,4074.0,1.0356140873175086,4072.9643859126827
U068,Food,2024-11,0.0,1.7189685213202464,1.7189685213202464
U068,Food,2024-12,8171.0,1.8486249446215601,8169.151375055379
U068,Shopping,2024-05,1679.31,0.4378879789323023,1678.8721120210676
U068,Shopping,2024-06,0.0,3.0002152171841656,3.0002152171841656
U068,Shopping,2024-07,0.0,0.8056045992433778,0.8056045992433778
U068,Shopping,2024-08,0.0,0.9061867959311853,0.9061867959311853
U068,Shopping,2024-09,6085.979999999998,1.664443917937822,6084.31555608206
U068,Shopping,2024-10,5202.67,0.6159338366976936,5202.054066163302
U068,Shopping,2024-11,0.0,1.1482238905352151,1.1482238905352151
U068,Shopping,2024-12,2777.66,1.1151549791401885,2776.5448450208596
U069,Bills,2024-03,9323.0,2.949181490600317,9320.0508185094
U069,Bills,2024-04,0.0,0.5020602514619397,0.5020602514619397
U069,Bills,2024-05,0.0,0.6796373505247819,0.6796373505247819
U069,Bills,2024-06,0.0,3.6560150511263902,3.6560150511263902
U069,Bills,2024-07,19125.0,3.1529627114682706,19121.84703728853
U069,Food,2024-04,0.0,1.9844451122178643,1.9844451122178643
U069,Food,2024-05,0.0,1.6356447047143288,1.6356447047143288
U069,Food,2024-06,7908.0,1.5112204884042004,7906.488779511596
U069,Food,2024-07,0.0,0.5135912728665624,0.5135912728665624
U069,Food,2024-08,0.0,1.0012673592530894,1.0012673592530894
U069,Food,2024-09,0.0,1.3824318271352372,1.3824318271352372
U069,Food,2024-10,0.0,2.184604656446028,2.184604656446028
U069,Food,2024-11,0.0,1.8572302708777366,1.8572302708777366
U069,Food,2024-12,6464.0,1.7589561936604499,6462.24104380634
U069,Shopping,2024-04,0.0,1.622935799682319,1.622935799682319
U069,Shopping,2024-05,0.0,1.4004335929177936,1.4004335929177936
U069,Shopping,2024-06,3135.15,1.3086460102894746,3133.8413539897106
U069,Shopping,2024-07,0.0,1.3185652871725786,1.3185652871725786
U069,Shopping,2024-08,0.0,0.9083832738046882,0.9083832738046882
U069,Shopping,2024-09,0.0,1.6544107254684248,1.6544107254684248
U069,Shopping,2024-10,0.0,2.046873845516607,2.046873845516607
U069,Shopping,2024-11,708.92,1.6742505422440779,707.2457494577559
U069,Shopping,2024-12,666.86,1.8968662284148894,664.9631337715851
U069,Transport,2023-05,0.0,1.3411764251370029,1.3411764251370029
U069,Transport,2023-06,0.0,1.2467494947004258,1.2467494947004258
U069,Transport,2023-07,0.0,1.1507372701204015,1.1507372701204015
U069,Transport,2023-08,0.0,1.5415287071402988,1.5415287071402988
U069,Transport,2023-09,0.0,1.6540408114498377,1.6540408114498377
U069,Transport,2023-10,6461.0,1.6909835725826596,6459.309016427417
U070,Food,2023-08,0.0,1.1913872242688952,1.1913872242688952
U070,Food,2023-09,0.0,1.777211949598251,1.777211949598251
U070,Food,2023-10,0.0,2.184604656446028,2.184604656446028
U070,Food,2023-11,0.0,1.8572302708777366,1.8572302708777366
U070,Food,2023-12,0.0,1.7589561936604499,1.7589561936604499
U070,Food,2024-01,0.0,1.742605803779599,1.742605803779599
U070,Food,2024-02,0.0,1.78037315686798,1.78037315686798
U070,Food,2024-03,2570.0,2.0235869492415324,2567.9764130507583
U070,Shopping,2023-09,0.0,1.664443917937822,1.664443917937822
U070,Shopping,2023-10,0.0,2.046873845516607,2.046873845516607
U070,Shopping,2023-11,0.0,1.6742505422440779,1.6742505422440779
U070,Shopping,2023-12,0.0,1.703250397544633,1.703250397544633
U070,Shopping,2024-01,0.0,1.5772050409505152,1.5772050409505152
U070,Shopping,2024-02,500.0,1.5103530898038673,498.48964691019614
U070,Transport,2024-03,0.0,2.0421745874137884,2.0421745874137884
U070,Transport,2024-04,0.0,1.5456720047772534,1.5456720047772534
U070,Transport,2024-05,0.0,1.3411764251370029,1.3411764251370029
U070,Transport,2024-06,0.0,1.2467494947004258,1.2467494947004258
U070,Transport,2024-07,0.0,1.1507372701204015,1.1507372701204015
U070,Transport,2024-08,0.0,1.5415287071402988,1.5415287071402988
U070,Transport,2024-09,0.0,1.6540408114498377,1.6540408114498377
U070,Transport,2024-10,1544.0,1.6909835725826596,1542.3090164274174
U071,Bills,2023-04,4991.0,2.9969170640958853,4988.003082935904
U071,Bills,2023-05,7568.0,3.5222030929639887,7564.4777969070365
U071,Bills,2023-06,28559.0,4.368668467859897,28554.63133153214
U071,Bills,2023-07,0.0,4.039552032158793,4.039552032158793
U071,Bills,2023-08,0.0,1.619808954469843,1.619808954469843
U071,Bills,2023-09,0.0,1.275084830496279,1.275084830496279
U071,Bills,2023-10,1667.0,2.669782280269477,1664.3302177197306
U071,Food,2024-02,5328.0,1.78037315686798,5326.219626843132
U071,Food,2024-03,0.0,0.4097321997416708,0.4097321997416708
U071,Food,2024-04,0.0,2.290455104920203,2.290455104920203
U071,Food,2024-05,0.0,0.8927820197767342,0.8927820197767342
U071,Food,2024-06,0.0,1.5112204884042004,1.5112204884042004
U071,Food,2024-07,0.0,1.4456610593873394,1.4456610593873394
U071,Food,2024-08,0.0,1.7781663363657025,1.7781663363657025
U071,Food,2024-09,0.0,1.777211949598251,1.777211949598251
U071,Food,2024-10,3328.0,2.184604656446028,3325.815395343554
U071,Health,2024-05,0.0,2.426325084387797,2.426325084387797
U071,Health,2024-06,0.0,2.0761330805317253,2.0761330805317253
U071,Health,2024-07,0.0,0.3829880682658943,0.3829880682658943
U071,Health,2024-08,5332.0,0.40834551294692806,5331.591654487053
U071,Health,2024-09,0.0,0.1460279337054877,0.1460279337054877
U071,Health,2024-10,0.0,0.17161286822351396,0.17161286822351396
U071,Health,2024-11,0.0,0.024303847542027038,0.024303847542027038
U071,Health,2024-12,6626.0,0.07216641047055074,6625.92783358953
U071,Shopping,2023-03,0.0,1.6125022340293254,1.6125022340293254
U071,Shopping,2023-04,500.0,1.622935799682319,498.3770642003177
U071,Shopping,2023-05,0.0,0.5325316014863302,0.5325316014863302
U071,Shopping,2023-06,854.58,1.5320180317873482,853.0479819682126
U071,Shopping,2023-07,0.0,0.6847344458386144,0.6847344458386144
U071,Shopping,2023-08,4671.0,4.226819340799863,4666.7731806592
U071,Transport,2024-04,0.0,1.4933679942880178,1.4933679942880178
U071,Transport,2024-05,0.0,0.7892755893666752,0.7892755893666752
U071,Transport,2024-06,0.0,1.2467494947004258,1.2467494947004258
U071,Transport,2024-07,0.0,1.1507372701204015,1.1507372701204015
U071,Transport,2024-08,0.0,1.5415287071402988,1.5415287071402988
U071,Transport,2024-09,0.0,1.6540408114498377,1.6540408114498377
U071,Transport,2024-10,7866.0,1.6909835725826596,7864.309016427417
U072,Bills,2024-03,0.0,2.949181490600317,2.949181490600317
U072,Bills,2024-04,0.0,2.9969170640958853,2.9969170640958853
U072,Bills,2024-05,13169.0,2.6237742603611762,13166.37622573964
U072,Bills,2024-06,0.0,4.407968137349985,4.407968137349985
U072,Bills,2024-07,0.0,0.3633866400684081,0.3633866400684081
U072,Bills,2024-08,0.0,2.2665297393254806,2.2665297393254806
U072,Bills,2024-09,0.0,2.802541497730425,2.802541497730425
U072,Bills,2024-10,0.0,2.669782280269477,2.669782280269477
U072,Bills,2024-11,32903.0,3.1241614481098763,32899.87583855189
U072,Food,2024-04,0.0,1.9844451122178643,1.9844451122178643
U072,Food,2024-05,0.0,1.6356447047143288,1.6356447047143288
U072,Food,2024-06,0.0,1.5112204884042004,1.5112204884042004
U072,Food,2024-07,0.0,1.4456610593873394,1.4456610593873394
U072,Food,2024-08,0.0,1.7781663363657025,1.7781663363657025
U072,Food,2024-09,0.0,1.777211949598251,1.777211949598251
U072,Food,2024-10,0.0,2.184604656446028,2.184604656446028
U072,Food,2024-11,8768.0,1.8572302708777366,8766.142769729122
U072,Shopping,2024-04,0.0,1.622935799682319,1.622935799682319
U072,Shopping,2024-05,500.0,1.4004335929177936,498.5995664070822
U072,Shopping,2024-06,0.0,0.5335855192992911,0.5335855192992911
U072,Shopping,2024-07,0.0,3.2092026694384534,3.2092026694384534
U072,Shopping,2024-08,0.0,2.1678825054092594,2.1678825054092594
U072,Shopping,2024-09,0.0,1.664443917937822,1.664443917937822
U072,Shopping,2024-10,0.0,2.046873845516607,2.046873845516607
U072,Shopping,2024-11,2294.53,1.6742505422440779,2292.8557494577562
U072,Transport,2024-02,0.0,1.9866871986943244,1.9866871986943244
U072,Transport,2024-03,0.0,1.6569918167578055,1.6569918167578055
U072,Transport,2024-04,0.0,1.4756468194099863,1.4756468194099863
U072,Transport,2024-05,0.0,1.3411764251370029,1.3411764251370029
U072,Transport,2024-06,0.0,1.2467494947004258,1.2467494947004258
U072,Transport,2024-07,0.0,1.1507372701204015,1.1507372701204015
U072,Transport,2024-08,0.0,1.5415287071402988,1.5415287071402988
U072,Transport,2024-09,0.0,1.6540408114498377,1.6540408114498377
U072,Transport,2024-10,7779.0,1.6909835725826596,7777.309016427417
U073,Bills,2023-06,0.0,3.4154368418980727,3.4154368418980727
U073,Bills,2023-07,0.0,3.1529627114682706,3.1529627114682706
U073,Bills,2023-08,0.0,2.9311542028026207,2.9311542028026207
U073,Bills,2023-09,0.0,2.802541497730425,2.802541497730425
U073,Bills,2023-10,0.0,2.669782280269477,2.669782280269477
U073,Bills,2023-11,6555.0,3.1241614481098763,6551.87583855189
U073,Transport,2023-12,0.0,1.8515011584818208,1.8515011584818208
U073,Transport,2024-01,0.0,2.0773911431466217,2.0773911431466217
U073,Transport,2024-02,0.0,1.9866871986943244,1.9866871986943244
U073,Transport,2024-03,0.0,1.6569918167578055,1.6569918167578055
U073,Transport,2024-04,0.0,1.4756468194099863,1.4756468194099863
U073,Transport,2024-05,0.0,1.3411764251370029,1.3411764251370029
U073,Transport,2024-06,0.0,1.2467494947004258,1.2467494947004258
U073,Transport,2024-07,8012.0,1.1507372701204015,8010.849262729879
U074,Bills,2023-12,0.0,3.1808002087834897,3.1808002087834897
U074,Bills,2024-01,0.0,3.4926114860631907,3.4926114860631907
U074,Bills,2024-02,0.0,2.1158642652680886,2.1158642652680886
U074,Bills,2024-03,0.0,2.949181490600317,2.949181490600317
U074,Bills,2024-04,0.0,2.9969170640958853,2.9969170640958853
U074,Bills,2024-05,0.0,2.6237742603611762,2.6237742603611762
U074,Bills,2024-06,0.0,3.2311581233654447,3.2311581233654447
U074,Bills,2024-07,2578.0,3.1529627114682706,2574.8470372885317
U074,Entertainment,2024-04,0.0,0.6967808652490657,0.6967808652490657
U074,Entertainment,2024-05,0.0,0.48338714037991565,0.48338714037991565
U074,Entertainment,2024-06,0.0,0.6841403631402618,0.6841403631402618
U074,Entertainment,2024-07,0.0,1.0560113112551708,1.0560113112551708
U074,Entertainment,2024-08,0.0,1.8969819601148328,1.8969819601148328
U074,Entertainment,2024-09,0.0,1.3519534554398889,1.3519534554398889
U074,Entertainment,2024-10,0.0,1.3377460388348332,1.3377460388348332
U074,Entertainment,2024-11,7517.0,1.2204648306410655,7515.7795351693585
U074,Food,2024-01,0.0,16.126578111498638,16.126578111498638
U074,Food,2024-02,0.0,0.7799783719927753,0.7799783719927753
U074,Food,2024-03,1941.0,2.0235869492415324,1938.9764130507585
U074,Food,2024-04,0.0,1.7983733474994588,1.7983733474994588
U074,Food,2024-05,7118.0,2.5666315272400424,7115.43336847276
U074,Food,2024-06,0.0,3.0940534200485423,3.0940534200485423
U074,Food,2024-07,0.0,2.1471106722848448,2.1471106722848448
U074,Food,2024-08,2115.0,5.909816197304657,2109.0901838026953
U074,Shopping,2024-05,2319.72,1.903289487749861,2317.8167105122498
U074,Shopping,2024-06,0.0,0.4601098723844419,0.4601098723844419
U074,Shopping,2024-07,0.0,0.682701452976886,0.682701452976886
U074,Shopping,2024-08,736.13,0.7973659196913407,735.3326340803087
U074,Shopping,2024-09,0.0,0.9889027286604506,0.9889027286604506
U074,Shopping,2024-10,0.0,2.296946618809675,2.296946618809675
U074,Shopping,2024-11,4198.69,1.3808406740455452,4197.309159325954
U074,Transport,2024-05,0.0,3.4259562407074737,3.4259562407074737
U074,Transport,2024-06,0.0,0.5283189089030764,0.5283189089030764
U074,Transport,2024-07,0.0,1.1507372701204015,1.1507372701204015
U074,Transport,2024-08,1434.0,1.5415287071402988,1432.4584712928597
U075,Bills,2024-02,0.0,2.1158642652680886,2.1158642652680886
U075,Bills,2024-03,0.0,2.949181490600317,2.949181490600317
U075,Bills,2024-04,0.0,2.9969170640958853,2.9969170640958853
U075,Bills,2024-05,35588.0,2.6237742603611762,35585.37622573964
U075,Bills,2024-06,0.0,1.30744527440363,1.30744527440363
U075,Bills,2024-07,0.0,88.2278722121542,88.2278722121542
U075,Bills,2024-08,0.0,4.818847619101007,4.818847619101007
U075,Bills,2024-09,8609.0,2.802541497730425,8606.197458502269
U075,Entertainment,2024-04,0.0,0.6967808652490657,0.6967808652490657
U075,Entertainment,2024-05,0.0,0.48338714037991565,0.48338714037991565
U075,Entertainment,2024-06,0.0,0.6841403631402618,0.6841403631402618
U075,Entertainment,2024-07,0.0,1.0560113112551708,1.0560113112551708
U075,Entertainment,2024-08,0.0,1.8969819601148328,1.8969819601148328
U075,Entertainment,2024-09,0.0,1.3519534554398889,1.3519534554398889
U075,Entertainment,2024-10,5381.0,1.3377460388348332,5379.662253961165
U075,Food,2024-05,0.0,1.2700911806954642,1.2700911806954642
U075,Food,2024-06,0.0,1.5717612102412115,1.5717612102412115
U075,Food,2024-07,0.0,1.4456610593873394,1.4456610593873394
U075,Food,2024-08,0.0,1.7781663363657025,1.7781663363657025
U075,Food,2024-09,0.0,1.777211949598251,1.777211949598251
U075,Food,2024-10,0.0,2.184604656446028,2.184604656446028
U075,Food,2024-11,0.0,1.8572302708777366,1.8572302708777366
U075,Food,2024-12,5286.0,1.7589561936604499,5284.24104380634
U075,Shopping,2024-05,0.0,1.4004335929177936,1.4004335929177936
U075,Shopping,2024-06,0.0,1.3086460102894746,1.3086460102894746
U075,Shopping,2024-07,0.0,1.3296454101124717,1.3296454101124717
U075,Shopping,2024-08,0.0,1.8021512413813277,1.8021512413813277
U075,Shopping,2024-09,0.0,1.664443917937822,1.664443917937822
U075,Shopping,2024-10,2845.54,2.046873845516607,2843.4931261544834
U075,Shopping,2024-11,0.0,0.2433239355645782,0.2433239355645782
U075,Shopping,2024-12,2180.04,4.472474314294988,2175.567525685705
U075,Transport,2023-07,0.0,1.497555021069938,1.497555021069938
U075,Transport,2023-08,0.0,1.5415287071402988,1.5415287071402988
U075,Transport,2023-09,0.0,1.6540408114498377,1.6540408114498377
U075,Transport,2023-10,0.0,1.6909835725826596,1.6909835725826596
U075,Transport,2023-11,0.0,1.157861112543395,1.157861112543395
U075,Transport,2023-12,0.0,1.8515011584818208,1.8515011584818208
U075,Transport,2024-01,6332.0,2.0773911431466217,6329.922608856853
U076,Bills,2024-03,0.0,3.9837912974924707,3.9837912974924707
U076,Bills,2024-04,0.0,5.109423808686695,5.109423808686695
U076,Bills,2024-05,0.0,2.6237742603611762,2.6237742603611762
U076,Bills,2024-06,0.0,3.2311581233654447,3.2311581233654447
U076,Bills,2024-07,0.0,3.1529627114682706,3.1529627114682706
U076,Bills,2024-08,0.0,2.9311542028026207,2.9311542028026207
U076,Bills,2024-09,0.0,2.802541497730425,2.802541497730425
U076,Bills,2024-10,266.0,2.669782280269477,263.3302177197305
U076,Food,2023-10,0.0,2.184604656446028,2.184604656446028
U076,Food,2023-11,0.0,1.8572302708777366,1.8572302708777366
U076,Food,2023-12,3602.0,1.7589561936604499,3600.2410438063393
U076,Food,2024-01,0.0,0.8082123677076121,0.8082123677076121
U076,Food,2024-02,7712.0,0.8520252938577797,7711.147974706142
U076,Shopping,2023-09,0.0,1.664443917937822,1.664443917937822
U076,Shopping,2023-10,0.0,2.046873845516607,2.046873845516607
U076,Shopping,2023-11,0.0,1.6742505422440779,1.6742505422440779
U076,Shopping,2023-12,0.0,1.703250397544633,1.703250397544633
U076,Shopping,2024-01,0.0,1.5772050409505152,1.5772050409505152
U076,Shopping,2024-02,2960.18,1.5103530898038673,2958.6696469101958
U077,Bills,2024-02,0.0,1.4434595699574135,1.4434595699574135
U077,Bills,2024-03,0.0,6.652387637617852,6.652387637617852
U077,Bills,2024-04,0.0,2.1987674573312685,2.1987674573312685
U077,Bills,2024-05,1215.0,2.6237742603611762,1212.3762257396388
U077,Bills,2024-06,0.0,1.4139392310506662,1.4139392310506662
U077,Bills,2024-07,0.0,3.2530519225385595,3.2530519225385595
U077,Bills,2024-08,0.0,1.5591334466637945,1.5591334466637945
U077,Bills,2024-09,9166.0,2.802541497730425,9163.197458502269
U077,Bills,2024-10,47640.09999999999,4.203379673165889,47635.89662032683
U077,Entertainment,2022-11,0.0,1.2204648306410655,1.2204648306410655
U077,Entertainment,2022-12,0.0,0.25948874456544024,0.25948874456544024
U077,Entertainment,2023-01,0.0,2.309442154372805,2.309442154372805
U077,Entertainment,2023-02,0.0,1.046060205624292,1.046060205624292
U077,Food,2023-11,3391.0,1.3826285159622156,3389.617371484038
U077,Food,2023-12,0.0,1.4442611010872257,1.4442611010872257
U077,Food,2024-01,0.0,1.6004789122810785,1.6004789122810785
U077,Food,2024-02,0.0,1.2893819533320192,1.2893819533320192
U077,Food,2024-03,7215.0,2.0235869492415324,7212.976413050758
U077,Shopping,2023-09,0.0,1.664443917937822,1.664443917937822
U077,Shopping,2023-10,0.0,2.046873845516607,2.046873845516607
U077,Shopping,2023-11,849.6,1.6742505422440779,847.925749457756
U077,Shopping,2023-12,0.0,1.2947186051083812,1.2947186051083812
U077,Shopping,2024-01,0.0,3.018513517449108,3.018513517449108
U077,Shopping,2024-02,0.0,0.9571124462103979,0.9571124462103979
U077,Shopping,2024-03,1822.7,1.6125022340293254,1821.0874977659707
U077,Transport,2024-02,0.0,0.5333048900889135,0.5333048900889135
U077,Transport,2024-03,2287.0,1.6569918167578055,2285.343008183242
U077,Transport,2024-04,0.0,0.31532920485911126,0.31532920485911126
U077,Transport,2024-05,0.0,0.9138758103114919,0.9138758103114919
U077,Transport,2024-06,0.0,0.8629176920934609,0.8629176920934609
U077,Transport,2024-07,0.0,1.1507372701204015,1.1507372701204015
U077,Transport,2024-08,0.0,1.5415287071402988,1.5415287071402988
U077,Transport,2024-09,0.0,1.6540408114498377,1.6540408114498377
U077,Transport,2024-10,9296.0,1.6909835725826596,9294.309016427418
U078,Bills,2023-11,0.0,3.1241614481098763,3.1241614481098763
U078,Bills,2023-12,0.0,3.1808002087834897,3.1808002087834897
U078,Bills,2024-01,0.0,3.4926114860631907,3.4926114860631907
U078,Bills,2024-02,0.0,2.1158642652680886,2.1158642652680886
U078,Bills,2024-03,0.0,2.949181490600317,2.949181490600317
U078,Bills,2024-04,1401.0,2.9969170640958853,1398.003082935904
U078,Food,2023-06,0.0,1.5112204884042004,1.5112204884042004
U078,Food,2023-07,395.0,1.4456610593873394,393.55433894061264
U078,Food,2023-08,0.0,0.8602887982703644,0.8602887982703644
U078,Food,2023-09,0.0,1.2444942323725532,1.2444942323725532
U078,Food,2023-10,0.0,2.6249627588218667,2.6249627588218667
U078,Food,2023-11,5140.0,1.8572302708777366,5138.142769729122
U078,Food,2023-12,2741.0,0.1498557198830831,2740.850144280117
U078,Shopping,2023-11,1445.73,0.5584029867140397,1445.171597013286
U078,Shopping,2023-12,0.0,4.727919193387534,4.727919193387534
U078,Shopping,2024-01,0.0,1.3290134389367596,1.3290134389367596
U078,Shopping,2024-02,0.0,6.038747112505026,6.038747112505026
U078,Shopping,2024-03,0.0,1.6125022340293254,1.6125022340293254
U078,Shopping,2024-04,500.0,1.622935799682319,498.3770642003177
U078,Transport,2023-05,0.0,1.3411764251370029,1.3411764251370029
U078,Transport,2023-06,0.0,1.2467494947004258,1.2467494947004258
U078,Transport,2023-07,0.0,1.1507372701204015,1.1507372701204015
U078,Transport,2023-08,0.0,1.5415287071402988,1.5415287071402988
U078,Transport,2023-09,0.0,1.6540408114498377,1.6540408114498377
U078,Transport,2023-10,0.0,1.6909835725826596,1.6909835725826596
U078,Transport,2023-11,15078.0,1.157861112543395,15076.842138887456
U079,Bills,2023-12,0.0,3.1808002087834897,3.1808002087834897
U079,Bills,2024-01,2758.0,3.4926114860631907,2754.507388513937
U079,Bills,2024-02,1000.0,1.0554941942581721,998.9445058057419
U079,Bills,2024-03,0.0,5.25601616101255,5.25601616101255
U079,Bills,2024-04,7181.0,5.274894670354962,7175.725105329645
U079,Food,2023-07,0.0,1.4456610593873394,1.4456610593873394
U079,Food,2023-08,0.0,1.7781663363657025,1.7781663363657025
U079,Food,2023-09,0.0,1.777211949598251,1.777211949598251
U079,Food,2023-10,0.0,2.184604656446028,2.184604656446028
U079,Food,2023-11,0.0,1.8572302708777366,1.8572302708777366
U079,Food,2023-12,0.0,1.7589561936604499,1.7589561936604499
U079,Food,2024-01,125.0,1.742605803779599,123.2573941962204
U080,Bills,2024-04,7463.0,2.9969170640958853,7460.003082935904
U080,Bills,2024-05,0.0,4.000442561753317,4.000442561753317
U080,Bills,2024-06,6402.0,1.8058846063257095,6400.194115393674
U080,Bills,2024-07,0.0,3.8399889923622004,3.8399889923622004
U080,Bills,2024-08,0.0,4.055082306529786,4.055082306529786
U080,Bills,2024-09,0.0,1.068350482241061,1.068350482241061
U080,Bills,2024-10,0.0,2.669782280269477,2.669782280269477
U080,Bills,2024-11,7604.0,3.1241614481098763,7600.87583855189
U080,Food,2024-07,9358.0,1.4456610593873394,9356.554338940612
U080,Food,2024-08,0.0,2.468420180586112,2.468420180586112
U080,Food,2024-09,0.0,0.7173714387237489,0.7173714387237489
U080,Food,2024-10,0.0,0.4359579402897303,0.4359579402897303
U080,Food,2024-11,356.0,1.8572302708777366,354.1427697291223
U080,Food,2024-12,2367.0,1.9507568485514168,2365.0492431514485
U080,Shopping,2024-04,0.0,0.286098887984293,0.286098887984293
U080,Shopping,2024-05,0.0,1.452533941301501,1.452533941301501
U080,Shopping,2024-06,0.0,0.7065008656959015,0.7065008656959015
U080,Shopping,2024-07,3190.33,1.3296454101124717,3189.0003545898876
U080,Shopping,2024-08,0.0,0.562472940569535,0.562472940569535
U080,Shopping,2024-09,6085.979999999998,0.6482120074122635,6085.331787992585
U080,Shopping,2024-10,0.0,15.091254517908393,15.091254517908393
U080,Shopping,2024-11,500.0,4.050883288644783,495.9491167113552
U081,Bills,2023-11,502.0,1.7483131420374387,500.25168685796257
U081,Bills,2023-12,3123.0,3.093498469436395,3119.9065015305637
U081,Bills,2024-01,0.0,4.353466680929488,4.353466680929488
U081,Bills,2024-02,0.0,6.9951255962373775,6.9951255962373775
U081,Bills,2024-03,0.0,2.6741663980100863,2.6741663980100863
U081,Bills,2024-04,16728.0,2.9969170640958853,16725.003082935906
U081,Food,2024-03,0.0,2.0235869492415324,2.0235869492415324
U081,Food,2024-04,0.0,1.9844451122178643,1.9844451122178643
U081,Food,2024-05,0.0,1.6356447047143288,1.6356447047143288
U081,Food,2024-06,0.0,1.5112204884042004,1.5112204884042004
U081,Food,2024-07,742.0,1.4456610593873394,740.5543389406126
U081,Food,2024-08,0.0,0.9773281534469236,0.9773281534469236
U081,Food,2024-09,0.0,2.357871746501999,2.357871746501999
U081,Food,2024-10,2286.0,2.052965467050704,2283.947034532949
U081,Shopping,2023-02,0.0,1.5103530898038673,1.5103530898038673
U081,Shopping,2023-03,0.0,1.6125022340293254,1.6125022340293254
U081,Shopping,2023-04,0.0,1.622935799682319,1.622935799682319
U081,Shopping,2023-05,705.21,1.4004335929177936,703.8095664070822
U082,Bills,2023-04,0.0,2.9969170640958853,2.9969170640958853
U082,Bills,2023-05,0.0,2.6237742603611762,2.6237742603611762
U082,Bills,2023-06,0.0,3.2311581233654447,3.2311581233654447
U082,Bills,2023-07,0.0,3.1529627114682706,3.1529627114682706
U082,Bills,2023-08,6628.0,2.9311542028026207,6625.068845797197
U082,Education,2023-12,0.0,0.6416609703170897,0.6416609703170897
U082,Education,2024-01,9457.0,1.462787125478061,9455.537212874522
U082,Education,2024-02,0.0,0.05579820771889511,0.05579820771889511
U082,Education,2024-03,0.0,47.385483090779175,47.385483090779175
U082,Education,2024-04,0.0,0.31552173496593666,0.31552173496593666
U082,Education,2024-05,0.0,0.7272810883316696,0.7272810883316696
U082,Education,2024-06,2959.0,0.2125562004104604,2958.7874437995897
U082,Food,2023-04,0.0,1.9844451122178643,1.9844451122178643
U082,Food,2023-05,0.0,1.6356447047143288,1.6356447047143288
U082,Food,2023-06,0.0,1.5112204884042004,1.5112204884042004
U082,Food,2023-07,0.0,1.4456610593873394,1.4456610593873394
U082,Food,2023-08,9155.0,1.7781663363657025,9153.221833663634
U082,Shopping,2023-06,0.0,1.3086460102894746,1.3086460102894746
U082,Shopping,2023-07,0.0,1.3296454101124717,1.3296454101124717
U082,Shopping,2023-08,3198.87,1.8021512413813277,3197.0678487586188
U083,Bills,2023-12,0.0,3.1808002087834897,3.1808002087834897
U083,Bills,2024-01,0.0,3.4926114860631907,3.4926114860631907
U083,Bills,2024-02,0.0,2.1158642652680886,2.1158642652680886
U083,Bills,2024-03,0.0,2.949181490600317,2.949181490600317
U083,Bills,2024-04,0.0,2.9969170640958853,2.9969170640958853
U083,Bills,2024-05,3484.0,2.6237742603611762,3481.376225739639
U083,Education,2024-05,0.0,0.7272810883316696,0.7272810883316696
U083,Education,2024-06,0.0,0.2125562004104604,0.2125562004104604
U083,Education,2024-07,0.0,0.19246838180162265,0.19246838180162265
U083,Education,2024-08,0.0,0.7166469300413956,0.7166469300413956
U083,Education,2024-09,1967.0,1.2543420531220222,1965.745657946878
U083,Food,2024-03,0.0,2.0235869492415324,2.0235869492415324
U083,Food,2024-04,0.0,1.9844451122178643,1.9844451122178643
U083,Food,2024-05,8928.0,1.6356447047143288,8926.364355295285
U083,Food,2024-06,0.0,10.728531971274183,10.728531971274183
U083,Food,2024-07,0.0,1.9723009838220342,1.9723009838220342
U083,Food,2024-08,0.0,0.6662184738758343,0.6662184738758343
U083,Food,2024-09,0.0,1.777211949598251,1.777211949598251
U083,Food,2024-10,730.0,2.184604656446028,727.815395343554
U083,Food,2024-11,1518.0,1.1593035614727936,1516.8406964385272
U083,Shopping,2024-03,0.0,1.6125022340293254,1.6125022340293254
U083,Shopping,2024-04,0.0,1.622935799682319,1.622935799682319
U083,Shopping,2024-05,500.0,1.4004335929177936,498.5995664070822
U083,Shopping,2024-06,0.0,0.5335855192992911,0.5335855192992911
U083,Shopping,2024-07,0.0,3.2092026694384534,3.2092026694384534
U083,Shopping,2024-08,0.0,2.1678825054092594,2.1678825054092594
U083,Shopping,2024-09,0.0,1.664443917937822,1.664443917937822
U083,Shopping,2024-10,0.0,2.046873845516607,2.046873845516607
U083,Shopping,2024-11,500.0,1.6742505422440779,498.32574945775593
U083,Transport,2023-11,0.0,1.157861112543395,1.157861112543395
U083,Transport,2023-12,8434.0,1.8515011584818208,8432.148498841518
U083,Transport,2024-01,744.0,7.995332727464813,736.0046672725352
U083,Transport,2024-02,2535.0,5.357807930458654,2529.642192069541
U083,Transport,2024-03,0.0,1.9592909073956228,1.9592909073956228
U083,Transport,2024-04,8216.0,0.8637046741602743,8215.13629532584
U084,Bills,2023-11,1398.0,3.1241614481098763,1394.8758385518902
U084,Bills,2023-12,0.0,2.3463291886892446,2.3463291886892446
U084,Bills,2024-01,0.0,4.059176295493997,4.059176295493997
U084,Bills,2024-02,0.0,1.2140577142654823,1.2140577142654823
U084,Bills,2024-03,0.0,2.949181490600317,2.949181490600317
U084,Bills,2024-04,0.0,2.9969170640958853,2.9969170640958853
U084,Bills,2024-05,0.0,2.6237742603611762,2.6237742603611762
U084,Bills,2024-06,4518.0,3.2311581233654447,4514.768841876635
U084,Food,2024-05,0.0,2.7307097069659534,2.7307097069659534
U084,Food,2024-06,0.0,6.515091689639331,6.515091689639331
U084,Food,2024-07,0.0,1.1075916239905603,1.1075916239905603
U084,Food,2024-08,0.0,1.7781663363657025,1.7781663363657025
U084,Food,2024-09,0.0,1.777211949598251,1.777211949598251
U084,Food,2024-10,0.0,2.184604656446028,2.184604656446028
U084,Food,2024-11,6829.0,1.8572302708777366,6827.142769729122
U084,Shopping,2024-03,0.0,1.6125022340293254,1.6125022340293254
U084,Shopping,2024-04,2830.68,1.622935799682319,2829.0570642003177
U084,Shopping,2024-05,0.0,0.44022013512710595,0.44022013512710595
U084,Shopping,2024-06,0.0,1.3309632763750225,1.3309632763750225
U084,Shopping,2024-07,0.0,1.3824369422350684,1.3824369422350684
U084,Shopping,2024-08,0.0,1.8021512413813277,1.8021512413813277
U084,Shopping,2024-09,0.0,1.664443917937822,1.664443917937822
U084,Shopping,2024-10,0.0,2.046873845516607,2.046873845516607
U084,Shopping,2024-11,3183.14,1.6742505422440779,3181.465749457756
U085,Bills,2024-05,0.0,2.6237742603611762,2.6237742603611762
U085,Bills,2024-06,0.0,3.2311581233654447,3.2311581233654447
U085,Bills,2024-07,0.0,3.1529627114682706,3.1529627114682706
U085,Bills,2024-08,0.0,2.9311542028026207,2.9311542028026207
U085,Bills,2024-09,0.0,2.802541497730425,2.802541497730425
U085,Bills,2024-10,0.0,2.669782280269477,2.669782280269477
U085,Bills,2024-11,0.0,3.1241614481098763,3.1241614481098763
U085,Bills,2024-12,8373.0,3.1808002087834897,8369.819199791216
U085,Food,2024-04,0.0,1.3401472738280686,1.3401472738280686
U085,Food,2024-05,0.0,1.0508634964827017,1.0508634964827017
U085,Food,2024-06,0.0,0.8392922352751035,0.8392922352751035
U085,Food,2024-07,0.0,1.4456610593873394,1.4456610593873394
U085,Food,2024-08,941.0,1.7781663363657025,939.2218336636342
U085,Food,2024-09,1515.0,2.4925037016835883,1512.5074962983165
U085,Food,2024-10,0.0,1.12012704261728,1.12012704261728
U085,Food,2024-11,12890.0,0.8287219592550927,12889.171278040745
U085,Shopping,2024-04,0.0,1.622935799682319,1.622935799682319
U085,Shopping,2024-05,0.0,1.4004335929177936,1.4004335929177936
U085,Shopping,2024-06,0.0,1.3086460102894746,1.3086460102894746
U085,Shopping,2024-07,0.0,1.3296454101124717,1.3296454101124717
U085,Shopping,2024-08,0.0,1.8021512413813277,1.8021512413813277
U085,Shopping,2024-09,514.73,1.664443917937822,513.0655560820622
U085,Shopping,2024-10,0.0,1.9882740708729107,1.9882740708729107
U085,Shopping,2024-11,4794.17,1.5921401678097675,4792.57785983219
U086,Bills,2024-01,0.0,3.4926114860631907,3.4926114860631907
U086,Bills,2024-02,0.0,2.1158642652680886,2.1158642652680886
U086,Bills,2024-03,0.0,2.949181490600317,2.949181490600317
U086,Bills,2024-04,0.0,2.9969170640958853,2.9969170640958853
U086,Bills,2024-05,0.0,2.6237742603611762,2.6237742603611762
U086,Bills,2024-06,5280.0,3.2311581233654447,5276.768841876635
U086,Bills,2024-07,0.0,4.386128045182171,4.386128045182171
U086,Bills,2024-08,0.0,4.020288809681827,4.020288809681827
U086,Bills,2024-09,9236.0,1.156353173564379,9234.843646826435
U086,Food,2024-04,0.0,1.1094934905705833,1.1094934905705833
U086,Food,2024-05,0.0,3.65071505195556,3.65071505195556
U086,Food,2024-06,0.0,1.5112204884042004,1.5112204884042004
U086,Food,2024-07,0.0,1.4456610593873394,1.4456610593873394
U086,Food,2024-08,0.0,1.7781663363657025,1.7781663363657025
U086,Food,2024-09,0.0,1.777211949598251,1.777211949598251
U086,Food,2024-10,0.0,2.184604656446028,2.184604656446028
U086,Food,2024-11,0.0,1.8572302708777366,1.8572302708777366
U086,Food,2024-12,894.0,1.7589561936604499,892.2410438063396
U086,Shopping,2023-05,5085.85,1.4004335929177936,5084.449566407083
U086,Shopping,2023-06,0.0,0.6056514604935836,0.6056514604935836
U086,Shopping,2023-07,0.0,1.3922910662304409,1.3922910662304409
U086,Shopping,2023-08,0.0,0.3183183195212161,0.3183183195212161
U086,Shopping,2023-09,0.0,1.664443917937822,1.664443917937822
U086,Shopping,2023-10,0.0,2.046873845516607,2.046873845516607
U086,Shopping,2023-11,645.17,1.6742505422440779,643.4957494577559
U086,Transport,2023-03,0.0,1.6569918167578055,1.6569918167578055
U086,Transport,2023-04,0.0,1.4756468194099863,1.4756468194099863
U086,Transport,2023-05,0.0,1.3411764251370029,1.3411764251370029
U086,Transport,2023-06,0.0,1.2467494947004258,1.2467494947004258
U086,Transport,2023-07,0.0,1.1507372701204015,1.1507372701204015
U086,Transport,2023-08,1706.0,1.5415287071402988,1704.4584712928597
U087,Bills,2023-12,0.0,1.5759924243576058,1.5759924243576058
U087,Bills,2024-01,0.0,3.4926114860631907,3.4926114860631907
U087,Bills,2024-02,0.0,2.1158642652680886,2.1158642652680886
U087,Bills,2024-03,0.0,2.949181490600317,2.949181490600317
U087,Bills,2024-04,0.0,2.9969170640958853,2.9969170640958853
U087,Bills,2024-05,9040.0,2.6237742603611762,9037.37622573964
U087,Bills,2024-06,0.0,1.5678510328227167,1.5678510328227167
U087,Bills,2024-07,0.0,0.2799126797643788,0.2799126797643788
U087,Bills,2024-08,2970.0,0.7776954706475627,2969.2223045293526
U087,Food,2024-01,0.0,1.742605803779599,1.742605803779599
U087,Food,2024-02,0.0,1.78037315686798,1.78037315686798
U087,Food,2024-03,0.0,2.0235869492415324,2.0235869492415324
U087,Food,2024-04,0.0,1.9844451122178643,1.9844451122178643
U087,Food,2024-05,0.0,1.6356447047143288,1.6356447047143288
U087,Food,2024-06,0.0,1.5112204884042004,1.5112204884042004
U087,Food,2024-07,0.0,1.4456610593873394,1.4456610593873394
U087,Food,2024-08,7933.0,1.7781663363657025,7931.221833663634
U087,Shopping,2024-01,0.0,1.5772050409505152,1.5772050409505152
U087,Shopping,2024-02,0.0,1.5103530898038673,1.5103530898038673
U087,Shopping,2024-03,0.0,1.6125022340293254,1.6125022340293254
U087,Shopping,2024-04,0.0,1.622935799682319,1.622935799682319
U087,Shopping,2024-05,500.0,1.4004335929177936,498.5995664070822
U087,Shopping,2024-06,0.0,0.5335855192992911,0.5335855192992911
U087,Shopping,2024-07,0.0,3.2092026694384534,3.2092026694384534
U087,Shopping,2024-08,3185.8,2.1678825054092594,3183.632117494591
U088,Bills,2024-04,0.0,2.9969170640958853,2.9969170640958853
U088,Bills,2024-05,0.0,2.6237742603611762,2.6237742603611762
U088,Bills,2024-06,0.0,3.2311581233654447,3.2311581233654447
U088,Bills,2024-07,0.0,3.1529627114682706,3.1529627114682706
U088,Bills,2024-08,1973.0,2.9311542028026207,1970.0688457971974
U088,Bills,2024-09,16713.0,1.558340429757695,16711.441659570242
U088,Food,2024-05,0.0,3.123951102719573,3.123951102719573
U088,Food,2024-06,0.0,0.850035061072536,0.850035061072536
U088,Food,2024-07,4749.0,1.4456610593873394,4747.554338940613
U088,Food,2024-08,0.0,0.16891005610878418,0.16891005610878418
U088,Food,2024-09,0.0,1.021802024212218,1.021802024212218
U088,Food,2024-10,7355.0,0.8083098391662646,7354.191690160834
U088,Shopping,2024-05,0.0,1.4004335929177936,1.4004335929177936
U088,Shopping,2024-06,6085.979999999998,1.3086460102894746,6084.671353989708
U088,Shopping,2024-07,0.0,3.2596833835378316,3.2596833835378316
U088,Shopping,2024-08,500.0,1.5629415465232408,498.43705845347677
U088,Shopping,2024-09,0.0,0.8866508390109067,0.8866508390109067
U088,Shopping,2024-10,2035.13,2.4161274721986623,2032.7138725278014
U088,Transport,2024-01,0.0,2.0773911431466217,2.0773911431466217
U088,Transport,2024-02,0.0,1.9866871986943244,1.9866871986943244
U088,Transport,2024-03,0.0,1.6569918167578055,1.6569918167578055
U088,Transport,2024-04,0.0,1.4756468194099863,1.4756468194099863
U088,Transport,2024-05,0.0,1.3411764251370029,1.3411764251370029
U088,Transport,2024-06,0.0,1.2467494947004258,1.2467494947004258
U088,Transport,2024-07,0.0,1.1507372701204015,1.1507372701204015
U088,Transport,2024-08,0.0,1.5415287071402988,1.5415287071402988
U088,Transport,2024-09,4761.0,1.6540408114498377,4759.34595918855
U089,Bills,2024-01,5391.0,3.4926114860631907,5387.507388513937
U089,Bills,2024-02,0.0,1.9718365708067398,1.9718365708067398
U089,Bills,2024-03,47640.09999999999,3.4252793753935897,47636.6747206246
U089,Bills,2024-04,0.0,6.537849309044136,6.537849309044136
U089,Bills,2024-05,46614.0,1.9997141706373007,46612.00028582936
U089,Bills,2024-06,0.0,58.54382389543812,58.54382389543812
U089,Bills,2024-07,0.0,0.36751702789760016,0.36751702789760016
U089,Bills,2024-08,47640.09999999999,0.8358800375072128,47639.264119962485
U089,Education,2024-04,1925.0,1.7368249089312409,1923.2631750910687
U089,Education,2024-05,0.0,0.4925203464003253,0.4925203464003253
U089,Education,2024-06,0.0,0.07489710835248907,0.07489710835248907
U089,Education,2024-07,0.0,0.056350367170109876,0.056350367170109876
U089,Education,2024-08,0.0,0.7166469300413956,0.7166469300413956
U089,Education,2024-09,0.0,1.2543420531220222,1.2543420531220222
U089,Education,2024-10,9806.0,1.5351751276678787,9804.464824872332
U089,Entertainment,2022-12,0.0,0.25948874456544024,0.25948874456544024
U089,Entertainment,2023-01,0.0,2.309442154372805,2.309442154372805
U089,Entertainment,2023-02,0.0,1.046060205624292,1.046060205624292
U089,Entertainment,2023-03,0.0,0.6664960178633292,0.6664960178633292
U089,Entertainment,2023-04,0.0,0.6967808652490657,0.6967808652490657
U089,Entertainment,2023-05,18056.0,0.48338714037991565,18055.51661285962
U090,Bills,2024-05,0.0,4.474137109789179,4.474137109789179
U090,Bills,2024-06,0.0,1.1311772404791753,1.1311772404791753
U090,Bills,2024-07,0.0,3.1529627114682706,3.1529627114682706
U090,Bills,2024-08,0.0,2.9311542028026207,2.9311542028026207
U090,Bills,2024-09,0.0,2.802541497730425,2.802541497730425
U090,Bills,2024-10,0.0,2.669782280269477,2.669782280269477
U090,Bills,2024-11,0.0,3.1241614481098763,3.1241614481098763
U090,Bills,2024-12,8027.0,3.1808002087834897,8023.819199791216
U090,Food,2024-03,0.0,0.8980702914091085,0.8980702914091085
U090,Food,2024-04,0.0,1.605200299452398,1.605200299452398
U090,Food,2024-05,0.0,1.6356447047143288,1.6356447047143288
U090,Food,2024-06,0.0,1.5112204884042004,1.5112204884042004
U090,Food,2024-07,0.0,1.4456610593873394,1.4456610593873394
U090,Food,2024-08,0.0,1.7781663363657025,1.7781663363657025
U090,Food,2024-09,0.0,1.777211949598251,1.777211949598251
U090,Food,2024-10,0.0,2.184604656446028,2.184604656446028
U090,Food,2024-11,2092.0,1.8572302708777366,2090.1427697291224
U090,Shopping,2023-09,0.0,1.664443917937822,1.664443917937822
U090,Shopping,2023-10,0.0,2.046873845516607,2.046873845516607
U090,Shopping,2023-11,0.0,1.6742505422440779,1.6742505422440779
U090,Shopping,2023-12,0.0,1.703250397544633,1.703250397544633
U090,Shopping,2024-01,1223.17,1.5772050409505152,1221.5927949590496
U090,Shopping,2024-02,0.0,1.5102304509611448,1.5102304509611448
U090,Shopping,2024-03,500.0,0.9868990471317411,499.0131009528683
U091,Bills,2024-04,0.0,2.9969170640958853,2.9969170640958853
U091,Bills,2024-05,0.0,2.6237742603611762,2.6237742603611762
U091,Bills,2024-06,0.0,3.2311581233654447,3.2311581233654447
U091,Bills,2024-07,0.0,3.1529627114682706,3.1529627114682706
U091,Bills,2024-08,0.0,2.9311542028026207,2.9311542028026207
U091,Bills,2024-09,0.0,2.802541497730425,2.802541497730425
U091,Bills,2024-10,0.0,2.669782280269477,2.669782280269477
U091,Bills,2024-11,47394.0,3.1241614481098763,47390.87583855189
U091,Entertainment,2024-05,0.0,0.48338714037991565,0.48338714037991565
U091,Entertainment,2024-06,0.0,0.6841403631402618,0.6841403631402618
U091,Entertainment,2024-07,0.0,1.0560113112551708,1.0560113112551708
U091,Entertainment,2024-08,0.0,1.8969819601148328,1.8969819601148328
U091,Entertainment,2024-09,0.0,1.3519534554398889,1.3519534554398889
U091,Entertainment,2024-10,6283.0,1.3377460388348332,6281.662253961165
U091,Entertainment,2024-11,0.0,0.4983183427621552,0.4983183427621552
U091,Entertainment,2024-12,13842.0,0.32143397817667385,13841.678566021823
U091,Food,2024-03,0.0,0.130340892813755,0.130340892813755
U091,Food,2024-04,8009.0,0.7768157691482056,8008.223184230852
U091,Food,2024-05,3385.0,1.8436995838026382,3383.156300416197
U091,Food,2024-06,0.0,1.734395285569632,1.734395285569632
U091,Food,2024-07,0.0,0.46106987451495396,0.46106987451495396
U091,Food,2024-08,3682.0,1.0224824733435653,3680.9775175266564
U091,Shopping,2024-03,0.0,1.6125022340293254,1.6125022340293254
U091,Shopping,2024-04,2921.02,1.622935799682319,2919.397064200318
U091,Shopping,2024-05,1272.24,0.8794423563656513,1271.3605576436344
U091,Shopping,2024-06,0.0,2.273715349503914,2.273715349503914
U091,Shopping,2024-07,0.0,0.7100171531096693,0.7100171531096693
U091,Shopping,2024-08,1005.87,1.1725997728607251,1004.6974002271393
U091,Shopping,2024-09,0.0,1.2830209732459523,1.2830209732459523
U091,Shopping,2024-10,3905.43,1.8784962344413332,3903.5515037655587
U091,Transport,2024-04,0.0,0.6777552905251885,0.6777552905251885
U091,Transport,2024-05,452.0,1.3411764251370029,450.658823574863
U092,Bills,2024-04,0.0,2.9969170640958853,2.9969170640958853
U092,Bills,2024-05,0.0,2.6237742603611762,2.6237742603611762
U092,Bills,2024-06,0.0,3.2311581233654447,3.2311581233654447
U092,Bills,2024-07,0.0,3.1529627114682706,3.1529627114682706
U092,Bills,2024-08,0.0,2.9311542028026207,2.9311542028026207
U092,Bills,2024-09,0.0,2.802541497730425,2.802541497730425
U092,Bills,2024-10,0.0,2.669782280269477,2.669782280269477
U092,Bills,2024-11,5077.0,3.1241614481098763,5073.87583855189
U092,Education,2024-02,0.0,0.22159432972626456,0.22159432972626456
U092,Education,2024-03,0.0,0.110496549049737,0.110496549049737
U092,Education,2024-04,0.0,2.9583363395103768,2.9583363395103768
U092,Education,2024-05,601.0,0.7272810883316696,600.2727189116683
U092,Education,2024-06,0.0,0.4445594372142924,0.4445594372142924
U092,Education,2024-07,0.0,0.17812302218605625,0.17812302218605625
U092,Education,2024-08,0.0,0.33199265576469056,0.33199265576469056
U092,Education,2024-09,1247.0,1.2543420531220222,1245.745657946878
U092,Food,2023-10,0.0,2.184604656446028,2.184604656446028
U092,Food,2023-11,5452.0,1.8572302708777366,5450.142769729122
U092,Food,2023-12,0.0,0.1303471936215767,0.1303471936215767
U092,Food,2024-01,14297.0,0.831717616874833,14296.168282383125
U092,Food,2024-02,0.0,3.9949606183346864,3.9949606183346864
U092,Food,2024-03,0.0,13.70363763604191,13.70363763604191
U092,Food,2024-04,2221.0,0.7080148231718546,2220.2919851768283
U092,Shopping,2023-09,0.0,1.664443917937822,1.664443917937822
U092,Shopping,2023-10,0.0,2.046873845516607,2.046873845516607
U092,Shopping,2023-11,5871.69,1.6742505422440779,5870.015749457755
U092,Shopping,2023-12,0.0,1.0397641474210553,1.0397641474210553
U092,Shopping,2024-01,4577.21,0.6601381329085494,4576.549861867092
U092,Transport,2024-01,4349.0,2.0773911431466217,4346.922608856853
U092,Transport,2024-02,0.0,0.12086090768615565,0.12086090768615565
U092,Transport,2024-03,0.0,2.2082330332007007,2.2082330332007007
U092,Transport,2024-04,7045.0,0.7709167701807018,7044.2290832298195
U092,Transport,2024-05,0.0,0.4055019025411027,0.4055019025411027
U092,Transport,2024-06,0.0,1.3472843403300834,1.3472843403300834
U092,Transport,2024-07,0.0,7.708100042953252,7.708100042953252
U092,Transport,2024-08,6871.0,1.5415287071402988,6869.45847129286
U093,Bills,2024-03,0.0,2.949181490600317,2.949181490600317
U093,Bills,2024-04,0.0,2.9969170640958853,2.9969170640958853
U093,Bills,2024-05,0.0,2.6237742603611762,2.6237742603611762
U093,Bills,2024-06,0.0,3.2311581233654447,3.2311581233654447
U093,Bills,2024-07,591.0,3.1529627114682706,587.8470372885317
U093,Bills,2024-08,0.0,6.462868733287439,6.462868733287439
U093,Bills,2024-09,0.0,5.79374151904474,5.79374151904474
U093,Bills,2024-10,47640.09999999999,1.8634492325939749,47638.2365507674
U093,Shopping,2024-01,0.0,1.5772050409505152,1.5772050409505152
U093,Shopping,2024-02,0.0,1.5103530898038673,1.5103530898038673
U093,Shopping,2024-03,0.0,1.6125022340293254,1.6125022340293254
U093,Shopping,2024-04,0.0,1.622935799682319,1.622935799682319
U093,Shopping,2024-05,0.0,1.4004335929177936,1.4004335929177936
U093,Shopping,2024-06,4579.94,1.3086460102894746,4578.63135398971
U093,Shopping,2024-07,500.0,0.3891585943802658,499.61084140561974
U094,Bills,2024-02,0.0,0.5678726728371954,0.5678726728371954
U094,Bills,2024-03,0.0,1.0644584441534262,1.0644584441534262
U094,Bills,2024-04,0.0,2.9969170640958853,2.9969170640958853
U094,Bills,2024-05,0.0,2.6237742603611762,2.6237742603611762
U094,Bills,2024-06,0.0,3.2311581233654447,3.2311581233654447
U094,Bills,2024-07,0.0,3.1529627114682706,3.1529627114682706
U094,Bills,2024-08,0.0,2.9311542028026207,2.9311542028026207
U094,Bills,2024-09,4127.0,2.802541497730425,4124.19745850227
U094,Entertainment,2023-11,0.0,24.328343559860492,24.328343559860492
U094,Entertainment,2023-12,0.0,0.315428311964372,0.315428311964372
U094,Entertainment,2024-01,0.0,2.309442154372805,2.309442154372805
U094,Entertainment,2024-02,0.0,1.046060205624292,1.046060205624292
U094,Entertainment,2024-03,1980.0,0.6664960178633292,1979.3335039821366
U094,Entertainment,2024-04,4382.0,0.13480543103494205,4381.865194568965
U094,Food,2023-08,0.0,1.7781663363657025,1.7781663363657025
U094,Food,2023-09,0.0,1.777211949598251,1.777211949598251
U094,Food,2023-10,0.0,2.184604656446028,2.184604656446028
U094,Food,2023-11,0.0,1.8572302708777366,1.8572302708777366
U094,Food,2023-12,1783.0,1.7589561936604499,1781.2410438063396
U094,Shopping,2023-11,0.0,1.6742505422440779,1.6742505422440779
U094,Shopping,2023-12,0.0,1.703250397544633,1.703250397544633
U094,Shopping,2024-01,0.0,1.5772050409505152,1.5772050409505152
U094,Shopping,2024-02,0.0,1.5103530898038673,1.5103530898038673
U094,Shopping,2024-03,0.0,1.6125022340293254,1.6125022340293254
U094,Shopping,2024-04,3216.27,1.622935799682319,3214.647064200318
U094,Transport,2023-10,0.0,1.9698391477899073,1.9698391477899073
U094,Transport,2023-11,0.0,1.157861112543395,1.157861112543395
U094,Transport,2023-12,17510.0,1.8515011584818208,17508.148498841518
U094,Transport,2024-01,0.0,90.28081467848372,90.28081467848372
U094,Transport,2024-02,0.0,17.50261660336277,17.50261660336277
U094,Transport,2024-03,975.0,1.2591955340378758,973.7408044659621
U095,Bills,2024-02,0.0,14.216018629004008,14.216018629004008
U095,Bills,2024-03,0.0,23.037178690962712,23.037178690962712
U095,Bills,2024-04,0.0,0.6275250132925745,0.6275250132925745
U095,Bills,2024-05,2319.0,2.6237742603611762,2316.376225739639
U095,Bills,2024-06,0.0,1.3436391674418555,1.3436391674418555
U095,Bills,2024-07,0.0,2.487975156665272,2.487975156665272
U095,Bills,2024-08,0.0,2.791545183755771,2.791545183755771
U095,Bills,2024-09,5393.0,2.802541497730425,5390.19745850227
U095,Food,2024-03,0.0,0.48171818262789173,0.48171818262789173
U095,Food,2024-04,0.0,15.129431409714588,15.129431409714588
U095,Food,2024-05,0.0,0.7453697783900908,0.7453697783900908
U095,Food,2024-06,0.0,1.5112204884042004,1.5112204884042004
U095,Food,2024-07,0.0,1.4456610593873394,1.4456610593873394
U095,Food,2024-08,3102.0,1.7781663363657025,3100.2218336636342
U095,Food,2024-09,0.0,0.6561925593487694,0.6561925593487694
U095,Food,2024-10,0.0,1.5120136274044689,1.5120136274044689
U095,Food,2024-11,1162.0,2.1566094871181813,1159.8433905128818
U095,Shopping,2024-03,0.0,9.004706669917207,9.004706669917207
U095,Shopping,2024-04,0.0,2.019052998011032,2.019052998011032
U095,Shopping,2024-05,0.0,0.8143692852643234,0.8143692852643234
U095,Shopping,2024-06,0.0,1.3086460102894746,1.3086460102894746
U095,Shopping,2024-07,0.0,1.3296454101124717,1.3296454101124717
U095,Shopping,2024-08,999.49,1.8021512413813277,997.6878487586187
U096,Bills,2024-02,0.0,2.1158642652680886,2.1158642652680886
U096,Bills,2024-03,0.0,2.949181490600317,2.949181490600317
U096,Bills,2024-04,0.0,2.9969170640958853,2.9969170640958853
U096,Bills,2024-05,0.0,2.6237742603611762,2.6237742603611762
U096,Bills,2024-06,0.0,3.2311581233654447,3.2311581233654447
U096,Bills,2024-07,0.0,3.1529627114682706,3.1529627114682706
U096,Bills,2024-08,0.0,2.9311542028026207,2.9311542028026207
U096,Bills,2024-09,9715.0,2.802541497730425,9712.197458502269
U096,Bills,2024-10,47640.09999999999,0.6067816691582115,47639.493218330834
U096,Food,2023-06,0.0,1.5112204884042004,1.5112204884042004
U096,Food,2023-07,0.0,1.4456610593873394,1.4456610593873394
U096,Food,2023-08,0.0,1.7781663363657025,1.7781663363657025
U096,Food,2023-09,2847.0,1.777211949598251,2845.222788050402
U096,Shopping,2024-04,0.0,1.622935799682319,1.622935799682319
U096,Shopping,2024-05,0.0,1.4004335929177936,1.4004335929177936
U096,Shopping,2024-06,0.0,1.3086460102894746,1.3086460102894746
U096,Shopping,2024-07,0.0,1.3296454101124717,1.3296454101124717
U096,Shopping,2024-08,0.0,1.8021512413813277,1.8021512413813277
U096,Shopping,2024-09,500.0,1.664443917937822,498.33555608206217
U096,Shopping,2024-10,6085.979999999998,2.9285722466091553,6083.051427753388
U096,Transport,2023-09,0.0,1.6540408114498377,1.6540408114498377
U096,Transport,2023-10,0.0,1.6909835725826596,1.6909835725826596
U096,Transport,2023-11,104.0,1.157861112543395,102.8421388874566
U097,Bills,2024-04,0.0,2.9969170640958853,2.9969170640958853
U097,Bills,2024-05,0.0,2.6237742603611762,2.6237742603611762
U097,Bills,2024-06,0.0,3.2311581233654447,3.2311581233654447
U097,Bills,2024-07,0.0,3.1529627114682706,3.1529627114682706
U097,Bills,2024-08,0.0,2.9311542028026207,2.9311542028026207
U097,Bills,2024-09,3274.0,2.802541497730425,3271.1974585022695
U097,Food,2024-07,0.0,0.4303357608409128,0.4303357608409128
U097,Food,2024-08,2396.0,3.933622438688566,2392.0663775613116
U097,Food,2024-09,0.0,2.6335673777268123,2.6335673777268123
U097,Food,2024-10,9925.0,1.5129628059563895,9923.487037194043
U097,Shopping,2024-07,0.0,0.36439424122703046,0.36439424122703046
U097,Shopping,2024-08,0.0,4.3206023910864895,4.3206023910864895
U097,Shopping,2024-09,500.0,1.264817229388068,498.7351827706119
U097,Shopping,2024-10,3081.11,2.9285722466091553,3078.181427753391
U097,Transport,2024-08,9803.0,1.5415287071402988,9801.458471292859
U097,Transport,2024-09,0.0,1.1303407831867154,1.1303407831867154
U097,Transport,2024-10,5548.0,0.7814863676806507,5547.21851363232
U097,Transport,2024-11,0.0,1.7618288699931042,1.7618288699931042
U097,Transport,2024-12,4138.0,0.883492386099153,4137.1165076139005
U098,Bills,2024-04,0.0,3.808752762615855,3.808752762615855
U098,Bills,2024-05,0.0,2.300615663695706,2.300615663695706
U098,Bills,2024-06,0.0,3.2311581233654447,3.2311581233654447
U098,Bills,2024-07,0.0,3.1529627114682706,3.1529627114682706
U098,Bills,2024-08,0.0,2.9311542028026207,2.9311542028026207
U098,Bills,2024-09,5617.0,2.802541497730425,5614.19745850227
U098,Bills,2024-10,0.0,2.8789507939275545,2.8789507939275545
U098,Bills,2024-11,0.0,1.841344075294895,1.841344075294895
U098,Bills,2024-12,7572.0,1.7403583088819587,7570.259641691118
U098,Food,2024-03,0.0,2.0235869492415324,2.0235869492415324
U098,Food,2024-04,0.0,1.9844451122178643,1.9844451122178643
U098,Food,2024-05,0.0,1.6356447047143288,1.6356447047143288
U098,Food,2024-06,0.0,1.5112204884042004,1.5112204884042004
U098,Food,2024-07,435.0,1.4456610593873394,433.55433894061264
U098,Shopping,2024-07,500.0,1.3296454101124717,498.67035458988755
U098,Shopping,2024-08,0.0,0.8145629537392507,0.8145629537392507
U098,Shopping,2024-09,500.0,1.596392832037103,498.4036071679629
U099,Bills,2024-04,0.0,1.0643187226836899,1.0643187226836899
U099,Bills,2024-05,0.0,4.630342538976647,4.630342538976647
U099,Bills,2024-06,0.0,2.45393345402966,2.45393345402966
U099,Bills,2024-07,0.0,3.1529627114682706,3.1529627114682706
U099,Bills,2024-08,0.0,2.9311542028026207,2.9311542028026207
U099,Bills,2024-09,0.0,2.802541497730425,2.802541497730425
U099,Bills,2024-10,0.0,2.669782280269477,2.669782280269477
U099,Bills,2024-11,0.0,3.1241614481098763,3.1241614481098763
U099,Bills,2024-12,0.0,3.1808002087834897,3.1808002087834897
U100,Bills,2023-12,0.0,76.77619361791047,76.77619361791047
U100,Bills,2024-01,0.0,1.3379896794194504,1.3379896794194504
U100,Bills,2024-02,0.0,3.5628961064775346,3.5628961064775346
U100,Bills,2024-03,0.0,2.949181490600317,2.949181490600317
U100,Bills,2024-04,0.0,2.9969170640958853,2.9969170640958853
U100,Bills,2024-05,0.0,2.6237742603611762,2.6237742603611762
U100,Bills,2024-06,0.0,3.2311581233654447,3.2311581233654447
U100,Bills,2024-07,19402.0,3.1529627114682706,19398.84703728853
U100,Food,2024-05,3309.0,1.6356447047143288,3307.364355295286
U100,Food,2024-06,2445.0,0.702987116777944,2444.297012883222
U101,Bills,2023-01,0.0,1.7392783930396627,1.7392783930396627
U101,Bills,2023-02,0.0,12.39526268551293,12.39526268551293
U101,Bills,2023-03,0.0,11.727255176807105,11.727255176807105
U101,Bills,2023-04,0.0,2.9969170640958853,2.9969170640958853
U101,Bills,2023-05,47640.09999999999,2.6237742603611762,47637.47622573963
U101,Food,2024-03,0.0,2.0235869492415324,2.0235869492415324
U101,Food,2024-04,0.0,1.9844451122178643,1.9844451122178643
U101,Food,2024-05,0.0,1.6356447047143288,1.6356447047143288
U101,Food,2024-06,0.0,1.5112204884042004,1.5112204884042004
U101,Food,2024-07,0.0,1.4456610593873394,1.4456610593873394
U101,Food,2024-08,0.0,1.7781663363657025,1.7781663363657025
U101,Food,2024-09,9997.0,1.777211949598251,9995.222788050402
U101,Health,2024-03,0.0,0.2159736697432162,0.2159736697432162
U101,Health,2024-04,0.0,0.5110271646067504,0.5110271646067504
U101,Health,2024-05,0.0,2.426325084387797,2.426325084387797
U101,Health,2024-06,0.0,2.0761330805317253,2.0761330805317253
U101,Health,2024-07,7389.0,0.3829880682658943,7388.617011931734
U101,Health,2024-08,0.0,0.14736349477325203,0.14736349477325203
U101,Health,2024-09,6954.0,0.2810965152999804,6953.7189034847
U101,Shopping,2024-01,0.0,1.4728009645318716,1.4728009645318716
U101,Shopping,2024-02,0.0,1.5103530898038673,1.5103530898038673
U101,Shopping,2024-03,0.0,1.6125022340293254,1.6125022340293254
U101,Shopping,2024-04,0.0,1.622935799682319,1.622935799682319
U101,Shopping,2024-05,0.0,1.4004335929177936,1.4004335929177936
U101,Shopping,2024-06,0.0,1.3086460102894746,1.3086460102894746
U101,Shopping,2024-07,0.0,1.3296454101124717,1.3296454101124717
U101,Shopping,2024-08,0.0,1.8021512413813277,1.8021512413813277
U101,Shopping,2024-09,3875.43,1.664443917937822,3873.765556082062
U102,Bills,2024-02,4943.0,2.1158642652680886,4940.884135734732
U102,Bills,2024-03,0.0,2.8394567911916675,2.8394567911916675
U102,Bills,2024-04,0.0,25.601784461381836,25.601784461381836
U102,Bills,2024-05,0.0,1.5224990175522657,1.5224990175522657
U102,Bills,2024-06,0.0,3.2311581233654447,3.2311581233654447
U102,Bills,2024-07,0.0,3.1529627114682706,3.1529627114682706
U102,Bills,2024-08,0.0,2.9311542028026207,2.9311542028026207
U102,Bills,2024-09,500.0,2.802541497730425,497.19745850226957
U102,Entertainment,2023-10,0.0,1.3377460388348332,1.3377460388348332
U102,Entertainment,2023-11,0.0,1.2204648306410655,1.2204648306410655
U102,Entertainment,2023-12,0.0,0.25948874456544024,0.25948874456544024
U102,Entertainment,2024-01,0.0,2.309442154372805,2.309442154372805
U102,Entertainment,2024-02,0.0,1.046060205624292,1.046060205624292
U102,Entertainment,2024-03,0.0,0.6664960178633292,0.6664960178633292
U102,Entertainment,2024-04,0.0,0.6967808652490657,0.6967808652490657
U102,Entertainment,2024-05,7656.0,0.48338714037991565,7655.51661285962
U102,Food,2024-03,0.0,3.029978079864213,3.029978079864213
U102,Food,2024-04,0.0,1.160637378450355,1.160637378450355
U102,Food,2024-05,4961.0,1.6356447047143288,4959.364355295285
U102,Food,2024-06,0.0,0.3468458919219243,0.3468458919219243
U102,Food,2024-07,3201.0,0.7195124948555265,3200.2804875051443
U102,Shopping,2023-12,0.0,1.703250397544633,1.703250397544633
U102,Shopping,2024-01,1078.74,1.5772050409505152,1077.1627949590495
U102,Shopping,2024-02,0.0,0.7435979059843438,0.7435979059843438
U102,Shopping,2024-03,0.0,1.1095782991607042,1.1095782991607042
U102,Shopping,2024-04,0.0,2.0905910848610456,2.0905910848610456
U102,Shopping,2024-05,5188.6,1.4004335929177936,5187.199566407083
U102,Shopping,2024-06,0.0,0.7412665965779204,0.7412665965779204
U102,Shopping,2024-07,897.55,1.1390519570501607,896.4109480429498
U103,Bills,2024-02,0.0,2.1158642652680886,2.1158642652680886
U103,Bills,2024-03,0.0,2.949181490600317,2.949181490600317
U103,Bills,2024-04,0.0,2.9969170640958853,2.9969170640958853
U103,Bills,2024-05,0.0,2.6237742603611762,2.6237742603611762
U103,Bills,2024-06,0.0,3.2311581233654447,3.2311581233654447
U103,Bills,2024-07,0.0,3.1529627114682706,3.1529627114682706
U103,Bills,2024-08,0.0,2.9311542028026207,2.9311542028026207
U103,Bills,2024-09,9236.0,2.802541497730425,9233.197458502269
U103,Entertainment,2023-12,0.0,13.286879871029335,13.286879871029335
U103,Entertainment,2024-01,0.0,0.7229630194580208,0.7229630194580208
U103,Entertainment,2024-02,0.0,0.08966654547309692,0.08966654547309692
U103,Entertainment,2024-03,0.0,0.6664960178633292,0.6664960178633292
U103,Entertainment,2024-04,0.0,0.6967808652490657,0.6967808652490657
U103,Entertainment,2024-05,0.0,0.48338714037991565,0.48338714037991565
U103,Entertainment,2024-06,0.0,0.6841403631402618,0.6841403631402618
U103,Entertainment,2024-07,4305.0,1.0560113112551708,4303.943988688745
U103,Shopping,2024-03,0.0,1.6125022340293254,1.6125022340293254
U103,Shopping,2024-04,0.0,1.622935799682319,1.622935799682319
U103,Shopping,2024-05,0.0,1.4004335929177936,1.4004335929177936
U103,Shopping,2024-06,0.0,1.3086460102894746,1.3086460102894746
U103,Shopping,2024-07,2159.66,1.3296454101124717,2158.3303545898875
U103,Shopping,2024-08,0.0,0.21129854180381538,0.21129854180381538
U103,Shopping,2024-09,0.0,1.0030109874486426,1.0030109874486426
U103,Shopping,2024-10,500.0,1.420659728622303,498.5793402713777
U104,Bills,2024-05,2683.0,2.6237742603611762,2680.376225739639
U104,Bills,2024-06,0.0,1.408172151012617,1.408172151012617
U104,Bills,2024-07,0.0,5.40972598709989,5.40972598709989
U104,Bills,2024-08,0.0,2.0440172778426,2.0440172778426
U104,Bills,2024-09,8048.0,2.802541497730425,8045.19745850227
U104,Bills,2024-10,6957.0,13.486091948702466,6943.513908051297
U104,Bills,2024-11,0.0,5.462569870562017,5.462569870562017
U104,Bills,2024-12,4852.0,0.8326806586960407,4851.167319341304
U104,Food,2024-05,0.0,1.6356447047143288,1.6356447047143288
U104,Food,2024-06,0.0,1.5112204884042004,1.5112204884042004
U104,Food,2024-07,1972.0,1.4456610593873394,1970.5543389406128
U104,Food,2024-08,1358.0,0.5899970594772617,1357.4100029405226
U104,Food,2024-09,0.0,4.607263237430103,4.607263237430103
U104,Food,2024-10,0.0,2.0077865315769943,2.0077865315769943
U104,Food,2024-11,0.0,0.8623296254192692,0.8623296254192692
U104,Food,2024-12,4565.0,1.7589561936604499,4563.24104380634
U104,Shopping,2024-04,0.0,1.622935799682319,1.622935799682319
U104,Shopping,2024-05,0.0,1.4004335929177936,1.4004335929177936
U104,Shopping,2024-06,0.0,1.3086460102894746,1.3086460102894746
U104,Shopping,2024-07,2354.8,1.3296454101124717,2353.470354589888
U104,Shopping,2024-08,500.0,0.21291554455457676,499.78708445544544
U105,Bills,2024-04,0.0,0.5146097351608403,0.5146097351608403
U105,Bills,2024-05,0.0,0.6840325259094593,0.6840325259094593
U105,Bills,2024-06,0.0,3.2311581233654447,3.2311581233654447
U105,Bills,2024-07,0.0,3.1529627114682706,3.1529627114682706
U105,Bills,2024-08,3479.0,2.9311542028026207,3476.0688457971974
U105,Bills,2024-09,47477.0,1.710240480013935,47475.28975951998
U105,Bills,2024-10,0.0,8.183322462586503,8.183322462586503
U105,Bills,2024-11,0.0,45.322850925940934,45.322850925940934
U105,Bills,2024-12,2842.0,0.5355090418939992,2841.464490958106
U105,Food,2024-03,0.0,2.0235869492415324,2.0235869492415324
U105,Food,2024-04,0.0,1.9844451122178643,1.9844451122178643
U105,Food,2024-05,0.0,1.6356447047143288,1.6356447047143288
U105,Food,2024-06,0.0,1.5112204884042004,1.5112204884042004
U105,Food,2024-07,6260.0,1.4456610593873394,6258.554338940613
U105,Food,2024-08,0.0,1.241801351841357,1.241801351841357
U105,Food,2024-09,0.0,0.8920483096779637,0.8920483096779637
U105,Food,2024-10,653.0,1.6703225444250305,651.3296774555749
U105,Shopping,2024-09,0.0,1.664443917937822,1.664443917937822
U105,Shopping,2024-10,500.0,2.046873845516607,497.9531261544834
U105,Shopping,2024-11,0.0,2.8546036728521877,2.8546036728521877
U105,Shopping,2024-12,500.0,2.622630352064287,497.3773696479357
U106,Bills,2023-08,0.0,2.87561898271597,2.87561898271597
U106,Bills,2023-09,0.0,2.9301961934581424,2.9301961934581424
U106,Bills,2023-10,0.0,2.669782280269477,2.669782280269477
U106,Bills,2023-11,0.0,3.1241614481098763,3.1241614481098763
U106,Bills,2023-12,0.0,3.1808002087834897,3.1808002087834897
U106,Bills,2024-01,0.0,3.4926114860631907,3.4926114860631907
U106,Bills,2024-02,1780.0,2.1158642652680886,1777.884135734732
U106,Entertainment,2023-12,4771.0,0.25948874456544024,4770.740511255434
U106,Entertainment,2024-01,0.0,1.7318123276870767,1.7318123276870767
U106,Entertainment,2024-02,7253.0,2.5352244882810946,7250.4647755117185
U106,Entertainment,2024-03,0.0,0.11696100197199072,0.11696100197199072
U106,Entertainment,2024-04,4327.0,0.21867642427754724,4326.781323575722
U106,Food,2023-10,0.0,2.184604656446028,2.184604656446028
U106,Food,2023-11,0.0,1.8572302708777366,1.8572302708777366
U106,Food,2023-12,8081.0,1.7589561936604499,8079.24104380634
U106,Food,2024-01,0.0,0.1112592498509827,0.1112592498509827
U106,Food,2024-02,0.0,0.6446636849114078,0.6446636849114078
U106,Food,2024-03,0.0,0.4848786228017086,0.4848786228017086
U106,Food,2024-04,0.0,1.9844451122178643,1.9844451122178643
U106,Food,2024-05,3654.0,1.6356447047143288,3652.364355295286
U106,Shopping,2023-08,0.0,1.8021512413813277,1.8021512413813277
U106,Shopping,2023-09,0.0,1.664443917937822,1.664443917937822
U106,Shopping,2023-10,0.0,2.046873845516607,2.046873845516607
U106,Shopping,2023-11,0.0,1.6742505422440779,1.6742505422440779
U106,Shopping,2023-12,1975.5,1.703250397544633,1973.7967496024553
U106,Shopping,2024-01,0.0,2.0069205123331826,2.0069205123331826
U106,Shopping,2024-02,4422.14,1.560107511861708,4420.579892488138
U107,Bills,2024-03,9814.0,2.949181490600317,9811.0508185094
U107,Bills,2024-04,0.0,0.38275205133596824,0.38275205133596824
U107,Bills,2024-05,0.0,0.2537533650518437,0.2537533650518437
U107,Bills,2024-06,0.0,2.00018310150174,2.00018310150174
U107,Bills,2024-07,0.0,3.1529627114682706,3.1529627114682706
U107,Bills,2024-08,0.0,2.9311542028026207,2.9311542028026207
U107,Bills,2024-09,0.0,2.802541497730425,2.802541497730425
U107,Bills,2024-10,2726.0,2.669782280269477,2723.3302177197306
U107,Food,2024-06,0.0,1.5112204884042004,1.5112204884042004
U107,Food,2024-07,0.0,1.4456610593873394,1.4456610593873394
U107,Food,2024-08,0.0,1.7781663363657025,1.7781663363657025
U107,Food,2024-09,0.0,1.777211949598251,1.777211949598251
U107,Food,2024-10,2370.0,2.184604656446028,2367.815395343554
U107,Shopping,2024-03,0.0,1.7001596515495803,1.7001596515495803
U107,Shopping,2024-04,0.0,1.622935799682319,1.622935799682319
U107,Shopping,2024-05,0.0,1.4004335929177936,1.4004335929177936
U107,Shopping,2024-06,0.0,1.3086460102894746,1.3086460102894746
U107,Shopping,2024-07,0.0,1.3296454101124717,1.3296454101124717
U107,Shopping,2024-08,0.0,1.8021512413813277,1.8021512413813277
U107,Shopping,2024-09,0.0,1.664443917937822,1.664443917937822
U107,Shopping,2024-10,664.65,2.046873845516607,662.6031261544833
U108,Bills,2024-02,0.0,3.329063560280102,3.329063560280102
U108,Bills,2024-03,0.0,2.949181490600317,2.949181490600317
U108,Bills,2024-04,0.0,2.9969170640958853,2.9969170640958853
U108,Bills,2024-05,0.0,2.6237742603611762,2.6237742603611762
U108,Bills,2024-06,0.0,3.2311581233654447,3.2311581233654447
U108,Bills,2024-07,0.0,3.1529627114682706,3.1529627114682706
U108,Bills,2024-08,0.0,2.9311542028026207,2.9311542028026207
U108,Bills,2024-09,3515.0,2.802541497730425,3512.1974585022695
U108,Food,2023-08,0.0,1.7781663363657025,1.7781663363657025
U108,Food,2023-09,0.0,1.777211949598251,1.777211949598251
U108,Food,2023-10,0.0,2.184604656446028,2.184604656446028
U108,Food,2023-11,0.0,1.8572302708777366,1.8572302708777366
U108,Food,2023-12,0.0,1.7589561936604499,1.7589561936604499
U108,Food,2024-01,453.0,1.742605803779599,451.2573941962204
U108,Food,2024-02,12323.0,1.5952546857529049,12321.404745314247
U109,Bills,2023-12,0.0,0.46731040314075817,0.46731040314075817
U109,Bills,2024-01,38553.0,3.4926114860631907,38549.507388513935
U109,Bills,2024-02,0.0,1.9958565529328074,1.9958565529328074
U109,Bills,2024-03,0.0,40.997343148387436,40.997343148387436
U109,Bills,2024-04,0.0,0.8558926272914369,0.8558926272914369
U109,Bills,2024-05,6700.0,2.6237742603611762,6697.376225739639
U109,Bills,2024-06,0.0,8.401621367053332,8.401621367053332
U109,Bills,2024-07,0.0,6.110038636867231,6.110038636867231
U109,Bills,2024-08,10768.0,1.2221630752222046,10766.777836924777
U109,Food,2024-06,0.0,1.5112204884042004,1.5112204884042004
U109,Food,2024-07,0.0,1.4456610593873394,1.4456610593873394
U109,Food,2024-08,0.0,1.7781663363657025,1.7781663363657025
U109,Food,2024-09,0.0,1.777211949598251,1.777211949598251
U109,Food,2024-10,1024.0,2.184604656446028,1021.815395343554
U109,Food,2024-11,2792.0,3.5019782981722667,2788.498021701828
U109,Shopping,2024-04,0.0,1.622935799682319,1.622935799682319
U109,Shopping,2024-05,0.0,1.4004335929177936,1.4004335929177936
U109,Shopping,2024-06,0.0,1.3086460102894746,1.3086460102894746
U109,Shopping,2024-07,0.0,1.3296454101124717,1.3296454101124717
U109,Shopping,2024-08,0.0,1.8021512413813277,1.8021512413813277
U109,Shopping,2024-09,0.0,1.664443917937822,1.664443917937822
U109,Shopping,2024-10,500.0,2.046873845516607,497.9531261544834
U110,Bills,2024-03,0.0,2.949181490600317,2.949181490600317
U110,Bills,2024-04,0.0,2.9969170640958853,2.9969170640958853
U110,Bills,2024-05,0.0,2.6237742603611762,2.6237742603611762
U110,Bills,2024-06,1350.0,3.2311581233654447,1346.7688418766345
U110,Bills,2024-07,4420.0,1.5241294056211747,4418.475870594379
U110,Bills,2024-08,0.0,2.325816241614549,2.325816241614549
U110,Bills,2024-09,9247.0,5.258956213853685,9241.741043786147
U110,Bills,2024-10,0.0,7.080619613125412,7.080619613125412
U110,Bills,2024-11,2979.0,0.8452580527164368,2978.1547419472836
U110,Food,2023-02,0.0,1.78037315686798,1.78037315686798
U110,Food,2023-03,4044.0,2.0235869492415324,4041.9764130507583
U110,Food,2023-04,0.0,0.17454475832467117,0.17454475832467117
U110,Food,2023-05,0.0,1.4667673601862057,1.4667673601862057
U110,Food,2023-06,5624.0,0.6228313660958955,5623.377168633904
U110,Shopping,2023-10,0.0,2.046873845516607,2.046873845516607
U110,Shopping,2023-11,0.0,1.6742505422440779,1.6742505422440779
U110,Shopping,2023-12,0.0,1.703250397544633,1.703250397544633
U110,Shopping,2024-01,0.0,1.5772050409505152,1.5772050409505152
U110,Shopping,2024-02,0.0,1.5103530898038673,1.5103530898038673
U110,Shopping,2024-03,1066.87,1.6125022340293254,1065.2574977659706
U111,Bills,2023-10,0.0,2.669782280269477,2.669782280269477
U111,Bills,2023-11,0.0,3.1241614481098763,3.1241614481098763
U111,Bills,2023-12,1367.0,3.1808002087834897,1363.8191997912165
U111,Bills,2024-01,0.0,2.663813608793938,2.663813608793938
U111,Bills,2024-02,0.0,1.9269543063360706,1.9269543063360706
U111,Bills,2024-03,0.0,1.5228495746427164,1.5228495746427164
U111,Bills,2024-04,6684.0,2.9969170640958853,6681.003082935904
U111,Food,2023-12,0.0,1.7589561936604499,1.7589561936604499
U111,Food,2024-01,0.0,1.742605803779599,1.742605803779599
U111,Food,2024-02,8027.0,1.78037315686798,8025.219626843132
U111,Food,2024-03,0.0,0.18908673621189376,0.18908673621189376
U111,Food,2024-04,2099.0,0.9432066355522812,2098.056793364448
U111,Food,2024-05,0.0,3.250965030720586,3.250965030720586
U111,Food,2024-06,0.0,2.1229447412442233,2.1229447412442233
U111,Food,2024-07,2363.0,1.125822584176241,2361.874177415824
U111,Transport,2024-03,0.0,0.2721672311271235,0.2721672311271235
U111,Transport,2024-04,0.0,1.0682312795324855,1.0682312795324855
U111,Transport,2024-05,798.0,1.2638384778073828,796.7361615221926
U111,Transport,2024-06,0.0,0.5743475603745298,0.5743475603745298
U111,Transport,2024-07,0.0,2.4394224993448654,2.4394224993448654
U111,Transport,2024-08,1759.0,2.6720329180643088,1756.3279670819356
U112,Entertainment,2024-01,0.0,2.2170960134560893,2.2170960134560893
U112,Entertainment,2024-02,0.0,0.4651220713345462,0.4651220713345462
U112,Entertainment,2024-03,0.0,0.6664960178633292,0.6664960178633292
U112,Entertainment,2024-04,0.0,0.6967808652490657,0.6967808652490657
U112,Entertainment,2024-05,0.0,0.48338714037991565,0.48338714037991565
U112,Entertainment,2024-06,5246.0,0.6841403631402618,5245.315859636859
U112,Food,2024-03,0.0,2.0235869492415324,2.0235869492415324
U112,Food,2024-04,0.0,1.9844451122178643,1.9844451122178643
U112,Food,2024-05,0.0,1.6356447047143288,1.6356447047143288
U112,Food,2024-06,0.0,1.5112204884042004,1.5112204884042004
U112,Food,2024-07,3546.0,1.4456610593873394,3544.5543389406125
U112,Food,2024-08,0.0,1.60336073158485,1.60336073158485
U112,Food,2024-09,9231.0,1.2479276428565074,9229.752072357143
U112,Shopping,2024-06,2693.13,1.3086460102894746,2691.8213539897106
U112,Shopping,2024-07,0.0,0.15743992641732155,0.15743992641732155
U112,Shopping,2024-08,0.0,0.6545185456784577,0.6545185456784577
U112,Shopping,2024-09,2809.57,0.7014006258523251,2808.868599374148
U113,Bills,2023-12,0.0,1.2561793930209522,1.2561793930209522
U113,Bills,2024-01,0.0,488.86094463799736,488.86094463799736
U113,Bills,2024-02,0.0,3.74857850410834,3.74857850410834
U113,Bills,2024-03,0.0,2.949181490600317,2.949181490600317
U113,Bills,2024-04,0.0,2.9969170640958853,2.9969170640958853
U113,Bills,2024-05,4416.0,2.6237742603611762,4413.376225739639
U113,Bills,2024-06,9895.0,2.1187177769235754,9892.881282223076
U113,Food,2023-11,0.0,2.717927808719421,2.717927808719421
U113,Food,2023-12,0.0,15.542943391978955,15.542943391978955
U113,Food,2024-01,0.0,0.5673894319667689,0.5673894319667689
U113,Food,2024-02,0.0,1.78037315686798,1.78037315686798
U113,Food,2024-03,0.0,2.0235869492415324,2.0235869492415324
U113,Food,2024-04,0.0,1.9844451122178643,1.9844451122178643
U113,Food,2024-05,500.0,1.6356447047143288,498.3643552952857
U113,Shopping,2023-11,0.0,1.6742505422440779,1.6742505422440779
U113,Shopping,2023-12,0.0,1.703250397544633,1.703250397544633
U113,Shopping,2024-01,0.0,1.5772050409505152,1.5772050409505152
U113,Shopping,2024-02,0.0,1.5103530898038673,1.5103530898038673
U113,Shopping,2024-03,0.0,1.6125022340293254,1.6125022340293254
U113,Shopping,2024-04,0.0,1.622935799682319,1.622935799682319
U113,Shopping,2024-05,500.0,1.4004335929177936,498.5995664070822
U113,Transport,2023-05,0.0,1.3411764251370029,1.3411764251370029
U113,Transport,2023-06,0.0,1.2467494947004258,1.2467494947004258
U113,Transport,2023-07,0.0,1.1507372701204015,1.1507372701204015
U113,Transport,2023-08,0.0,1.5415287071402988,1.5415287071402988
U113,Transport,2023-09,0.0,1.6540408114498377,1.6540408114498377
U113,Transport,2023-10,7110.0,1.6909835725826596,7108.309016427417
U114,Bills,2023-11,0.0,0.5624450595578496,0.5624450595578496
U114,Bills,2023-12,0.0,0.2412387854820504,0.2412387854820504
U114,Bills,2024-01,0.0,0.25546744736782934,0.25546744736782934
U114,Bills,2024-02,0.0,2.1158642652680886,2.1158642652680886
U114,Bills,2024-03,0.0,2.949181490600317,2.949181490600317
U114,Bills,2024-04,0.0,2.9969170640958853,2.9969170640958853
U114,Bills,2024-05,0.0,2.6237742603611762,2.6237742603611762
U114,Bills,2024-06,798.0,3.2311581233654447,794.7688418766346
U114,Food,2023-12,0.0,1.7589561936604499,1.7589561936604499
U114,Food,2024-01,0.0,1.742605803779599,1.742605803779599
U114,Food,2024-02,0.0,1.78037315686798,1.78037315686798
U114,Food,2024-03,8684.0,2.0235869492415324,8681.97641305076
U114,Food,2024-04,0.0,3.601951087710911,3.601951087710911
U114,Food,2024-05,0.0,1.3951467684845271,1.3951467684845271
U114,Food,2024-06,0.0,1.281534249399357,1.281534249399357
U114,Food,2024-07,3147.0,1.4456610593873394,3145.5543389406125
U114,Transport,2023-08,0.0,0.20982873491882278,0.20982873491882278
U114,Transport,2023-09,0.0,1.4773686508720445,1.4773686508720445
U114,Transport,2023-10,0.0,1.1905160834613304,1.1905160834613304
U114,Transport,2023-11,0.0,1.157861112543395,1.157861112543395
U114,Transport,2023-12,0.0,1.8515011584818208,1.8515011584818208
U114,Transport,2024-01,3669.0,2.0773911431466217,3666.9226088568535
U115,Bills,2023-10,0.0,1.6027522308894948,1.6027522308894948
U115,Bills,2023-11,0.0,0.37528063507901366,0.37528063507901366
U115,Bills,2023-12,0.0,1.800778340899114,1.800778340899114
U115,Bills,2024-01,0.0,3.4926114860631907,3.4926114860631907
U115,Bills,2024-02,0.0,2.1158642652680886,2.1158642652680886
U115,Bills,2024-03,0.0,2.949181490600317,2.949181490600317
U115,Bills,2024-04,7134.0,2.9969170640958853,7131.003082935904
U115,Education,2024-02,0.0,1.1657706385092022,1.1657706385092022
U115,Education,2024-03,0.0,0.1664965046631674,0.1664965046631674
U115,Education,2024-04,0.0,1.7368249089312409,1.7368249089312409
U115,Education,2024-05,0.0,0.7272810883316696,0.7272810883316696
U115,Education,2024-06,0.0,0.2125562004104604,0.2125562004104604
U115,Education,2024-07,0.0,0.19246838180162265,0.19246838180162265
U115,Education,2024-08,3639.0,0.7166469300413956,3638.2833530699586
U115,Food,2024-02,0.0,1.78037315686798,1.78037315686798
U115,Food,2024-03,0.0,2.0235869492415324,2.0235869492415324
U115,Food,2024-04,0.0,1.9844451122178643,1.9844451122178643
U115,Food,2024-05,0.0,1.6356447047143288,1.6356447047143288
U115,Food,2024-06,0.0,1.5112204884042004,1.5112204884042004
U115,Food,2024-07,6643.0,1.4456610593873394,6641.554338940613
U115,Food,2024-08,0.0,3.5828621592961847,3.5828621592961847
U115,Food,2024-09,9138.0,1.178398863109424,9136.821601136891
U115,Shopping,2023-10,0.0,2.046873845516607,2.046873845516607
U115,Shopping,2023-11,0.0,1.6742505422440779,1.6742505422440779
U115,Shopping,2023-12,0.0,1.703250397544633,1.703250397544633
U115,Shopping,2024-01,0.0,1.5772050409505152,1.5772050409505152
U115,Shopping,2024-02,0.0,1.5103530898038673,1.5103530898038673
U115,Shopping,2024-03,0.0,1.6125022340293254,1.6125022340293254
U115,Shopping,2024-04,500.0,1.622935799682319,498.3770642003177
U115,Transport,2024-02,0.0,1.9866871986943244,1.9866871986943244
U115,Transport,2024-03,0.0,1.6569918167578055,1.6569918167578055
U115,Transport,2024-04,0.0,1.4756468194099863,1.4756468194099863
U115,Transport,2024-05,0.0,1.3411764251370029,1.3411764251370029
U115,Transport,2024-06,0.0,1.2467494947004258,1.2467494947004258
U115,Transport,2024-07,0.0,1.1507372701204015,1.1507372701204015
U115,Transport,2024-08,0.0,1.5415287071402988,1.5415287071402988
U115,Transport,2024-09,6207.0,1.6540408114498377,6205.34595918855
U116,Bills,2024-05,0.0,2.8630246274277313,2.8630246274277313
U116,Bills,2024-06,2152.0,3.2311581233654447,2148.7688418766347
U116,Bills,2024-07,1130.0,10.858993576516417,1119.1410064234835
U116,Bills,2024-08,18396.0,1.9913550152541157,18394.008644984748
U116,Bills,2024-09,0.0,1.989941164622377,1.989941164622377
U116,Bills,2024-10,6754.0,0.31005457660165114,6753.689945423398
U116,Bills,2024-11,0.0,1.3668252655237678,1.3668252655237678
U116,Bills,2024-12,12316.0,2.4124769531306254,12313.58752304687
U116,Food,2023-12,0.0,1.7589561936604499,1.7589561936604499
U116,Food,2024-01,0.0,1.742605803779599,1.742605803779599
U116,Food,2024-02,0.0,1.78037315686798,1.78037315686798
U116,Food,2024-03,0.0,2.0235869492415324,2.0235869492415324
U116,Food,2024-04,0.0,1.9844451122178643,1.9844451122178643
U116,Food,2024-05,0.0,1.6356447047143288,1.6356447047143288
U116,Food,2024-06,0.0,1.5112204884042004,1.5112204884042004
U116,Food,2024-07,7731.0,1.4456610593873394,7729.554338940613
U116,Shopping,2024-07,0.0,1.3296454101124717,1.3296454101124717
U116,Shopping,2024-08,0.0,1.8021512413813277,1.8021512413813277
U116,Shopping,2024-09,0.0,1.664443917937822,1.664443917937822
U116,Shopping,2024-10,500.0,2.046873845516607,497.9531261544834
U117,Bills,2024-01,0.0,3.4926114860631907,3.4926114860631907
U117,Bills,2024-02,0.0,2.1158642652680886,2.1158642652680886
U117,Bills,2024-03,43574.0,2.949181490600317,43571.0508185094
U117,Bills,2024-04,4968.0,0.6289652934384846,4967.371034706562
U117,Bills,2024-05,0.0,3.8289994944759354,3.8289994944759354
U117,Bills,2024-06,0.0,1.8453033195465411,1.8453033195465411
U117,Bills,2024-07,0.0,1.2014270202853554,1.2014270202853554
U117,Bills,2024-08,6348.0,2.9311542028026207,6345.068845797197
U117,Food,2023-11,0.0,1.716829270414126,1.716829270414126
U117,Food,2023-12,0.0,1.7589561936604499,1.7589561936604499
U117,Food,2024-01,0.0,1.742605803779599,1.742605803779599
U117,Food,2024-02,0.0,1.78037315686798,1.78037315686798
U117,Food,2024-03,0.0,2.0235869492415324,2.0235869492415324
U117,Food,2024-04,0.0,1.9844451122178643,1.9844451122178643
U117,Food,2024-05,3950.0,1.6356447047143288,3948.364355295286
U117,Shopping,2023-03,0.0,2.204254045789282,2.204254045789282
U117,Shopping,2023-04,0.0,1.7774088628650433,1.7774088628650433
U117,Shopping,2023-05,0.0,0.8657389338526567,0.8657389338526567
U117,Shopping,2023-06,0.0,1.3086460102894746,1.3086460102894746
U117,Shopping,2023-07,500.0,1.3296454101124717,498.67035458988755
U117,Shopping,2023-08,5441.4,0.8145629537392507,5440.58543704626
U118,Bills,2024-03,16254.0,1.6169784134001013,16252.3830215866
U118,Bills,2024-04,0.0,2.051012683515782,2.051012683515782
U118,Bills,2024-05,0.0,1.3273819693720923,1.3273819693720923
U118,Bills,2024-06,0.0,1.4083837849937586,1.4083837849937586
U118,Bills,2024-07,0.0,3.1529627114682706,3.1529627114682706
U118,Bills,2024-08,0.0,2.9311542028026207,2.9311542028026207
U118,Bills,2024-09,7182.0,2.802541497730425,7179.19745850227
U118,Food,2024-02,0.0,3.755483858000077,3.755483858000077
U118,Food,2024-03,0.0,2.0235869492415324,2.0235869492415324
U118,Food,2024-04,0.0,1.9844451122178643,1.9844451122178643
U118,Food,2024-05,0.0,1.6356447047143288,1.6356447047143288
U118,Food,2024-06,0.0,1.5112204884042004,1.5112204884042004
U118,Food,2024-07,0.0,1.4456610593873394,1.4456610593873394
U118,Food,2024-08,0.0,1.7781663363657025,1.7781663363657025
U118,Food,2024-09,8440.0,1.777211949598251,8438.222788050402
U118,Shopping,2023-06,0.0,1.3086460102894746,1.3086460102894746
U118,Shopping,2023-07,0.0,1.3296454101124717,1.3296454101124717
U118,Shopping,2023-08,0.0,1.8021512413813277,1.8021512413813277
U118,Shopping,2023-09,0.0,1.664443917937822,1.664443917937822
U118,Shopping,2023-10,0.0,2.046873845516607,2.046873845516607
U118,Shopping,2023-11,823.06,1.6742505422440779,821.3857494577559
U118,Transport,2024-05,0.0,1.3411764251370029,1.3411764251370029
U118,Transport,2024-06,0.0,1.2467494947004258,1.2467494947004258
U118,Transport,2024-07,0.0,1.1507372701204015,1.1507372701204015
U118,Transport,2024-08,0.0,1.5415287071402988,1.5415287071402988
U118,Transport,2024-09,0.0,1.6540408114498377,1.6540408114498377
U118,Transport,2024-10,6273.0,1.6909835725826596,6271.309016427417
U119,Bills,2024-02,0.0,2.1158642652680886,2.1158642652680886
U119,Bills,2024-03,0.0,2.949181490600317,2.949181490600317
U119,Bills,2024-04,0.0,2.9969170640958853,2.9969170640958853
U119,Bills,2024-05,0.0,2.6237742603611762,2.6237742603611762
U119,Bills,2024-06,0.0,3.2311581233654447,3.2311581233654447
U119,Bills,2024-07,0.0,3.1529627114682706,3.1529627114682706
U119,Bills,2024-08,0.0,2.9311542028026207,2.9311542028026207
U119,Bills,2024-09,0.0,2.802541497730425,2.802541497730425
U119,Bills,2024-10,8007.0,2.669782280269477,8004.33021771973
U119,Food,2024-04,0.0,1.9844451122178643,1.9844451122178643
U119,Food,2024-05,0.0,1.6356447047143288,1.6356447047143288
U119,Food,2024-06,0.0,1.5112204884042004,1.5112204884042004
U119,Food,2024-07,0.0,1.4456610593873394,1.4456610593873394
U119,Food,2024-08,0.0,1.7781663363657025,1.7781663363657025
U119,Food,2024-09,0.0,1.777211949598251,1.777211949598251
U119,Food,2024-10,0.0,2.184604656446028,2.184604656446028
U119,Food,2024-11,4921.0,1.8572302708777366,4919.142769729122
U119,Shopping,2024-04,0.0,1.622935799682319,1.622935799682319
U119,Shopping,2024-05,0.0,1.4004335929177936,1.4004335929177936
U119,Shopping,2024-06,0.0,1.3086460102894746,1.3086460102894746
U119,Shopping,2024-07,0.0,1.3296454101124717,1.3296454101124717
U119,Shopping,2024-08,0.0,1.8021512413813277,1.8021512413813277
U119,Shopping,2024-09,0.0,1.664443917937822,1.664443917937822
U119,Shopping,2024-10,0.0,2.046873845516607,2.046873845516607
U119,Shopping,2024-11,1638.39,1.6742505422440779,1636.715749457756
U120,Bills,2024-04,0.0,2.9969170640958853,2.9969170640958853
U120,Bills,2024-05,0.0,2.6237742603611762,2.6237742603611762
U120,Bills,2024-06,0.0,3.2311581233654447,3.2311581233654447
U120,Bills,2024-07,0.0,3.1529627114682706,3.1529627114682706
U120,Bills,2024-08,0.0,2.9311542028026207,2.9311542028026207
U120,Bills,2024-09,37994.0,2.802541497730425,37991.19745850227
U120,Bills,2024-10,0.0,18.076943514939668,18.076943514939668
U120,Bills,2024-11,47640.09999999999,2.8813541938869496,47637.218645806104
U120,Food,2024-01,0.0,1.742605803779599,1.742605803779599
U120,Food,2024-02,0.0,1.78037315686798,1.78037315686798
U120,Food,2024-03,0.0,2.0235869492415324,2.0235869492415324
U120,Food,2024-04,1000.0,1.9844451122178643,998.0155548877822
U120,Food,2024-05,0.0,1.1120644597689222,1.1120644597689222
U120,Food,2024-06,4321.0,2.138134991861122,4318.861865008139
U120,Food,2024-07,0.0,0.5867233138076935,0.5867233138076935
U120,Food,2024-08,10313.0,1.8610837940476928,10311.138916205953
U120,Food,2024-09,5243.0,0.7579860839598063,5242.24201391604
U120,Shopping,2024-02,0.0,1.5103530898038673,1.5103530898038673
U120,Shopping,2024-03,0.0,1.6125022340293254,1.6125022340293254
U120,Shopping,2024-04,500.0,1.622935799682319,498.3770642003177
U120,Shopping,2024-05,0.0,0.5325316014863302,0.5325316014863302
U120,Shopping,2024-06,1458.74,1.5320180317873482,1457.2079819682126
U120,Shopping,2024-07,0.0,0.7894200336523831,0.7894200336523831
U120,Shopping,2024-08,1915.05,0.9255743229786377,1914.1244256770212
U120,Shopping,2024-09,1684.56,0.8445010501334893,1683.7154989498665
U121,Bills,2023-11,0.0,3.1241614481098763,3.1241614481098763
U121,Bills,2023-12,0.0,3.1808002087834897,3.1808002087834897
U121,Bills,2024-01,28555.0,3.4926114860631907,28551.507388513935
U121,Bills,2024-02,0.0,0.680105209767834,0.680105209767834
U121,Bills,2024-03,0.0,1.3191990858847564,1.3191990858847564
U121,Bills,2024-04,1000.0,4.941122473152293,995.0588775268477
U121,Food,2024-05,0.0,1.6356447047143288,1.6356447047143288
U121,Food,2024-06,0.0,1.5112204884042004,1.5112204884042004
U121,Food,2024-07,2839.0,1.4456610593873394,2837.5543389406125
U121,Food,2024-08,0.0,0.25164373524127553,0.25164373524127553
U121,Food,2024-09,0.0,0.9881006614356995,0.9881006614356995
U121,Food,2024-10,0.0,5.413667939298123,5.413667939298123
U121,Food,2024-11,2832.0,1.8572302708777366,2830.1427697291224
U121,Food,2024-12,1842.0,1.4680907459053922,1840.5319092540947
U121,Shopping,2024-04,0.0,0.8587478219507954,0.8587478219507954
U121,Shopping,2024-05,0.0,1.2416965851207777,1.2416965851207777
U121,Shopping,2024-06,0.0,1.3086460102894746,1.3086460102894746
U121,Shopping,2024-07,768.33,1.3296454101124717,767.0003545898876
U121,Shopping,2024-08,0.0,0.7417021334873295,0.7417021334873295
U121,Shopping,2024-09,0.0,1.726853185181668,1.726853185181668
U121,Shopping,2024-10,0.0,6.160583101637191,6.160583101637191
U121,Shopping,2024-11,713.52,1.6742505422440779,711.8457494577559
U122,Bills,2024-05,0.0,2.6237742603611762,2.6237742603611762
U122,Bills,2024-06,0.0,3.2311581233654447,3.2311581233654447
U122,Bills,2024-07,0.0,3.1529627114682706,3.1529627114682706
U122,Bills,2024-08,0.0,2.9311542028026207,2.9311542028026207
U122,Bills,2024-09,9442.0,2.802541497730425,9439.197458502269
U122,Bills,2024-10,5355.0,1.0428891650677228,5353.957110834932
U122,Entertainment,2022-12,0.0,0.25948874456544024,0.25948874456544024
U122,Entertainment,2023-01,0.0,2.309442154372805,2.309442154372805
U122,Entertainment,2023-02,0.0,1.046060205624292,1.046060205624292
U122,Entertainment,2023-03,4219.0,0.6664960178633292,4218.333503982137
U122,Food,2023-10,0.0,4.476700203478243,4.476700203478243
U122,Food,2023-11,0.0,1.4296222175987916,1.4296222175987916
U122,Food,2023-12,0.0,1.7589561936604499,1.7589561936604499
U122,Food,2024-01,0.0,1.742605803779599,1.742605803779599
U122,Food,2024-02,0.0,1.78037315686798,1.78037315686798
U122,Food,2024-03,0.0,2.0235869492415324,2.0235869492415324
U122,Food,2024-04,9907.0,1.9844451122178643,9905.015554887783
U122,Shopping,2023-10,0.0,0.8181851209127702,0.8181851209127702
U122,Shopping,2023-11,0.0,0.7759659850919993,0.7759659850919993
U122,Shopping,2023-12,0.0,1.703250397544633,1.703250397544633
U122,Shopping,2024-01,0.0,1.5772050409505152,1.5772050409505152
U122,Shopping,2024-02,0.0,1.5103530898038673,1.5103530898038673
U122,Shopping,2024-03,0.0,1.6125022340293254,1.6125022340293254
U122,Shopping,2024-04,3160.2,1.622935799682319,3158.5770642003176
U123,Bills,2024-07,0.0,4.2303801822841,4.2303801822841
U123,Bills,2024-08,0.0,1.1418222709713417,1.1418222709713417
U123,Bills,2024-09,0.0,2.802541497730425,2.802541497730425
U123,Bills,2024-10,0.0,2.669782280269477,2.669782280269477
U123,Bills,2024-11,6060.0,3.1241614481098763,6056.87583855189
U123,Shopping,2023-06,0.0,1.3086460102894746,1.3086460102894746
U123,Shopping,2023-07,0.0,1.3296454101124717,1.3296454101124717
U123,Shopping,2023-08,0.0,1.8021512413813277,1.8021512413813277
U123,Shopping,2023-09,0.0,1.664443917937822,1.664443917937822
U123,Shopping,2023-10,0.0,2.046873845516607,2.046873845516607
U123,Shopping,2023-11,0.0,1.6742505422440779,1.6742505422440779
U123,Shopping,2023-12,1076.37,1.703250397544633,1074.6667496024552
U124,Bills,2023-04,0.0,2.9969170640958853,2.9969170640958853
U124,Bills,2023-05,0.0,2.6237742603611762,2.6237742603611762
U124,Bills,2023-06,0.0,3.2311581233654447,3.2311581233654447
U124,Bills,2023-07,0.0,3.1529627114682706,3.1529627114682706
U124,Bills,2023-08,0.0,2.9311542028026207,2.9311542028026207
U124,Bills,2023-09,17928.0,2.802541497730425,17925.19745850227
U124,Bills,2023-10,2180.0,2.07388805331358,2177.9261119466864
U124,Education,2023-04,0.0,1.0329317987336961,1.0329317987336961
U124,Education,2023-05,0.0,0.399256172748313,0.399256172748313
U124,Education,2023-06,5203.0,0.2125562004104604,5202.78744379959
U124,Education,2023-07,0.0,0.321047909076455,0.321047909076455
U124,Education,2023-08,2506.0,0.5327832620476072,2505.467216737952
U124,Entertainment,2023-07,0.0,1.0560113112551708,1.0560113112551708
U124,Entertainment,2023-08,0.0,1.8969819601148328,1.8969819601148328
U124,Entertainment,2023-09,0.0,1.3519534554398889,1.3519534554398889
U124,Entertainment,2023-10,0.0,1.3377460388348332,1.3377460388348332
U124,Entertainment,2023-11,0.0,1.2204648306410655,1.2204648306410655
U124,Entertainment,2023-12,0.0,0.25948874456544024,0.25948874456544024
U124,Entertainment,2024-01,7288.0,2.309442154372805,7285.690557845627
U124,Food,2024-01,0.0,0.5280022769841539,0.5280022769841539
U124,Food,2024-02,0.0,1.78037315686798,1.78037315686798
U124,Food,2024-03,0.0,2.0235869492415324,2.0235869492415324
U124,Food,2024-04,0.0,1.9844451122178643,1.9844451122178643
U124,Food,2024-05,1969.0,1.6356447047143288,1967.3643552952856
U124,Food,2024-06,0.0,0.7133175630792852,0.7133175630792852
U124,Food,2024-07,0.0,2.8983506190182386,2.8983506190182386
U124,Food,2024-08,4802.0,1.667642262902047,4800.332357737098
U124,Shopping,2023-07,0.0,1.3296454101124717,1.3296454101124717
U124,Shopping,2023-08,0.0,1.8021512413813277,1.8021512413813277
U124,Shopping,2023-09,0.0,1.664443917937822,1.664443917937822
U124,Shopping,2023-10,1802.5,2.046873845516607,1800.4531261544835
U124,Shopping,2023-11,0.0,1.2661010060737143,1.2661010060737143
U124,Shopping,2023-12,0.0,1.4706349300954047,1.4706349300954047
U124,Shopping,2024-01,5276.62,1.4728009645318716,5275.147199035468
U124,Transport,2023-09,0.0,1.260448478761651,1.260448478761651
U124,Transport,2023-10,0.0,1.6343605049647874,1.6343605049647874
U124,Transport,2023-11,0.0,1.157861112543395,1.157861112543395
U124,Transport,2023-12,0.0,1.8515011584818208,1.8515011584818208
U124,Transport,2024-01,0.0,2.0773911431466217,2.0773911431466217
U124,Transport,2024-02,0.0,1.9866871986943244,1.9866871986943244
U124,Transport,2024-03,9004.0,1.6569918167578055,9002.343008183243
U125,Bills,2024-02,47640.09999999999,2.3888043747085024,47637.711195625285
U125,Bills,2024-03,0.0,76.76722015306196,76.76722015306196
U125,Bills,2024-04,7746.0,25.462410486438294,7720.537589513562
U125,Bills,2024-05,0.0,3.1860020006071395,3.1860020006071395
U125,Bills,2024-06,0.0,1.8577431461099936,1.8577431461099936
U125,Bills,2024-07,0.0,7.6956047039859445,7.6956047039859445
U125,Bills,2024-08,0.0,2.9311542028026207,2.9311542028026207
U125,Bills,2024-09,4769.0,2.802541497730425,4766.19745850227
U125,Food,2024-04,0.0,1.2099240780931781,1.2099240780931781
U125,Food,2024-05,0.0,1.6356447047143288,1.6356447047143288
U125,Food,2024-06,0.0,1.5112204884042004,1.5112204884042004
U125,Food,2024-07,0.0,1.4456610593873394,1.4456610593873394
U125,Food,2024-08,0.0,1.7781663363657025,1.7781663363657025
U125,Food,2024-09,0.0,1.777211949598251,1.777211949598251
U125,Food,2024-10,0.0,2.184604656446028,2.184604656446028
U125,Food,2024-11,0.0,1.8572302708777366,1.8572302708777366
U125,Food,2024-12,6358.0,1.7589561936604499,6356.24104380634
U125,Shopping,2024-05,0.0,0.8143692852643234,0.8143692852643234
U125,Shopping,2024-06,0.0,1.3086460102894746,1.3086460102894746
U125,Shopping,2024-07,0.0,1.3296454101124717,1.3296454101124717
U125,Shopping,2024-08,0.0,1.8021512413813277,1.8021512413813277
U125,Shopping,2024-09,0.0,1.664443917937822,1.664443917937822
U125,Shopping,2024-10,0.0,2.046873845516607,2.046873845516607
U125,Shopping,2024-11,1725.54,1.6742505422440779,1723.8657494577558
U125,Shopping,2024-12,2556.72,0.6702036795692539,2556.0497963204307
U126,Bills,2024-02,0.0,2.1158642652680886,2.1158642652680886
U126,Bills,2024-03,8260.0,2.949181490600317,8257.0508185094
U126,Bills,2024-04,9256.0,0.7666394393039917,9255.233360560696
U126,Bills,2024-05,0.0,9.508359651620777,9.508359651620777
U126,Bills,2024-06,0.0,0.7502244050001161,0.7502244050001161
U126,Bills,2024-07,0.0,1.6912528125503883,1.6912528125503883
U126,Bills,2024-08,0.0,2.9311542028026207,2.9311542028026207
U126,Bills,2024-09,47640.09999999999,2.802541497730425,47637.29745850226
U126,Entertainment,2022-09,0.0,3.079240253619833,3.079240253619833
U126,Entertainment,2022-10,0.0,46.132582361559955,46.132582361559955
U126,Entertainment,2022-11,0.0,1.2204648306410655,1.2204648306410655
U126,Entertainment,2022-12,0.0,0.25948874456544024,0.25948874456544024
U126,Entertainment,2023-01,4706.0,2.309442154372805,4703.690557845627
U126,Food,2024-04,2036.0,1.9844451122178643,2034.0155548877822
U126,Food,2024-05,0.0,1.6896034191339226,1.6896034191339226
U126,Food,2024-06,0.0,1.9106907518384348,1.9106907518384348
U126,Food,2024-07,0.0,1.569327708513455,1.569327708513455
U126,Food,2024-08,0.0,1.7781663363657025,1.7781663363657025
U126,Food,2024-09,2575.0,1.777211949598251,2573.222788050402
U126,Shopping,2024-01,0.0,1.5772050409505152,1.5772050409505152
U126,Shopping,2024-02,0.0,1.5103530898038673,1.5103530898038673
U126,Shopping,2024-03,0.0,1.6125022340293254,1.6125022340293254
U126,Shopping,2024-04,0.0,1.622935799682319,1.622935799682319
U126,Shopping,2024-05,0.0,1.4004335929177936,1.4004335929177936
U126,Shopping,2024-06,0.0,1.3086460102894746,1.3086460102894746
U126,Shopping,2024-07,0.0,1.3296454101124717,1.3296454101124717
U126,Shopping,2024-08,0.0,1.8021512413813277,1.8021512413813277
U126,Shopping,2024-09,830.67,1.664443917937822,829.0055560820622
U127,Food,2024-05,0.0,1.4310193082892022,1.4310193082892022
U127,Food,2024-06,3629.0,1.2431554835273455,3627.7568445164725
U127,Food,2024-07,0.0,3.4469804461661493,3.4469804461661493
U127,Food,2024-08,0.0,1.694624153016306,1.694624153016306
U127,Food,2024-09,0.0,1.4285784726382782,1.4285784726382782
U127,Food,2024-10,0.0,2.184604656446028,2.184604656446028
U127,Food,2024-11,6574.0,1.8572302708777366,6572.142769729122
U127,Food,2024-12,1113.0,2.614480224662647,1110.3855197753373
U127,Shopping,2024-05,0.0,1.4004335929177936,1.4004335929177936
U127,Shopping,2024-06,0.0,1.3086460102894746,1.3086460102894746
U127,Shopping,2024-07,0.0,1.3296454101124717,1.3296454101124717
U127,Shopping,2024-08,0.0,1.8021512413813277,1.8021512413813277
U127,Shopping,2024-09,0.0,1.664443917937822,1.664443917937822
U127,Shopping,2024-10,0.0,2.046873845516607,2.046873845516607
U127,Shopping,2024-11,2839.78,1.6742505422440779,2838.1057494577562
U127,Shopping,2024-12,500.0,1.0422618501115153,498.9577381498885
U128,Bills,2023-05,0.0,2.5698810868329747,2.5698810868329747
U128,Bills,2023-06,0.0,0.30766985253508367,0.30766985253508367
U128,Bills,2023-07,0.0,0.27692320715202023,0.27692320715202023
U128,Bills,2023-08,0.0,2.9311542028026207,2.9311542028026207
U128,Bills,2023-09,0.0,2.802541497730425,2.802541497730425
U128,Bills,2023-10,0.0,2.669782280269477,2.669782280269477
U128,Bills,2023-11,35731.0,3.1241614481098763,35727.87583855189
U128,Entertainment,2022-05,5138.0,0.48338714037991565,5137.51661285962
U128,Entertainment,2022-06,0.0,0.2037522184869808,0.2037522184869808
U128,Entertainment,2022-07,0.0,2.092647276340896,2.092647276340896
U128,Entertainment,2022-08,4736.0,0.07941302486153873,4735.920586975139
U128,Food,2024-03,0.0,2.0235869492415324,2.0235869492415324
U128,Food,2024-04,0.0,1.9844451122178643,1.9844451122178643
U128,Food,2024-05,0.0,1.6356447047143288,1.6356447047143288
U128,Food,2024-06,0.0,1.5112204884042004,1.5112204884042004
U128,Food,2024-07,0.0,1.4456610593873394,1.4456610593873394
U128,Food,2024-08,0.0,1.7781663363657025,1.7781663363657025
U128,Food,2024-09,0.0,1.777211949598251,1.777211949598251
U128,Food,2024-10,0.0,2.184604656446028,2.184604656446028
U128,Food,2024-11,693.0,1.8572302708777366,691.1427697291223
U128,Shopping,2022-12,0.0,1.703250397544633,1.703250397544633
U128,Shopping,2023-01,0.0,1.5772050409505152,1.5772050409505152
U128,Shopping,2023-02,1355.51,1.5103530898038673,1353.9996469101961
U128,Shopping,2023-03,0.0,5.452591849225661,5.452591849225661
U128,Shopping,2023-04,999.27,1.0513601088876294,998.2186398911124
U129,Bills,2024-03,28176.0,52.56851334705246,28123.431486652946
U129,Bills,2024-04,4212.0,36.85470567568987,4175.14529432431
U129,Bills,2024-05,0.0,14.826018088314681,14.826018088314681
U129,Bills,2024-06,0.0,3.3795380473368013,3.3795380473368013
U129,Bills,2024-07,0.0,1.7445400519103025,1.7445400519103025
U129,Bills,2024-08,0.0,2.9311542028026207,2.9311542028026207
U129,Bills,2024-09,7248.0,2.802541497730425,7245.19745850227
U129,Food,2023-09,0.0,1.777211949598251,1.777211949598251
U129,Food,2023-10,244.0,2.184604656446028,241.81539534355397
U129,Food,2023-11,4990.0,1.38325722365001,4988.61674277635
U129,Shopping,2024-03,0.0,1.6125022340293254,1.6125022340293254
U129,Shopping,2024-04,5595.77,1.622935799682319,5594.147064200318
U129,Shopping,2024-05,0.0,5.1459182808687665,5.1459182808687665
U129,Shopping,2024-06,0.0,1.5801748478916169,1.5801748478916169
U129,Shopping,2024-07,0.0,0.36790070161802835,0.36790070161802835
U129,Shopping,2024-08,0.0,1.8021512413813277,1.8021512413813277
U129,Shopping,2024-09,500.0,1.664443917937822,498.33555608206217
U130,Bills,2023-07,0.0,1.2160970709332002,1.2160970709332002
U130,Bills,2023-08,3367.0,7.459675568477879,3359.540324431522
U130,Bills,2023-09,5774.0,0.4056380452791532,5773.594361954721
U130,Bills,2023-10,0.0,0.7500141159389255,0.7500141159389255
U130,Bills,2023-11,0.0,0.8059430576924307,0.8059430576924307
U130,Bills,2023-12,5704.0,4.210851419192938,5699.789148580807
U130,Bills,2024-01,9177.0,2.2247543705456074,9174.775245629455
U130,Entertainment,2023-03,0.0,0.6664960178633292,0.6664960178633292
U130,Entertainment,2023-04,0.0,0.6967808652490657,0.6967808652490657
U130,Entertainment,2023-05,0.0,0.48338714037991565,0.48338714037991565
U130,Entertainment,2023-06,0.0,0.6841403631402618,0.6841403631402618
U130,Entertainment,2023-07,0.0,1.0560113112551708,1.0560113112551708
U130,Entertainment,2023-08,5749.0,1.8969819601148328,5747.103018039885
U130,Food,2024-04,0.0,2.16338075651176,2.16338075651176
U130,Food,2024-05,0.0,1.0483543860722309,1.0483543860722309
U130,Food,2024-06,4780.0,1.427534068427864,4778.572465931572
U130,Food,2024-07,0.0,0.14836768517864599,0.14836768517864599
U130,Food,2024-08,0.0,0.624277706376402,0.624277706376402
U130,Food,2024-09,0.0,1.059609040779908,1.059609040779908
U130,Food,2024-10,0.0,2.184604656446028,2.184604656446028
U130,Food,2024-11,0.0,1.8572302708777366,1.8572302708777366
U130,Food,2024-12,970.0,1.7589561936604499,968.2410438063396
U130,Shopping,2023-06,0.0,1.5320180317873482,1.5320180317873482
U130,Shopping,2023-07,0.0,1.6662246397715599,1.6662246397715599
U130,Shopping,2023-08,2541.29,1.8021512413813277,2539.487848758619
U130,Shopping,2023-09,0.0,0.16172845189942134,0.16172845189942134
U130,Shopping,2023-10,0.0,0.6920265192560224,0.6920265192560224
U130,Shopping,2023-11,0.0,0.7102354196856928,0.7102354196856928
U130,Shopping,2023-12,500.0,1.703250397544633,498.29674960245535
U130,Transport,2024-01,0.0,2.0773911431466217,2.0773911431466217
U130,Transport,2024-02,6734.0,1.9866871986943244,6732.013312801306
U130,Transport,2024-03,0.0,0.3548313501923819,0.3548313501923819
U130,Transport,2024-04,0.0,2.334574126914567,2.334574126914567
U130,Transport,2024-05,0.0,1.2843013231214355,1.2843013231214355
U130,Transport,2024-06,4406.0,1.2467494947004258,4404.7532505053
U131,Bills,2024-01,0.0,2.1966515457112097,2.1966515457112097
U131,Bills,2024-02,0.0,2.1158642652680886,2.1158642652680886
U131,Bills,2024-03,0.0,2.949181490600317,2.949181490600317
U131,Bills,2024-04,0.0,2.9969170640958853,2.9969170640958853
U131,Bills,2024-05,0.0,2.6237742603611762,2.6237742603611762
U131,Bills,2024-06,0.0,3.2311581233654447,3.2311581233654447
U131,Bills,2024-07,0.0,3.1529627114682706,3.1529627114682706
U131,Bills,2024-08,0.0,2.9311542028026207,2.9311542028026207
U131,Bills,2024-09,538.0,2.802541497730425,535.1974585022696
U131,Entertainment,2023-03,0.0,0.6664960178633292,0.6664960178633292
U131,Entertainment,2023-04,4558.0,0.6967808652490657,4557.303219134751
U131,Entertainment,2023-05,0.0,12.429455125643736,12.429455125643736
U131,Entertainment,2023-06,4916.0,7.5320231633671035,4908.467976836633
U131,Shopping,2023-04,0.0,1.622935799682319,1.622935799682319
U131,Shopping,2023-05,0.0,1.4004335929177936,1.4004335929177936
U131,Shopping,2023-06,3351.21,1.3086460102894746,3349.9013539897105
U131,Shopping,2023-07,0.0,3.4223499902060492,3.4223499902060492
U131,Shopping,2023-08,0.0,2.6931036527059846,2.6931036527059846
U131,Shopping,2023-09,2988.92,1.3648802472225232,2987.5551197527775
U131,Transport,2023-07,0.0,1.1507372701204015,1.1507372701204015
U131,Transport,2023-08,0.0,1.5415287071402988,1.5415287071402988
U131,Transport,2023-09,5947.0,1.6540408114498377,5945.34595918855
U132,Bills,2023-11,0.0,1.8372586333285352,1.8372586333285352
U132,Bills,2023-12,0.0,3.1808002087834897,3.1808002087834897
U132,Bills,2024-01,0.0,3.4926114860631907,3.4926114860631907
U132,Bills,2024-02,0.0,2.1158642652680886,2.1158642652680886
U132,Bills,2024-03,1582.0,2.949181490600317,1579.0508185093997
U132,Bills,2024-04,0.0,1.3169883351685572,1.3169883351685572
U132,Bills,2024-05,0.0,2.302757087627526,2.302757087627526
U132,Bills,2024-06,41736.0,1.988734993201283,41734.0112650068
U132,Entertainment,2024-06,0.0,0.6841403631402618,0.6841403631402618
U132,Entertainment,2024-07,0.0,1.0560113112551708,1.0560113112551708
U132,Entertainment,2024-08,0.0,1.8969819601148328,1.8969819601148328
U132,Entertainment,2024-09,0.0,1.3519534554398889,1.3519534554398889
U132,Entertainment,2024-10,8167.0,1.3377460388348332,8165.662253961165
U132,Shopping,2024-04,0.0,1.622935799682319,1.622935799682319
U132,Shopping,2024-05,0.0,1.4004335929177936,1.4004335929177936
U132,Shopping,2024-06,0.0,1.3086460102894746,1.3086460102894746
U132,Shopping,2024-07,0.0,1.3296454101124717,1.3296454101124717
U132,Shopping,2024-08,0.0,1.8021512413813277,1.8021512413813277
U132,Shopping,2024-09,0.0,1.664443917937822,1.664443917937822
U132,Shopping,2024-10,3648.33,2.046873845516607,3646.2831261544834
U133,Bills,2024-04,0.0,2.9969170640958853,2.9969170640958853
U133,Bills,2024-05,0.0,2.6237742603611762,2.6237742603611762
U133,Bills,2024-06,0.0,3.2311581233654447,3.2311581233654447
U133,Bills,2024-07,0.0,3.1529627114682706,3.1529627114682706
U133,Bills,2024-08,0.0,2.9311542028026207,2.9311542028026207
U133,Bills,2024-09,0.0,2.802541497730425,2.802541497730425
U133,Bills,2024-10,0.0,2.669782280269477,2.669782280269477
U133,Bills,2024-11,0.0,3.1241614481098763,3.1241614481098763
U133,Bills,2024-12,5565.0,3.1808002087834897,5561.819199791216
U133,Shopping,2024-05,0.0,0.33673601643065326,0.33673601643065326
U133,Shopping,2024-06,0.0,1.1140372115570254,1.1140372115570254
U133,Shopping,2024-07,0.0,1.0712502653494207,1.0712502653494207
U133,Shopping,2024-08,0.0,1.8021512413813277,1.8021512413813277
U133,Shopping,2024-09,0.0,1.664443917937822,1.664443917937822
U133,Shopping,2024-10,0.0,2.046873845516607,2.046873845516607
U133,Shopping,2024-11,0.0,1.6742505422440779,1.6742505422440779
U133,Shopping,2024-12,500.0,1.703250397544633,498.29674960245535
U133,Transport,2023-09,0.0,1.6540408114498377,1.6540408114498377
U133,Transport,2023-10,0.0,1.6909835725826596,1.6909835725826596
U133,Transport,2023-11,0.0,1.157861112543395,1.157861112543395
U133,Transport,2023-12,0.0,1.8515011584818208,1.8515011584818208
U133,Transport,2024-01,0.0,2.0773911431466217,2.0773911431466217
U133,Transport,2024-02,0.0,1.9866871986943244,1.9866871986943244
U133,Transport,2024-03,802.0,1.6569918167578055,800.3430081832422
U134,Bills,2024-04,0.0,2.9969170640958853,2.9969170640958853
U134,Bills,2024-05,0.0,2.6237742603611762,2.6237742603611762
U134,Bills,2024-06,0.0,3.2311581233654447,3.2311581233654447
U134,Bills,2024-07,0.0,3.1529627114682706,3.1529627114682706
U134,Bills,2024-08,0.0,2.9311542028026207,2.9311542028026207
U134,Bills,2024-09,8520.0,2.802541497730425,8517.197458502269
U134,Entertainment,2022-12,0.0,0.25948874456544024,0.25948874456544024
U134,Entertainment,2023-01,0.0,2.309442154372805,2.309442154372805
U134,Entertainment,2023-02,0.0,1.046060205624292,1.046060205624292
U134,Entertainment,2023-03,0.0,0.6664960178633292,0.6664960178633292
U134,Entertainment,2023-04,6150.0,0.6967808652490657,6149.303219134751
U134,Food,2024-04,0.0,0.9653317885397554,0.9653317885397554
U134,Food,2024-05,0.0,1.1258591802558122,1.1258591802558122
U134,Food,2024-06,0.0,1.5112204884042004,1.5112204884042004
U134,Food,2024-07,0.0,1.4456610593873394,1.4456610593873394
U134,Food,2024-08,0.0,1.7781663363657025,1.7781663363657025
U134,Food,2024-09,0.0,1.777211949598251,1.777211949598251
U134,Food,2024-10,0.0,2.184604656446028,2.184604656446028
U134,Food,2024-11,0.0,1.8572302708777366,1.8572302708777366
U134,Food,2024-12,2788.0,1.7589561936604499,2786.2410438063393
U134,Shopping,2024-02,2072.52,0.9505296482555865,2071.5694703517443
U134,Shopping,2024-03,0.0,1.0258175880648888,1.0258175880648888
U134,Shopping,2024-04,0.0,1.0210770563058098,1.0210770563058098
U134,Shopping,2024-05,0.0,1.2416965851207777,1.2416965851207777
U134,Shopping,2024-06,0.0,1.3086460102894746,1.3086460102894746
U134,Shopping,2024-07,0.0,1.3296454101124717,1.3296454101124717
U134,Shopping,2024-08,0.0,1.8021512413813277,1.8021512413813277
U134,Shopping,2024-09,500.0,1.664443917937822,498.33555608206217
U134,Transport,2023-08,0.0,1.5415287071402988,1.5415287071402988
U134,Transport,2023-09,1000.0,1.6540408114498377,998.3459591885502
U134,Transport,2023-10,0.0,4.7308043345556685,4.7308043345556685
U134,Transport,2023-11,0.0,2.3954418626448795,2.3954418626448795
U134,Transport,2023-12,0.0,1.0807129024468867,1.0807129024468867
U134,Transport,2024-01,5749.0,2.0773911431466217,5746.922608856853
U135,Bills,2023-11,0.0,1.9561925231840016,1.9561925231840016
U135,Bills,2023-12,0.0,3.1808002087834897,3.1808002087834897
U135,Bills,2024-01,0.0,3.4926114860631907,3.4926114860631907
U135,Bills,2024-02,0.0,2.1158642652680886,2.1158642652680886
U135,Bills,2024-03,0.0,2.949181490600317,2.949181490600317
U135,Bills,2024-04,0.0,2.9969170640958853,2.9969170640958853
U135,Bills,2024-05,0.0,2.6237742603611762,2.6237742603611762
U135,Bills,2024-06,6653.0,3.2311581233654447,6649.768841876635
U135,Shopping,2024-02,0.0,1.5103530898038673,1.5103530898038673
U135,Shopping,2024-03,0.0,1.6125022340293254,1.6125022340293254
U135,Shopping,2024-04,0.0,1.622935799682319,1.622935799682319
U135,Shopping,2024-05,0.0,1.4004335929177936,1.4004335929177936
U135,Shopping,2024-06,0.0,1.3086460102894746,1.3086460102894746
U135,Shopping,2024-07,0.0,1.3296454101124717,1.3296454101124717
U135,Shopping,2024-08,0.0,1.8021512413813277,1.8021512413813277
U135,Shopping,2024-09,0.0,1.664443917937822,1.664443917937822
U135,Shopping,2024-10,500.0,2.046873845516607,497.9531261544834
U135,Transport,2024-04,0.0,2.0199772138045677,2.0199772138045677
U135,Transport,2024-05,0.0,5.086208242783666,5.086208242783666
U135,Transport,2024-06,0.0,1.2467494947004258,1.2467494947004258
U135,Transport,2024-07,0.0,1.1507372701204015,1.1507372701204015
U135,Transport,2024-08,0.0,1.5415287071402988,1.5415287071402988
U135,Transport,2024-09,0.0,1.6540408114498377,1.6540408114498377
U135,Transport,2024-10,7390.0,1.6909835725826596,7388.309016427417
U135,Transport,2024-11,0.0,0.4885252416682496,0.4885252416682496
U135,Transport,2024-12,1829.0,1.4768040396134627,1827.5231959603866
U136,Bills,2024-01,0.0,3.4926114860631907,3.4926114860631907
U136,Bills,2024-02,0.0,2.1158642652680886,2.1158642652680886
U136,Bills,2024-03,0.0,2.949181490600317,2.949181490600317
U136,Bills,2024-04,0.0,2.9969170640958853,2.9969170640958853
U136,Bills,2024-05,0.0,2.6237742603611762,2.6237742603611762
U136,Bills,2024-06,0.0,3.2311581233654447,3.2311581233654447
U136,Bills,2024-07,0.0,3.1529627114682706,3.1529627114682706
U136,Bills,2024-08,4600.0,2.9311542028026207,4597.068845797197
U136,Entertainment,2023-07,0.0,1.0560113112551708,1.0560113112551708
U136,Entertainment,2023-08,0.0,1.8969819601148328,1.8969819601148328
U136,Entertainment,2023-09,0.0,1.3519534554398889,1.3519534554398889
U136,Entertainment,2023-10,0.0,1.3377460388348332,1.3377460388348332
U136,Entertainment,2023-11,9022.0,1.2204648306410655,9020.779535169358
U136,Entertainment,2023-12,114.0,2.259220832563629,111.74077916743637
U136,Food,2024-06,0.0,1.5112204884042004,1.5112204884042004
U136,Food,2024-07,8525.0,1.4456610593873394,8523.554338940612
U136,Food,2024-08,10820.0,12.52362136939816,10807.476378630601
U136,Food,2024-09,0.0,1.0107872138006595,1.0107872138006595
U136,Food,2024-10,0.0,1.014090711125987,1.014090711125987
U136,Food,2024-11,0.0,2.438631411697601,2.438631411697601
U136,Food,2024-12,0.0,1.7589561936604499,1.7589561936604499
U136,Shopping,2024-01,0.0,1.163399802989769,1.163399802989769
U136,Shopping,2024-02,0.0,0.9516299078850476,0.9516299078850476
U136,Shopping,2024-03,0.0,2.3764389282270044,2.3764389282270044
U136,Shopping,2024-04,0.0,1.622935799682319,1.622935799682319
U136,Shopping,2024-05,0.0,1.4004335929177936,1.4004335929177936
U136,Shopping,2024-06,0.0,1.3086460102894746,1.3086460102894746
U136,Shopping,2024-07,0.0,1.3296454101124717,1.3296454101124717
U136,Shopping,2024-08,500.0,1.8021512413813277,498.19784875861865
U136,Transport,2023-08,0.0,1.5415287071402988,1.5415287071402988
U136,Transport,2023-09,0.0,1.6540408114498377,1.6540408114498377
U136,Transport,2023-10,0.0,1.6909835725826596,1.6909835725826596
U136,Transport,2023-11,0.0,1.157861112543395,1.157861112543395
U136,Transport,2023-12,0.0,1.8515011584818208,1.8515011584818208
U136,Transport,2024-01,0.0,2.0773911431466217,2.0773911431466217
U136,Transport,2024-02,4255.0,1.9866871986943244,4253.013312801306
U137,Bills,2024-01,5192.0,3.4926114860631907,5188.507388513937
U137,Bills,2024-02,0.0,1.3071672120245648,1.3071672120245648
U137,Bills,2024-03,0.0,3.7906713147332667,3.7906713147332667
U137,Bills,2024-04,0.0,1.3244843729341214,1.3244843729341214
U137,Bills,2024-05,0.0,2.6237742603611762,2.6237742603611762
U137,Bills,2024-06,0.0,3.2311581233654447,3.2311581233654447
U137,Bills,2024-07,0.0,3.1529627114682706,3.1529627114682706
U137,Bills,2024-08,3017.0,2.9311542028026207,3014.0688457971974
U137,Food,2024-03,0.0,2.0235869492415324,2.0235869492415324
U137,Food,2024-04,0.0,1.9844451122178643,1.9844451122178643
U137,Food,2024-05,0.0,1.6356447047143288,1.6356447047143288
U137,Food,2024-06,0.0,1.5112204884042004,1.5112204884042004
U137,Food,2024-07,0.0,1.4456610593873394,1.4456610593873394
U137,Food,2024-08,0.0,1.7781663363657025,1.7781663363657025
U137,Food,2024-09,3325.0,1.777211949598251,3323.222788050402
U137,Shopping,2024-07,0.0,3.3171450552708697,3.3171450552708697
U137,Shopping,2024-08,500.0,0.5911622593611678,499.40883774063883
U137,Shopping,2024-09,500.0,0.8959479109760811,499.1040520890239
U138,Bills,2023-09,5585.0,2.802541497730425,5582.19745850227
U138,Bills,2023-10,0.0,2.69708827805868,2.69708827805868
U138,Bills,2023-11,0.0,1.6526947388314932,1.6526947388314932
U138,Bills,2023-12,22648.0,1.765301547122308,22646.234698452878
U138,Bills,2024-01,0.0,0.4998040397645951,0.4998040397645951
U138,Bills,2024-02,0.0,57.54827005635243,57.54827005635243
U138,Bills,2024-03,9968.0,5.210980237903879,9962.789019762096
U138,Bills,2024-04,7820.0,0.37120915656150655,7819.628790843439
U138,Food,2023-02,6709.0,1.6015218172961356,6707.398478182704
U138,Food,2023-03,0.0,0.2755036726743951,0.2755036726743951
U138,Food,2023-04,0.0,3.578068467523302,3.578068467523302
U138,Food,2023-05,0.0,1.942956962279863,1.942956962279863
U138,Food,2023-06,0.0,1.5112204884042004,1.5112204884042004
U138,Food,2023-07,4069.0,1.4456610593873394,4067.5543389406125
U138,Shopping,2023-10,0.0,5.742927345062622,5.742927345062622
U138,Shopping,2023-11,0.0,1.6742505422440779,1.6742505422440779
U138,Shopping,2023-12,0.0,1.703250397544633,1.703250397544633
U138,Shopping,2024-01,0.0,1.5772050409505152,1.5772050409505152
U138,Shopping,2024-02,0.0,1.5103530898038673,1.5103530898038673
U138,Shopping,2024-03,0.0,1.6125022340293254,1.6125022340293254
U138,Shopping,2024-04,0.0,1.622935799682319,1.622935799682319
U138,Shopping,2024-05,5883.52,1.4004335929177936,5882.119566407083
U138,Transport,2024-05,0.0,1.3411764251370029,1.3411764251370029
U138,Transport,2024-06,0.0,1.2467494947004258,1.2467494947004258
U138,Transport,2024-07,0.0,1.1507372701204015,1.1507372701204015
U138,Transport,2024-08,0.0,1.5415287071402988,1.5415287071402988
U138,Transport,2024-09,0.0,1.6540408114498377,1.6540408114498377
U138,Transport,2024-10,0.0,1.6909835725826596,1.6909835725826596
U138,Transport,2024-11,0.0,1.157861112543395,1.157861112543395
U138,Transport,2024-12,4471.0,1.8515011584818208,4469.148498841519
U139,Bills,2024-05,0.0,3.7031094220218774,3.7031094220218774
U139,Bills,2024-06,0.0,1.895172680372788,1.895172680372788
U139,Bills,2024-07,0.0,3.1529627114682706,3.1529627114682706
U139,Bills,2024-08,0.0,2.9311542028026207,2.9311542028026207
U139,Bills,2024-09,0.0,2.802541497730425,2.802541497730425
U139,Bills,2024-10,0.0,2.669782280269477,2.669782280269477
U139,Bills,2024-11,0.0,3.1241614481098763,3.1241614481098763
U139,Bills,2024-12,6330.0,3.1808002087834897,6326.819199791216
U139,Education,2024-03,0.0,0.5716227654225623,0.5716227654225623
U139,Education,2024-04,0.0,0.35335503703957566,0.35335503703957566
U139,Education,2024-05,0.0,0.7272810883316696,0.7272810883316696
U139,Education,2024-06,0.0,0.2125562004104604,0.2125562004104604
U139,Education,2024-07,0.0,0.19246838180162265,0.19246838180162265
U139,Education,2024-08,0.0,0.7166469300413956,0.7166469300413956
U139,Education,2024-09,0.0,1.2543420531220222,1.2543420531220222
U139,Education,2024-10,0.0,1.5351751276678787,1.5351751276678787
U139,Education,2024-11,1120.0,1.6562653677880719,1118.3437346322119
U139,Food,2024-02,0.0,1.5626775821254273,1.5626775821254273
U139,Food,2024-03,0.0,6.759874166642544,6.759874166642544
U139,Food,2024-04,8873.0,1.9844451122178643,8871.015554887783
U139,Food,2024-05,0.0,19.80078233117963,19.80078233117963
U139,Food,2024-06,0.0,5.874552995069888,5.874552995069888
U139,Food,2024-07,9180.0,0.6161398158268316,9179.383860184173
U139,Food,2024-08,0.0,4.373041982896151,4.373041982896151
U139,Food,2024-09,0.0,4.365461707395681,4.365461707395681
U139,Food,2024-10,3913.0,0.6876284923278924,3912.312371507672
U139,Shopping,2024-03,0.0,1.6125022340293254,1.6125022340293254
U139,Shopping,2024-04,0.0,1.622935799682319,1.622935799682319
U139,Shopping,2024-05,0.0,1.4004335929177936,1.4004335929177936
U139,Shopping,2024-06,0.0,1.3086460102894746,1.3086460102894746
U139,Shopping,2024-07,2712.92,1.3296454101124717,2711.5903545898877
U139,Shopping,2024-08,0.0,0.16959527944127079,0.16959527944127079
U139,Shopping,2024-09,0.0,0.5861334129580116,0.5861334129580116
U139,Shopping,2024-10,1092.27,0.8605431424120444,1091.4094568575879
U140,Bills,2023-11,47640.09999999999,4.39237331356955,47635.707626686424
U140,Bills,2023-12,0.0,8.661024091427551,8.661024091427551
U140,Bills,2024-01,1915.0,73.54360775282736,1841.4563922471727
U140,Transport,2023-06,4324.0,1.2467494947004258,4322.7532505053
U140,Transport,2023-07,0.0,0.2464995274179691,0.2464995274179691
U140,Transport,2023-08,0.0,0.9784940718113655,0.9784940718113655
U140,Transport,2023-09,0.0,0.47015772129886846,0.47015772129886846
U140,Transport,2023-10,0.0,1.6909835725826596,1.6909835725826596
U140,Transport,2023-11,9442.0,1.157861112543395,9440.842138887456
U141,Bills,2023-09,0.0,4.665221876183924,4.665221876183924
U141,Bills,2023-10,0.0,1.4257989587903612,1.4257989587903612
U141,Bills,2023-11,0.0,3.1241614481098763,3.1241614481098763
U141,Bills,2023-12,0.0,3.1808002087834897,3.1808002087834897
U141,Bills,2024-01,0.0,3.4926114860631907,3.4926114860631907
U141,Bills,2024-02,6463.0,2.1158642652680886,6460.884135734732
U141,Entertainment,2023-02,0.0,1.046060205624292,1.046060205624292
U141,Entertainment,2023-03,0.0,0.6664960178633292,0.6664960178633292
U141,Entertainment,2023-04,6453.0,0.6967808652490657,6452.303219134751
U141,Food,2024-04,0.0,1.9844451122178643,1.9844451122178643
U141,Food,2024-05,301.0,1.6356447047143288,299.3643552952857
U141,Food,2024-06,0.0,0.69384131389848,0.69384131389848
U141,Food,2024-07,5667.0,1.1334633437029882,5665.866536656297
U141,Food,2024-08,0.0,0.3931004530337709,0.3931004530337709
U141,Food,2024-09,8723.0,1.1548336369338004,8721.845166363066
U141,Food,2024-10,0.0,2.1573534704150186,2.1573534704150186
U141,Food,2024-11,7573.0,1.042398018344092,7571.957601981656
U141,Food,2024-12,500.0,1.7549833765785916,498.2450166234214
U141,Shopping,2024-04,0.0,1.622935799682319,1.622935799682319
U141,Shopping,2024-05,0.0,1.4004335929177936,1.4004335929177936
U141,Shopping,2024-06,0.0,1.3086460102894746,1.3086460102894746
U141,Shopping,2024-07,2015.46,1.3296454101124717,2014.1303545898875
U141,Shopping,2024-08,0.0,0.2960888231171395,0.2960888231171395
U141,Shopping,2024-09,4237.41,1.6043249068496404,4235.80567509315
U141,Shopping,2024-10,0.0,3.277866190552462,3.277866190552462
U141,Shopping,2024-11,2520.03,1.930879133992252,2518.099120866008
U142,Bills,2023-05,0.0,2.6237742603611762,2.6237742603611762
U142,Bills,2023-06,47099.0,3.2311581233654447,47095.768841876634
U142,Bills,2023-07,0.0,2.644414663231022,2.644414663231022
U142,Bills,2023-08,0.0,0.3649924385822225,0.3649924385822225
U142,Bills,2023-09,0.0,2.4555714721278523,2.4555714721278523
U142,Bills,2023-10,7298.0,2.669782280269477,7295.33021771973
U142,Food,2022-09,0.0,1.218228454058615,1.218228454058615
U142,Food,2022-10,0.0,3.106363099646952,3.106363099646952
U142,Food,2022-11,0.0,1.8572302708777366,1.8572302708777366
U142,Food,2022-12,8248.0,1.7589561936604499,8246.24104380634
U142,Shopping,2022-09,0.0,7.157274444581333,7.157274444581333
U142,Shopping,2022-10,0.0,3.549330677198026,3.549330677198026
U142,Shopping,2022-11,0.0,1.6742505422440779,1.6742505422440779
U142,Shopping,2022-12,3306.47,1.703250397544633,3304.766749602455
U143,Bills,2023-01,0.0,3.4926114860631907,3.4926114860631907
U143,Bills,2023-02,0.0,2.1158642652680886,2.1158642652680886
U143,Bills,2023-03,1614.0,2.949181490600317,1611.0508185093997
U143,Bills,2023-04,0.0,1.2791184797956525,1.2791184797956525
U143,Bills,2023-05,43829.0,2.302757087627526,43826.69724291237
U143,Entertainment,2023-11,6068.0,1.2204648306410655,6066.7795351693585
U143,Entertainment,2023-12,0.0,6.909760611285259,6.909760611285259
U143,Entertainment,2024-01,0.0,0.05570828973204643,0.05570828973204643
U143,Entertainment,2024-02,0.0,0.062092655547753485,0.062092655547753485
U143,Entertainment,2024-03,0.0,0.6664960178633292,0.6664960178633292
U143,Entertainment,2024-04,500.0,0.6967808652490657,499.3032191347509
U143,Food,2023-10,0.0,2.184604656446028,2.184604656446028
U143,Food,2023-11,0.0,1.8572302708777366,1.8572302708777366
U143,Food,2023-12,0.0,1.7589561936604499,1.7589561936604499
U143,Food,2024-01,0.0,1.742605803779599,1.742605803779599
U143,Food,2024-02,0.0,1.78037315686798,1.78037315686798
U143,Food,2024-03,0.0,2.0235869492415324,2.0235869492415324
U143,Food,2024-04,0.0,1.9844451122178643,1.9844451122178643
U143,Food,2024-05,6257.0,1.6356447047143288,6255.364355295285
U143,Shopping,2023-10,0.0,2.046873845516607,2.046873845516607
U143,Shopping,2023-11,2946.0,1.6742505422440779,2944.325749457756
U143,Shopping,2023-12,0.0,1.328303807574731,1.328303807574731
U143,Shopping,2024-01,0.0,1.1728398005314165,1.1728398005314165
U143,Shopping,2024-02,0.0,0.6206252266715668,0.6206252266715668
U143,Shopping,2024-03,0.0,1.6125022340293254,1.6125022340293254
U143,Shopping,2024-04,500.0,1.622935799682319,498.3770642003177
U143,Shopping,2024-05,2256.26,0.5325316014863302,2255.727468398514
U144,Bills,2022-09,9400.0,4.291344653059538,9395.70865534694
U144,Bills,2022-10,0.0,2.380537588520252,2.380537588520252
U144,Bills,2022-11,0.0,1.5740298899593115,1.5740298899593115
U144,Bills,2022-12,26635.0,1.3527380321393765,26633.64726196786
U144,Entertainment,2024-05,0.0,0.48338714037991565,0.48338714037991565
U144,Entertainment,2024-06,0.0,0.6841403631402618,0.6841403631402618
U144,Entertainment,2024-07,0.0,1.0560113112551708,1.0560113112551708
U144,Entertainment,2024-08,0.0,1.8969819601148328,1.8969819601148328
U144,Entertainment,2024-09,0.0,1.3519534554398889,1.3519534554398889
U144,Entertainment,2024-10,0.0,1.3377460388348332,1.3377460388348332
U144,Entertainment,2024-11,0.0,1.2204648306410655,1.2204648306410655
U144,Entertainment,2024-12,4274.0,0.25948874456544024,4273.740511255434
U144,Food,2024-03,0.0,2.0235869492415324,2.0235869492415324
U144,Food,2024-04,0.0,1.9844451122178643,1.9844451122178643
U144,Food,2024-05,0.0,1.6356447047143288,1.6356447047143288
U144,Food,2024-06,0.0,1.5112204884042004,1.5112204884042004
U144,Food,2024-07,0.0,1.4456610593873394,1.4456610593873394
U144,Food,2024-08,3043.0,1.7781663363657025,3041.2218336636342
U144,Shopping,2024-05,0.0,1.4004335929177936,1.4004335929177936
U144,Shopping,2024-06,0.0,1.3086460102894746,1.3086460102894746
U144,Shopping,2024-07,0.0,1.3296454101124717,1.3296454101124717
U144,Shopping,2024-08,0.0,1.8021512413813277,1.8021512413813277
U144,Shopping,2024-09,0.0,1.664443917937822,1.664443917937822
U144,Shopping,2024-10,0.0,2.046873845516607,2.046873845516607
U144,Shopping,2024-11,0.0,1.6742505422440779,1.6742505422440779
U144,Shopping,2024-12,2324.42,1.703250397544633,2322.7167496024554
U144,Transport,2023-04,0.0,1.4756468194099863,1.4756468194099863
U144,Transport,2023-05,0.0,1.3411764251370029,1.3411764251370029
U144,Transport,2023-06,0.0,1.2467494947004258,1.2467494947004258
U144,Transport,2023-07,0.0,1.1507372701204015,1.1507372701204015
U144,Transport,2023-08,0.0,1.5415287071402988,1.5415287071402988
U144,Transport,2023-09,6539.0,1.6540408114498377,6537.34595918855
U145,Bills,2024-03,0.0,2.949181490600317,2.949181490600317
U145,Bills,2024-04,0.0,2.9969170640958853,2.9969170640958853
U145,Bills,2024-05,0.0,2.6237742603611762,2.6237742603611762
U145,Bills,2024-06,0.0,3.2311581233654447,3.2311581233654447
U145,Bills,2024-07,0.0,3.1529627114682706,3.1529627114682706
U145,Bills,2024-08,0.0,2.9311542028026207,2.9311542028026207
U145,Bills,2024-09,0.0,2.802541497730425,2.802541497730425
U145,Bills,2024-10,934.0,2.669782280269477,931.3302177197305
U145,Bills,2024-11,7666.0,1.8727645847689964,7664.127235415231
U145,Entertainment,2023-12,0.0,0.25948874456544024,0.25948874456544024
U145,Entertainment,2024-01,0.0,2.309442154372805,2.309442154372805
U145,Entertainment,2024-02,257.0,1.046060205624292,255.9539397943757
U145,Entertainment,2024-03,0.0,0.3229068415613337,0.3229068415613337
U145,Entertainment,2024-04,0.0,0.2966995269181556,0.2966995269181556
U145,Entertainment,2024-05,6812.0,0.11755111671213637,6811.882448883288
U145,Food,2024-03,0.0,5.798212129333592,5.798212129333592
U145,Food,2024-04,0.0,1.1609766387174076,1.1609766387174076
U145,Food,2024-05,0.0,1.6356447047143288,1.6356447047143288
U145,Food,2024-06,0.0,1.5112204884042004,1.5112204884042004
U145,Food,2024-07,0.0,1.4456610593873394,1.4456610593873394
U145,Food,2024-08,0.0,1.7781663363657025,1.7781663363657025
U145,Food,2024-09,0.0,1.777211949598251,1.777211949598251
U145,Food,2024-10,0.0,2.184604656446028,2.184604656446028
U145,Food,2024-11,1792.0,1.8572302708777366,1790.1427697291222
U145,Shopping,2024-03,0.0,1.0101099396869806,1.0101099396869806
U145,Shopping,2024-04,0.0,2.4505180994570033,2.4505180994570033
U145,Shopping,2024-05,2963.96,1.6147179324537357,2962.345282067546
U145,Shopping,2024-06,0.0,0.8372751282316202,0.8372751282316202
U145,Shopping,2024-07,0.0,0.9945697049170676,0.9945697049170676
U145,Shopping,2024-08,0.0,0.9460191133968272,0.9460191133968272
U145,Shopping,2024-09,0.0,1.664443917937822,1.664443917937822
U145,Shopping,2024-10,0.0,2.046873845516607,2.046873845516607
U145,Shopping,2024-11,602.87,1.6742505422440779,601.1957494577559
U145,Transport,2024-01,0.0,2.0773911431466217,2.0773911431466217
U145,Transport,2024-02,0.0,1.9866871986943244,1.9866871986943244
U145,Transport,2024-03,0.0,1.6569918167578055,1.6569918167578055
U145,Transport,2024-04,8099.0,1.4756468194099863,8097.52435318059
U145,Transport,2024-05,0.0,0.41275645526431776,0.41275645526431776
U145,Transport,2024-06,3982.0,1.7407466366667363,3980.2592533633333
U146,Bills,2024-03,0.0,2.949181490600317,2.949181490600317
U146,Bills,2024-04,0.0,2.9969170640958853,2.9969170640958853
U146,Bills,2024-05,0.0,2.6237742603611762,2.6237742603611762
U146,Bills,2024-06,0.0,3.2311581233654447,3.2311581233654447
U146,Bills,2024-07,0.0,3.1529627114682706,3.1529627114682706
U146,Bills,2024-08,29663.0,2.9311542028026207,29660.0688457972
U146,Food,2023-03,500.0,2.0235869492415324,497.9764130507585
U146,Food,2023-04,0.0,1.2742768918523693,1.2742768918523693
U146,Food,2023-05,4506.0,1.7568596327459653,4504.2431403672545
U146,Food,2023-06,0.0,0.5063903465907806,0.5063903465907806
U146,Food,2023-07,0.0,0.7470272228168731,0.7470272228168731
U146,Food,2023-08,8644.0,1.0187990316469278,8642.981200968354
U146,Shopping,2023-11,0.0,1.9845647275567777,1.9845647275567777
U146,Shopping,2023-12,0.0,1.703250397544633,1.703250397544633
U146,Shopping,2024-01,0.0,1.5772050409505152,1.5772050409505152
U146,Shopping,2024-02,0.0,1.5103530898038673,1.5103530898038673
U146,Shopping,2024-03,0.0,1.6125022340293254,1.6125022340293254
U146,Shopping,2024-04,0.0,1.622935799682319,1.622935799682319
U146,Shopping,2024-05,0.0,1.4004335929177936,1.4004335929177936
U146,Shopping,2024-06,690.97,1.3086460102894746,689.6613539897105
U146,Transport,2023-04,0.0,0.8985096307284943,0.8985096307284943
U146,Transport,2023-05,0.0,0.7249849916748503,0.7249849916748503
U146,Transport,2023-06,0.0,1.2467494947004258,1.2467494947004258
U146,Transport,2023-07,0.0,1.1507372701204015,1.1507372701204015
U146,Transport,2023-08,1661.0,1.5415287071402988,1659.4584712928597
U146,Transport,2023-09,6310.0,0.5082642226319976,6309.491735777368
U147,Bills,2024-04,0.0,2.9969170640958853,2.9969170640958853
U147,Bills,2024-05,0.0,2.6237742603611762,2.6237742603611762
U147,Bills,2024-06,0.0,3.2311581233654447,3.2311581233654447
U147,Bills,2024-07,6722.0,3.1529627114682706,6718.847037288531
U147,Bills,2024-08,0.0,33.6998991259797,33.6998991259797
U147,Bills,2024-09,0.0,3.1932124079780895,3.1932124079780895
U147,Bills,2024-10,287.0,2.1899581129543493,284.81004188704566
U147,Bills,2024-11,0.0,1.9246600484863419,1.9246600484863419
U147,Bills,2024-12,47640.09999999999,1.97949977957794,47638.120500220415
U147,Education,2024-04,0.0,1.7368249089312409,1.7368249089312409
U147,Education,2024-05,0.0,0.7272810883316696,0.7272810883316696
U147,Education,2024-06,0.0,0.2125562004104604,0.2125562004104604
U147,Education,2024-07,8270.0,0.19246838180162265,8269.807531618198
U147,Education,2024-08,885.0,4.711037880375939,880.2889621196241
U147,Education,2024-09,0.0,0.20077666198332728,0.20077666198332728
U147,Education,2024-10,0.0,0.2830831784331893,0.2830831784331893
U147,Education,2024-11,2247.0,0.7896281822511053,2246.210371817749
U147,Food,2024-07,0.0,1.4456610593873394,1.4456610593873394
U147,Food,2024-08,0.0,1.7781663363657025,1.7781663363657025
U147,Food,2024-09,0.0,1.777211949598251,1.777211949598251
U147,Food,2024-10,0.0,2.184604656446028,2.184604656446028
U147,Food,2024-11,0.0,1.8572302708777366,1.8572302708777366
U147,Food,2024-12,707.0,1.7589561936604499,705.2410438063396
U147,Shopping,2024-02,0.0,1.0136328644331263,1.0136328644331263
U147,Shopping,2024-03,0.0,2.0657535938377456,2.0657535938377456
U147,Shopping,2024-04,0.0,1.622935799682319,1.622935799682319
U147,Shopping,2024-05,0.0,1.4004335929177936,1.4004335929177936
U147,Shopping,2024-06,0.0,1.3086460102894746,1.3086460102894746
U147,Shopping,2024-07,0.0,1.3296454101124717,1.3296454101124717
U147,Shopping,2024-08,0.0,1.8021512413813277,1.8021512413813277
U147,Shopping,2024-09,4222.6,1.664443917937822,4220.935556082062
U148,Food,2024-05,0.0,1.6356447047143288,1.6356447047143288
U148,Food,2024-06,0.0,1.5112204884042004,1.5112204884042004
U148,Food,2024-07,7503.0,1.4456610593873394,7501.554338940613
U148,Food,2024-08,0.0,0.7586134298125731,0.7586134298125731
U148,Food,2024-09,2460.0,2.1654367166119965,2457.834563283388
U148,Food,2024-10,3087.0,0.9285517148609261,3086.071448285139
U148,Shopping,2024-02,0.0,1.5103530898038673,1.5103530898038673
U148,Shopping,2024-03,0.0,1.6125022340293254,1.6125022340293254
U148,Shopping,2024-04,0.0,1.622935799682319,1.622935799682319
U148,Shopping,2024-05,0.0,1.4004335929177936,1.4004335929177936
U148,Shopping,2024-06,0.0,1.3086460102894746,1.3086460102894746
U148,Shopping,2024-07,2296.04,1.3296454101124717,2294.7103545898876
U148,Shopping,2024-08,0.0,0.21302190580719874,0.21302190580719874
U148,Shopping,2024-09,740.36,0.546066481282006,739.813933518718
U149,Bills,2024-04,0.0,2.9969170640958853,2.9969170640958853
U149,Bills,2024-05,0.0,2.6237742603611762,2.6237742603611762
U149,Bills,2024-06,0.0,3.2311581233654447,3.2311581233654447
U149,Bills,2024-07,0.0,3.1529627114682706,3.1529627114682706
U149,Bills,2024-08,0.0,2.9311542028026207,2.9311542028026207
U149,Bills,2024-09,0.0,2.802541497730425,2.802541497730425
U149,Bills,2024-10,0.0,2.669782280269477,2.669782280269477
U149,Bills,2024-11,1954.0,3.1241614481098763,1950.8758385518902
U149,Bills,2024-12,17186.0,2.4992285140983594,17183.500771485902
U149,Education,2024-01,0.0,17.20703867240113,17.20703867240113
U149,Education,2024-02,0.0,0.697188641373282,0.697188641373282
U149,Education,2024-03,0.0,0.1664965046631674,0.1664965046631674
U149,Education,2024-04,0.0,1.7368249089312409,1.7368249089312409
U149,Education,2024-05,6736.0,0.7272810883316696,6735.272718911669
U149,Entertainment,2023-12,0.0,0.25948874456544024,0.25948874456544024
U149,Entertainment,2024-01,0.0,2.309442154372805,2.309442154372805
U149,Entertainment,2024-02,0.0,1.046060205624292,1.046060205624292
U149,Entertainment,2024-03,0.0,0.6664960178633292,0.6664960178633292
U149,Entertainment,2024-04,0.0,0.6967808652490657,0.6967808652490657
U149,Entertainment,2024-05,0.0,0.48338714037991565,0.48338714037991565
U149,Entertainment,2024-06,8065.0,0.6841403631402618,8064.315859636859
U149,Food,2023-11,0.0,1.8572302708777366,1.8572302708777366
U149,Food,2023-12,0.0,1.7589561936604499,1.7589561936604499
U149,Food,2024-01,3726.0,1.742605803779599,3724.2573941962205
U149,Food,2024-02,0.0,0.4006018370429494,0.4006018370429494
U149,Food,2024-03,0.0,2.393313408960474,2.393313408960474
U149,Food,2024-04,0.0,1.4844612395867256,1.4844612395867256
U149,Food,2024-05,0.0,1.6356447047143288,1.6356447047143288
U149,Food,2024-06,880.0,1.5112204884042004,878.4887795115958
U149,Shopping,2023-12,0.0,1.703250397544633,1.703250397544633
U149,Shopping,2024-01,1023.03,1.5772050409505152,1021.4527949590495
U149,Shopping,2024-02,0.0,0.5017755288629813,0.5017755288629813
U149,Shopping,2024-03,0.0,1.8170758426158446,1.8170758426158446
U149,Shopping,2024-04,0.0,1.7419191554552502,1.7419191554552502
U149,Shopping,2024-05,0.0,1.4004335929177936,1.4004335929177936
U149,Shopping,2024-06,5140.71,1.3086460102894746,5139.4013539897105
U149,Transport,2023-03,0.0,1.6569918167578055,1.6569918167578055
U149,Transport,2023-04,0.0,1.4756468194099863,1.4756468194099863
U149,Transport,2023-05,5933.0,1.3411764251370029,5931.658823574863
U149,Transport,2023-06,0.0,0.7335161081104156,0.7335161081104156
U149,Transport,2023-07,6880.0,0.7965549622103876,6879.20344503779
U150,Bills,2023-07,0.0,3.1529627114682706,3.1529627114682706
U150,Bills,2023-08,0.0,2.9311542028026207,2.9311542028026207
U150,Bills,2023-09,0.0,2.802541497730425,2.802541497730425
U150,Bills,2023-10,0.0,2.669782280269477,2.669782280269477
U150,Bills,2023-11,0.0,3.1241614481098763,3.1241614481098763
U150,Bills,2023-12,2166.0,3.1808002087834897,2162.8191997912163
U150,Transport,2023-01,0.0,0.3533251120182084,0.3533251120182084
U150,Transport,2023-02,0.0,0.9165302649483191,0.9165302649483191
U150,Transport,2023-03,1248.0,1.2382778383492896,1246.7617221616508
